,SmallLowOver,SmallMiddleOver,SmallHighOver,BigLowOver,BigMiddleOver,BigHighOver,SmallLowUnder,SmallMiddleUnder,SmallHighUnder,BigLowUnder,BigMiddleUnder,BigHighUnder
2000-01-31,0.18495818865430147,0.13837999473200835,0.09490784118854934,0.22824923594487934,0.12479486845749665,0.07814217973363724,0.12080605532165811,0.14083351822283352,0.15797115618682023,0.13898939285608058,0.1319974860538209,0.16991497645427822
2000-02-29,0.15062536785502578,0.1607530970956066,0.1399147762348476,0.13903563764790317,0.0991240253337895,0.08762810396843457,0.17997086627239223,0.14701855486158255,0.11824689388759935,0.08477529792258642,0.11026833929411772,0.1311876159177936
2000-03-31,0.0863063359945786,0.1331199102717915,0.15235548707416213,-0.019266278127127112,0.07202004197699075,0.07465120604610309,0.11291678146783757,0.15006748208106258,0.11539227794615847,0.042510204046184,0.05594009341629924,0.01860340805289895
2000-04-30,0.00016343883206104692,0.02421203253761095,0.051660644528239485,-0.00490033868166484,0.015311515746102566,0.04893182805241825,0.01304497595234655,0.021015230776536775,0.049683915641441256,0.06947350050451706,0.022099808808602184,-0.005908633045730638
2000-05-31,0.05525730082291447,0.06099191916853752,0.028400229278162215,0.021115276785475645,0.023688422883965776,0.013398529597198783,0.05527862511068937,0.04754793977981442,0.04880087524960475,0.03263557710772136,0.015168353313189886,0.016882597805319755
2000-06-30,-0.019306233705738363,0.039771179459467065,0.05832286796695141,0.0035199155434235685,0.012162145340644193,0.05380074787685252,0.03961203075106323,0.02700911643060655,0.01715265642951347,0.034761875260038044,0.024582172080682474,0.016379956332598145
2000-07-31,0.05336630230302575,0.059867607412303014,0.044362559257604905,0.04529249476371411,0.05105111616141689,0.035236675852868604,0.06495820328073165,0.055892739138507785,0.03843042481249581,0.06730836275112262,0.04080915715953015,0.029446193533008147
2000-08-31,0.01136941715132278,0.014398091696055992,0.01571936152694864,-0.0242553728248891,-0.020235761755088677,-0.004766027579673815,0.006768510916314696,0.017021242522839986,0.017302620666700852,-0.023442865981369243,-0.025960145595086415,0.00038246708183531375
2000-09-30,-0.024123747325129785,-0.022817915353368523,-0.05174587285964061,-0.05354582103204375,-0.060504078750137746,-0.06447836013588115,-0.029427847750656766,-0.02966806435594027,-0.03305994740143137,-0.0750724903001666,-0.05715343750708757,-0.05035063998513922
2000-10-31,0.03840707511191033,0.056347688905988846,0.04927146595859466,0.016977055046146328,0.018022759972698532,0.012149306815050442,0.0508380916899378,0.05205750151966315,0.03929483966682623,0.017760208027193913,0.022083587443414876,0.007478860001687293
2000-11-30,0.046315607470993614,0.07227397377825096,0.0801100411375002,0.028407833852450715,0.06457185074914396,0.06875752712910654,0.057427238470411535,0.0718980990882061,0.0651946631032152,0.04757228347763154,0.05922156567065051,0.06362844999917283
2000-12-31,0.011988954091399995,0.006671239600715362,0.024227379473712896,-0.010512976357999526,-0.010778143797118056,-0.01672228968817613,0.013257438914761055,0.015853898682401946,0.009139250260680631,-0.012355589893176977,-0.014463637826427345,-0.011255382359617205
2001-01-31,-0.03455068729418653,-0.012270698970950789,0.0155572045623118,-0.037305037943904606,-0.009230598210030028,0.013029978208853654,-0.008556318304095645,-0.008621143250943764,-0.01972601915736838,-0.010011093165813723,-0.0029082055109466154,-0.00826928155178197
2001-02-28,-0.06994964131436254,-0.06433767764162102,-0.06248945520428284,-0.0527995629575857,-0.05508190121163681,-0.05658383240506981,-0.0678059533962474,-0.06511854683844842,-0.06329232545532593,-0.062032337513367675,-0.05112607982317974,-0.05280739036312787
2001-03-31,0.09365818304683748,0.09113247092715682,0.08114236824720678,0.06989413399685396,0.06674760165633309,0.05992882462386118,0.08526948999629513,0.08571147895764009,0.09441237720872797,0.061122864481855554,0.07254471038101906,0.06162898070562872
2001-04-30,0.01700152820007017,0.007347019993114046,-0.0028770623671156015,-0.005003623863747864,-0.011304738794049696,-0.020928390343589398,0.016306269143663288,-0.00018747458966161812,0.006126264278952354,-0.007959893614729152,-0.017722458162247712,-0.010184156222556306
2001-05-31,0.08480580156161754,0.06549770450111847,0.05672053975046332,0.047636863288064824,0.019495493525301777,0.0069527301274421305,0.0780838269850972,0.06361301752868265,0.06461366604558627,0.024093058466668538,0.02160094384990674,0.021164314313244503
2001-06-30,-0.015168920745097458,0.013173967653161256,0.03540628298714954,-0.02955291392788517,-0.002530017746024127,0.019360873194356865,-0.0012218447084283435,0.011021673322787251,0.016384582023441174,-0.012319679306335374,-0.00684317919886368,0.01721726241575694
2001-07-31,-0.13425342668762597,-0.13469097064258817,-0.1284752285779126,-0.14243284758053854,-0.11850294752161739,-0.13953282077201046,-0.13339824583426263,-0.13390334147671556,-0.13138138234376961,-0.12160437476716868,-0.1380922901591145,-0.1350285848343742
2001-08-31,-0.020609513742821273,-0.03038940360357234,-0.02974499686219867,-0.04107590255341831,-0.04143779635279987,-0.0374976256158831,-0.033257237104733606,-0.029661377580541992,-0.017717197353114167,-0.0553396128170669,-0.040094578098347156,-0.02725483451398847
2001-09-30,-0.07568545114899916,-0.057977682411126996,-0.04547929082003177,-0.05219903009480886,-0.03343250902795747,-0.039470935694622344,-0.06756105579440297,-0.05927230538805195,-0.04782436202826179,-0.04622501336518681,-0.043921508702048695,-0.03299087260952138
2001-10-31,-0.07384394581391784,-0.05869182210863122,-0.05446314413949638,-0.03915335317855617,-0.050289142153907784,-0.03051544411294793,-0.061165646623380865,-0.062176796562627534,-0.0593368626804327,-0.04036583575571395,-0.03593646695859998,-0.04857972862931237
2001-11-30,0.04717993501137685,0.06339780020245267,0.07112421392075041,0.014133316776232974,0.036055882032715925,0.05513025329092036,0.06305122496831017,0.06267481802684904,0.05627379615130157,0.029455916115425085,0.04151140677827625,0.03238878717893745
2001-12-31,-0.08957231847671066,-0.07681839246023958,-0.057012752832044766,-0.09362149489790728,-0.057470884962851576,-0.037331935708602604,-0.09869962729401838,-0.07283284390068812,-0.05264761845008281,-0.09139946515191077,-0.06548044187688573,-0.02727653979762401
2002-01-31,-0.1395256728286537,-0.1336091676620339,-0.14449834958828722,-0.09356137102576267,-0.08678884023954037,-0.09535334350714697,-0.157278081937267,-0.1328922135464531,-0.12077043931309617,-0.11744327171943958,-0.09597008690768383,-0.0738539178527916
2002-02-28,0.04766464311951979,0.04112261532628936,0.0366318073750429,0.017468207270130875,0.014999521207049726,0.021711152366179265,0.05319045748839679,0.03858465463769756,0.03152518711792407,0.018445429735690633,0.02199862686669163,0.014340698196118051
2002-03-31,0.09329583055806134,0.09397821322156408,0.08144637608217531,0.057499238086278215,0.0641595935534005,0.05125700727667448,0.09882982531922302,0.08608861837413473,0.08482622624556724,0.06528954284868038,0.054797236937046634,0.056404389948472966
2002-04-30,0.050364471397914334,0.06485003387626675,0.056586626749539626,0.041983747303938834,0.04734343472129021,0.03662211465340759,0.057271488295872475,0.05837780198682552,0.05933400492555019,0.03477673292848449,0.04474774840761597,0.04188668246235716
2002-05-31,-0.0785553113303149,-0.0865865507318605,-0.09401467077196457,-0.07864073393872395,-0.0818944470234877,-0.09113499216148502,-0.08458353691843445,-0.08857435880284192,-0.0836771948482199,-0.08310658872727805,-0.08291846138763026,-0.08875202896184642
2002-06-30,0.08620119074992405,0.11730107540468038,0.1357326651332973,0.11275676512241128,0.1355145841061649,0.169482944368764,0.11773115200455919,0.11260323969807384,0.10234413287835054,0.13773998167088908,0.15050760938907914,0.1360491900812264
2002-07-31,-0.04765225081022828,-0.031865299166500605,-0.02324522726133571,-0.04918720141031507,-0.038672079486102295,-0.03150320324372702,-0.040943991895006304,-0.03222367336354215,-0.024046742848495506,-0.04684622962098994,-0.04456281674261464,-0.03152707221110296
2002-08-31,0.0071124655662244685,0.008207622321913188,0.021135771860126162,0.007176720692976701,0.004529372717696267,0.008107531806889057,0.0021037878292680112,0.014819507934296983,0.019285255589136296,-0.0009103642719050509,0.005728580708062925,0.011451155502293586
2002-09-30,-0.05188888269910752,-0.058003665968131224,-0.05961606266763453,-0.044429135601173786,-0.048979201544362194,-0.05544567451172788,-0.058835595177096245,-0.055719665764738524,-0.05409334315695735,-0.05724845097898845,-0.04892680282625517,-0.04807308267434218
2002-10-31,-0.06390219621859805,-0.06106654117413368,-0.06016611323258725,-0.04141916785782673,-0.04669408421265597,-0.0484654450075106,-0.06564024146721614,-0.060841642473995594,-0.05651430492824472,-0.05077036992395956,-0.04119482941302066,-0.047783232713457524
2002-11-30,-0.09242609700981164,-0.08630489337201508,-0.0820802554260911,-0.05123741292452255,-0.04688588404138805,-0.04479478919551427,-0.09081929579497561,-0.08708420293715435,-0.07913130797032175,-0.06683109568140455,-0.04978654397137272,-0.03887767066802772
2002-12-31,-0.047613264252266974,-0.05128862594298844,-0.058759253670047196,-0.05836316295477195,-0.03864503367683114,-0.055772913846266814,-0.055365047597770056,-0.056398175273632,-0.04063603413345507,-0.06583979777845894,-0.0559373494381602,-0.03932274138394365
2003-01-31,0.09730205931295788,0.1162275961262893,0.1124578104826297,0.04322352683298614,0.08418750031728961,0.12347122429728663,0.12200281857539297,0.10530910576752239,0.09436363548252502,0.10498929353735242,0.07923483497913386,0.0963852557884266
2003-02-28,0.010518195603155256,0.020296151715451627,0.024830396099188246,-0.0018609355521916893,0.01315193704551798,0.00753648173040089,0.019334246237324937,0.017298044188365003,0.01832864492968156,0.00657336470137504,0.005763552409729922,0.008187312840154615
2003-03-31,-0.03780693085219278,-0.03573305893635337,-0.028586749184660643,-0.0061941952820426804,0.004622635551329912,0.005558727099324701,-0.040219023685714284,-0.0346201713818739,-0.025587966040467314,-0.022229441686964835,-0.009706746585235626,0.01991340954931209
2003-04-30,-0.0571447613114372,-0.06775888551681364,-0.05901693793472229,0.045884671733943394,0.009413992370639557,-0.013401369404078878,-0.08207400651819219,-0.05326732516290533,-0.04409286989842298,-7.949994148437334e-05,0.005478207614114217,0.033673856699258486
2003-05-31,0.026032934819760767,0.027179059206718925,0.04535919261346577,0.04774708515631598,0.03896300262762398,0.04617816671650221,0.03396904136968426,0.039728853544147125,0.02292646336019377,0.044330447989543,0.05190320635694756,0.03744151982979349
2003-06-30,-0.09796110385089085,-0.06910820350993963,-0.05484822412707335,-0.08062063015182008,-0.04533285273848342,-0.04394595590287009,-0.07554774419173738,-0.06789748882919822,-0.06491006226636276,-0.08946989367668157,-0.07077024239046747,-0.04067392122365132
2003-07-31,-0.048244045892162135,-0.04136618519485491,-0.038089318586920884,-0.0007920985945549797,0.0029706087547594073,0.0026897172191684415,-0.047736337117893934,-0.039041800198763466,-0.03851967014166202,-0.00863199033854567,-0.00013413757054880904,0.006886418685157825
2003-08-31,-0.01776238683943887,-0.017474969413192043,-0.016617346439667835,-0.04653042558865661,-0.038521722363468736,-0.03130268642680856,-0.01834469983067266,-0.020668957643620534,-0.01030839623964841,-0.04327416709566878,-0.03874130169724266,-0.037470667429214344
2003-09-30,-0.06010961433768025,-0.04603101280562816,-0.03963076419443967,-0.04109816815111267,-0.0466167845308485,-0.04116236506398763,-0.05554502427742747,-0.04543065079543129,-0.04369014950073591,-0.05397090801169446,-0.05013428631903183,-0.036092773985108795
2003-10-31,-0.092003032940151,-0.0848014765141144,-0.06408614212169506,-0.0693913618407338,-0.009121166969174754,0.032561952133876026,-0.09675560032034802,-0.07532761271150679,-0.06245103988719658,-0.053260155603236825,-0.037565463248645625,0.026452405597814144
2003-11-30,0.02284914314207942,0.02094893435687739,0.03541356932731676,0.04593004077366891,0.02450751348103508,0.021326183851047453,0.03418068001324426,0.02768144497927283,0.011390821703356924,0.028123770930073455,0.019096731321077698,0.03941374000877618
2003-12-31,-0.06566148016572737,-0.027439548008296066,0.004985668979562208,0.04648972828219411,0.10763469985610152,0.07401964434811914,-0.04405918154119437,-0.0284806635927225,-0.011958106474200703,0.010592409835125771,0.06333143018516929,0.10987447373319026
2004-01-31,0.09001930212726794,0.101336512473992,0.12114197641479407,0.029142490434976187,0.07962900382403859,0.07891339326861102,0.1069806618017255,0.10342426223686019,0.10690550133815369,0.06563857306463383,0.059941845529146276,0.0474153542912803
2004-02-29,0.09803205964684936,0.1079080324006465,0.10103935562782995,0.03864462219417386,0.06667436847332575,0.05757025938968807,0.10460766580323289,0.10799653160312173,0.08880677747028654,0.054734176503012044,0.06253288905911725,0.048653469050063736
2004-03-31,0.04704396822807144,0.04830512643624596,0.05658542657905774,0.021494393776825937,0.03602792279063216,0.05215690358877034,0.05312536720686434,0.0498394963311839,0.042519209704366956,0.026749606134202075,0.02839343382452686,0.04956253859489723
2004-04-30,-0.12152013795675798,-0.10187746988511048,-0.08599187811316522,-0.08514256292933142,-0.08098840586747114,-0.10923827751032689,-0.1244104922866145,-0.09498034479297546,-0.07163165507123836,-0.12489712229321792,-0.09424905256806948,-0.08302164708921689
2004-05-31,-0.009202637245695255,-0.01340954885264134,0.0007656588123166053,-0.01861902548747607,-0.02808427178249362,-0.01894597550263255,-0.009878470206707402,-0.006176042408910676,-0.00937236378377826,-0.013217518577049003,-0.01753540146703403,-0.026664295743689115
2004-06-30,-0.1617765732592955,-0.11783846172953216,-0.11349337658141712,-0.11409658273302448,-0.08491846050001461,-0.09653674199615059,-0.14703826826193922,-0.12325264643309974,-0.11610483035011598,-0.12245503506549937,-0.11905059715541433,-0.0784648453518797
2004-07-31,-0.05342857032849413,-0.027119199645406433,-0.02737665687450752,-0.007795986025688539,0.0035528731231766475,0.0010498673619654397,-0.052626329442989284,-0.030960200756484424,-0.008661268563143532,0.003078802610198217,-0.0013381578390500026,-0.0016760408527685122
2004-08-31,-0.06797267194229628,-0.04351248072585212,-0.025985683014353222,-0.055215243924417456,-0.03159003299768093,-0.005703813200190533,-0.05167019576209053,-0.04069193860640208,-0.03309367127370144,-0.04536867196590044,-0.05491281232908085,-0.016617762734388086
2004-09-30,0.039607006431543024,0.05199461455490573,0.039921585492845635,0.06594873930867151,0.04904890485158342,0.038516515866540146,0.03492813778440418,0.0469459648514472,0.05593937516449099,0.028478867067535107,0.05403603502822807,0.05423038809793934
2004-10-31,-0.0812828271401308,-0.07391651497599849,-0.06394398830160963,-0.03593307591743988,-0.0570319570701161,-0.06151360816882678,-0.0949550377234436,-0.06583221692031527,-0.04093495816803283,-0.04656313488821584,-0.07109312086678721,-0.047404213421210595
2004-11-30,0.03921717353472243,0.05622868882831744,0.07620358686975681,-0.009625758044311539,0.0206227284803997,0.012555839337616836,0.06769276726927731,0.05516981832320367,0.05063664156413883,0.017917125667938683,0.014769641078452356,0.0021195340336304103
2004-12-31,-0.11246203767743812,-0.07853808768386661,-0.061555281759978264,-0.0860451055729492,-0.06701555806396997,-0.037289767719139943,-0.10186502762368399,-0.081862493763455,-0.061639453697369895,-0.08236263398121879,-0.0790096387815129,-0.036407544615128073
2005-01-31,-0.077316589144248,-0.06877489716496321,-0.07216234170336489,-0.0569041876973887,-0.03867867867862007,-0.08453728130452332,-0.07293119226923583,-0.07066441651769007,-0.07368353036019537,-0.06065829982325077,-0.06521831630243335,-0.05226139627191917
2005-02-28,0.10070240219324544,0.10612168016491408,0.11221356186729192,0.09639003068861052,0.08880488189117264,0.1062595083855431,0.10679620656903399,0.10488965637672076,0.10892669075161976,0.10311007735974886,0.08949588501248829,0.09370386545953857
2005-03-31,-0.14373606588419185,-0.14666429407843695,-0.12697507191673207,-0.10658780975766668,-0.07506556421502963,-0.09142305107249993,-0.14865079565590822,-0.13542835344912263,-0.13105027896950494,-0.12403102310657899,-0.1034753091149514,-0.06881806271068802
2005-04-30,-0.11242525775226686,-0.0992181371161922,-0.07674658689595293,0.023137908476038138,-0.033390763260064626,-0.031546376721958924,-0.11280706841887445,-0.09754506633338667,-0.05730978351985616,-0.0510360098141549,-0.01598470550255482,-0.0052182462371065386
2005-05-31,-0.025097325028604955,-0.016217098208354264,-0.007239322815422944,-0.11744602608476373,-0.08255545412446075,-0.07910501172914153,-0.009583933646025056,-0.012147993663309431,-0.03143450320878416,-0.03713791987128234,-0.08008497182234253,-0.11074295010916702
2005-06-30,-0.013121146568852882,-0.004143131883647344,0.0013066276128601562,0.011099134302634095,0.019491006693069357,0.025832570135084776,-0.015516870702021346,0.000410968270834422,-0.0011030752918904652,0.011142238039183239,0.01706277212889651,0.02553524081158809
2005-07-31,-0.0666110808421343,-0.09326532776725094,-0.09018683226604285,0.05802591517543565,-0.016993018486956668,-0.041340027892900366,-0.10254102437899637,-0.08255686804982276,-0.05305998891025965,-0.05497787688024014,-0.015535272420444945,0.04416481651684756
2005-08-31,0.1529216763280652,0.18391511170477615,0.184812855348776,0.074332667155802,0.07988979359872883,0.08050681490252343,0.1916349195968814,0.17163421304734316,0.15750573562884362,0.10942472698236028,0.09498444245988935,0.06009266915667233
2005-09-30,0.012993529638611667,0.028142307782914155,0.013751012101417937,0.007490144921852515,0.0006915859126730428,-0.013229223471594387,0.0051481619638185094,0.022404772146616736,0.03998350185451005,0.0060264998233448,-0.00755388593933104,-0.007964237268372032
2005-10-31,-0.08309447932047187,-0.05523796662659175,-0.05148880521412602,-0.050159571222992305,-0.05418347502013299,-0.05749225677751246,-0.08122835927061245,-0.056236015825055996,-0.0374460078782799,-0.09747028614470554,-0.059837889836609426,-0.046899257041081
2005-11-30,0.002813786562037901,0.024871414711564288,0.043201450609047676,-0.011225003749797069,0.011108500149548561,0.0028851953336535008,0.0245879904606936,0.020856032163441007,0.033077385990381014,0.016948533616862438,0.011227781870665421,-0.0007266673686080471
2005-12-31,-0.013154418698361425,0.012679705064912561,0.026217563377304964,0.06447457911032473,0.08508683385160265,0.052127353713323776,0.002160059921859636,0.008398472911306687,0.019956141723294074,0.031455206906878086,0.08691853583719644,0.0657913779634205
2006-01-31,0.07131561529460773,0.07053918519882552,0.08550056983671506,0.09956695787242165,0.08248186655746337,0.06943528006539434,0.06787270710588134,0.07981881972052407,0.08163863986373321,0.08952957780926352,0.08290926236788088,0.09079650867014277
2006-02-28,-0.01337872603769319,0.029140266847490937,0.058086696970224505,0.022532637623501106,0.05573927778167587,0.03394094701096173,0.050199324861044614,0.025781165457932076,0.008521414803531524,0.04943114157647277,0.03774979965702996,0.040945224102313604
2006-03-31,0.008113791658066694,-0.004884395294664667,-0.0013154814552430727,0.04603001818876895,-0.010610731748356916,-0.012942809238081665,-0.005181781046547096,-0.009170229626757842,0.021395473881274496,-0.017967155862341988,0.01840293986514774,0.012881799767701096
2006-04-30,0.08280182306137784,0.048317551606886555,0.06069946870481946,0.1395979973096455,0.13831797638940002,0.032197263017345046,0.03999250725143355,0.06576199521300996,0.08584748930415431,0.05072224317264751,0.07919880764680332,0.16270548403521334
2006-05-31,0.2476539986214441,0.2679956597602855,0.31862675308086286,0.15990978277577073,0.11715920542556324,0.23211349396506886,0.3143940580453688,0.2648986065825121,0.24486296161754395,0.20599061089073034,0.1589927068413941,0.1172261137711419
2006-06-30,0.033078772643242216,0.07527160879359318,0.10368158372131275,0.009647761810894107,0.04009121936560578,0.01866142117215719,0.06482224981104112,0.07579567467578419,0.07452789550192107,0.018176360760347787,0.02849737772962002,0.020080496745389143
2006-07-31,-0.052000187901831696,-0.03377936871872489,-0.009029139443352485,-0.06915823231765694,-0.07579012374212668,-0.06900556481667153,-0.03874523188162915,-0.03163003184618007,-0.023916236139006286,-0.08282054847463138,-0.07520928996483511,-0.06455689363971939
2006-08-31,0.0344925740144697,0.031466297072116234,0.03690671451985805,0.04751445159873424,0.034730267331429365,0.042503877814020985,0.02426976992168406,0.03614150146832951,0.044648762433063593,0.017848796611561468,0.0466904607990124,0.044055802811230116
2006-09-30,0.03937783579710441,0.055879647657448794,0.05678544354011095,0.03446493497623182,0.05170005970018399,0.04684504662973277,0.03910794636649184,0.0580093094828793,0.05719782497227133,0.04111587600099886,0.04908896328867596,0.04528821932436666
2006-10-31,-0.02162118001937119,0.004652942328171816,0.008821217258126568,-0.00413364011857531,0.036595440315398076,0.057164271182021276,-0.021257666374014272,0.002242219191724182,0.026795265156369208,-0.00971234483583594,0.03961330054685086,0.03422862614480282
2006-11-30,0.004496248290111193,0.01658211236837115,0.00889071343523229,0.18801628489827182,0.16667239047271898,0.08877662272467424,0.006466885610948436,0.008839222721047868,0.020878681708446978,0.10632332303175884,0.1123772251718822,0.20238587738348834
2006-12-31,0.027632645801891842,0.047734153537579926,0.030030870563442225,0.1695098124868899,0.1098588254541808,0.05486265701331017,0.017602981931449824,0.044783302478103026,0.05197727060054924,0.0746316943754255,0.16360720180093735,0.16325445932983262
2007-01-31,0.23834753145317888,0.25280585034035696,0.2702491948687833,0.14183511824161887,0.21003773832146289,0.24122281608640428,0.24837261576049263,0.2684925532693958,0.24849601626613071,0.20137493582956756,0.16279925736569778,0.17142244356476177
2007-02-28,0.19392060728674898,0.21582267095549867,0.24356500812727755,0.06670339456048935,0.037947985415205165,0.16805069529979044,0.23056425224021204,0.21453085735491562,0.2132646787642718,0.1990535504998341,0.10298437578576514,0.027257974756181858
2007-03-31,0.2006678051221833,0.1948655873338918,0.20093479454579422,0.0808281964017672,0.10460097794033119,0.09999254925144951,0.20620331806574344,0.21341900702051042,0.15082367636390792,0.16483432079060134,0.10598514874550924,0.08238795994814785
2007-04-30,0.338096146454699,0.3735280840228754,0.35136572925872667,0.33252172137407876,0.32688376525888097,0.22185466066649906,0.3446890809731762,0.359077934122378,0.3728247913714964,0.3340697743618406,0.28332868790215415,0.24617629983126843
2007-05-31,0.05662586662248259,0.05353919111010974,0.09089905777146123,0.07939027635729934,0.11807608691727278,0.16911748953696892,0.06339848087643074,0.07063840766284613,0.05898247774473231,0.11690119169795521,0.10477505883217364,0.1549350888696992
2007-06-30,-0.18941832461806718,-0.2070230906146402,-0.19534697652704935,-0.08529893473720018,-0.08515064582099019,-0.04107187467967721,-0.21920937137632945,-0.20008464432278483,-0.16228874748016164,-0.12752781441228545,-0.06997537513816798,-0.0589936106284904
2007-07-31,0.22525100140671706,0.2765863189388762,0.333233122655058,0.206959044274458,0.18482580753478328,0.16303646303395736,0.2758252957802785,0.28329169559281553,0.294527796804392,0.20517888715785393,0.1944732901702071,0.17071341590685263
2007-08-31,0.06265666092310718,0.10963224306344999,0.1303954184184135,0.14442073284044277,0.17750228270467527,0.13846370249712958,0.10358434324154797,0.1077591617596898,0.08361440058796799,0.1301195255095291,0.16209023508827913,0.15460074479007435
2007-09-30,0.03147193434467588,0.03993987287597256,0.04248406702034879,0.06849026857325069,0.04086380789961508,0.1391521913931606,0.033513107286331945,0.0401643079706786,0.04496858525425251,0.028726468055590537,0.046924759047697995,0.10727232351674054
2007-10-31,-0.12953583038641092,-0.12809191524900687,-0.11259980651678025,-0.06934547566411531,0.07826270000960589,0.09348867397924199,-0.13344569861011102,-0.12515790066626375,-0.09719542513245438,0.07303768640722641,-0.005846805640532415,0.04980526452523781
2007-11-30,-0.0718867495262987,-0.046467695350114635,-0.01805486836632897,-0.16656375814008373,-0.13417734467780285,-0.07894053993057326,-0.036183504121089505,-0.04386612348920882,-0.04134458995984036,-0.15528673153755546,-0.13468711558296487,-0.15972096934393576
2007-12-31,0.2046741271628174,0.21310805819919976,0.20925770690212575,0.15450785969031067,0.10670405619713397,0.12148640136511246,0.19556400285312936,0.20954510484249012,0.2328403508074488,0.07590635529669876,0.10364120844008151,0.15959832522271467
2008-01-31,-0.08105801892694964,-0.07205398384797157,-0.030646730258374277,-0.09513360102424395,-0.15326257648802544,-0.16507478828479505,-0.05608676542463564,-0.06207045378222065,-0.06703280177447135,-0.15275163949688775,-0.1471738783235862,-0.14365390424601143
2008-02-29,0.13048509662982255,0.1081581872580284,0.11353338622774922,0.016425707518144428,0.013240409404629006,0.0208423687068795,0.12006242942346868,0.12069959845547351,0.10043885189161639,0.02180992803233206,0.02040156925385439,0.012709590343362054
2008-03-31,-0.18418244148900376,-0.19912924799964327,-0.1665940584404928,-0.224349675029195,-0.20302684035567464,-0.16489366861621513,-0.1804763244783778,-0.18177147815312567,-0.1978084118966511,-0.12313712385304532,-0.18231348854133966,-0.23538473555854666
2008-04-30,-0.08111474981859101,-0.07589340801668698,-0.05659103591339543,-0.010312673226502533,0.11020099068795441,0.026955256912130743,-0.08810774131428956,-0.07638553512016377,-0.029884669239966133,0.03634249186085259,0.0702746807505259,0.06855460045609862
2008-05-31,-0.02944068217809337,-0.022080278140931275,-0.003625603885956452,-0.10371289682287022,-0.0684048219004737,-0.06913191308802691,-0.02141916451089443,-0.018316932491290072,-0.005760288667158608,-0.09074343831847986,-0.08987549312187348,-0.05603754110926917
2008-06-30,-0.26451034974067766,-0.26594995311190817,-0.25058797321878756,-0.2064952860225322,-0.22251372357711274,-0.19259808836379355,-0.27731905713914407,-0.2530792083920367,-0.24751684384594086,-0.24681140928586853,-0.19714484733302784,-0.20403645138975812
2008-07-31,0.09376374047963743,0.12005787132837664,0.12119339144863184,0.02350808072156263,0.033178756128988685,0.021019018691737834,0.10027615875666629,0.12084721800363174,0.11930222807610402,0.04117629587324134,0.022408765195850222,0.02667351423606945
2008-08-31,-0.2412067335275886,-0.2310357002628307,-0.20869951703532674,-0.14778728622350623,-0.1493073667443915,-0.11690122072088271,-0.23350121570009275,-0.2241969582797747,-0.22794986464581657,-0.1781062373244553,-0.09030488648621016,-0.18025263244177903
2008-09-30,-0.1064886460508393,-0.07383366267534464,-0.06629406609100819,-0.05682797461895617,-0.054177372540869406,-0.05480540228801101,-0.08637389316987598,-0.07605802029187458,-0.08293615793672238,-0.04314347567201404,-0.060493877817639485,-0.04979207541060071
2008-10-31,-0.2834396546838567,-0.25030068126665483,-0.23541470009227405,-0.2781312123242903,-0.24914349755651566,-0.25727175023632454,-0.2638289253704702,-0.26263672631844615,-0.227776180462817,-0.25549101365316595,-0.25094205722919827,-0.2698134731024384
2008-11-30,0.20901769945722548,0.23972228640299287,0.22471103323799424,0.04374890685415411,0.09083260964192075,0.20061542174264746,0.2646628907258892,0.21067254057561136,0.2071911726582738,0.11872757996656347,0.08021164323586616,0.07482085184388021
2008-12-31,0.054014694329526325,0.07015578139841039,0.0978814165527706,-0.008073004684843843,-0.01725910233765915,-0.041800661138822415,0.06634881893321243,0.059075389900184794,0.10014949175560695,-0.04735457469697213,-0.03854107211290503,-0.018689237072748943
2009-01-31,0.13487198413116053,0.17807249250401402,0.18941732544258305,0.15682715022988636,0.11092855906163313,0.06825778077922995,0.1649042990328522,0.16647106981706727,0.17347472669731445,0.15185129787045581,0.0961715406330026,0.05669375480667904
2009-02-28,0.0653352536359797,0.08440656374786104,0.13674750090625531,0.025743086116368996,0.04112109687110288,0.048429032779607306,0.10916883694079371,0.08904228114017454,0.0880363159394526,0.07318798564079643,0.04718776645333378,0.03116013279004015
2009-03-31,0.21802047488343423,0.24033864995528953,0.2363460206171042,0.22548791612873176,0.17568606178074342,0.11003731378548331,0.24161985731454183,0.23095477010150267,0.22632578754258192,0.16401504978364323,0.1345868171861957,0.11438304507708996
2009-04-30,0.06433667632318096,0.07867807528775761,0.09526017612990345,0.04211007664061994,0.03600912996047145,0.04404566066947102,0.07145893124173619,0.07981609140165458,0.08594168032027683,0.026025760546673826,0.04709804407173257,0.05081946705567453
2009-05-31,0.06906605084625883,0.09074692518399541,0.096305902938713,0.03887850276229465,0.05171087400027008,0.06767609958982534,0.10726340105721643,0.09391154075307084,0.05765512694281649,0.04895657265363518,0.09531906326898087,0.02499037516234126
2009-06-30,0.04521740709219002,0.05258124364422656,0.06374290863059073,0.10257833927153581,0.1096606440060448,0.18937745807121176,0.06804090047460076,0.050411981480424695,0.0445608011401617,0.21661019810466842,0.11536816988003928,0.05970565088929414
2009-07-31,0.1322780980257494,0.14529480320631416,0.14593610762645537,0.15115190930859734,0.15490197494757463,0.16134748512699715,0.16519906322403188,0.13716932789104974,0.12887028270255274,0.1715901083061928,0.12479857522818216,0.16330311389958418
2009-08-31,-0.14322470214997463,-0.15487655250472276,-0.1369154124534473,-0.2491766607361836,-0.225962060525421,-0.18985509741037776,-0.1716880788418681,-0.1387280094881561,-0.13468416003839168,-0.2260410840634942,-0.22152297649934516,-0.199940048101098
2009-09-30,0.006758503798034443,0.05227619618922996,0.05786136143384302,0.04431470120445624,0.050509876101953566,0.052368794962969645,0.024494911890553084,0.03882279067189898,0.0557612380551018,0.05494502823150271,0.05612160799213406,0.04124728514691234
2009-10-31,0.13358903559943403,0.11968263222467157,0.13144680521833862,0.11454229042007125,0.1019884248562033,0.058185395893420644,0.10779498066194804,0.13021006555921133,0.1426278893048898,0.07018362461091376,0.07921353586748925,0.08965976182238689
2009-11-30,0.13772342188592335,0.179373669661391,0.18977686430715313,0.08080509996309626,0.0643126585508802,0.054170526704505395,0.15955577094013562,0.181784233336302,0.16346654846073982,0.05740044903329333,0.04822590624022949,0.09965949317109946
2009-12-31,0.02022028233091122,0.042314107323284,0.06436510472151613,0.001339811215011144,-0.0011585911045689512,0.038128703968465016,0.030761600901780373,0.038076508978096335,0.05267829125037493,0.029469758003599855,0.02767963559624853,0.02430845707144469
2010-01-31,-0.02272747610127257,-0.015599262664842906,-0.023601758116814753,-0.10513377042415728,-0.10992718441047744,-0.08093186982854295,-0.028412773019404147,-0.0221219882152639,-0.009231066236563668,-0.08363654619998506,-0.0957747268265513,-0.10306372735983982
2010-02-28,0.07346485190511998,0.06756504675760056,0.07204144022860559,0.05132674721463504,0.03249725978051354,0.00922490075218696,0.07468461235324675,0.07473573300958747,0.060540991789747034,0.026734208038621032,0.009280629501691395,0.026910332474611165
2010-03-31,0.019583426982719754,0.05325469806721328,0.05632915076597622,0.01316989035826821,0.024329703502183886,0.012412264164442632,0.043352242251107675,0.044591219866466636,0.04140360502300533,0.019305718913562808,0.011804850918450072,0.018802082397351594
2010-04-30,-0.08505776696948364,-0.05920241127469417,-0.05971227036152427,-0.07849215840544843,-0.09328171246837658,-0.07265345933222322,-0.09212786833918074,-0.07328571133059558,-0.03462727320094072,-0.11879578077138853,-0.08088940126277766,-0.050488241958325575
2010-05-31,-0.06459341230346172,-0.09193943712989794,-0.09966791032851707,-0.044227459669556435,-0.09025996815830684,-0.08956487397932444,-0.096727938501592,-0.08448332586323615,-0.07122474764261066,-0.1049168074392437,-0.0714085969822068,-0.09197159670711885
2010-06-30,-0.1155851644422764,-0.09597458106671408,-0.08126900062337916,-0.11414198239157247,-0.06470208550009826,-0.05939520807225518,-0.10251338524831266,-0.09164766263213886,-0.09651440394521271,-0.07879643169142547,-0.07504235438978268,-0.0544221402269518
2010-07-31,0.15516514234184942,0.17656355106656352,0.17786818055847253,0.12552748673869574,0.10517757563973817,0.10250520437160482,0.17524260107537049,0.16825576233634365,0.16930154299035505,0.1350567804889733,0.10621638840470671,0.0923516029218081
2010-08-31,0.11198177222742989,0.11057759479346463,0.0923142012492133,0.0746244291056013,0.05258164737641957,-0.03154787135659065,0.08819336569298875,0.1047747720466381,0.1286356688245751,-0.017224953681856725,-0.013367367953784237,0.03196909342165832
2010-09-30,0.01400272540742109,0.011558139829833003,0.021767317539419073,0.04879456280898564,0.03423814115342427,-0.009996039968244164,0.00304213597886438,0.014214593614992665,0.02967681258058441,-0.004814124545412524,-0.004644675949999066,0.02843850410798887
2010-10-31,0.09144689225619174,0.08229980057822806,0.08932999752004123,0.14855263642556138,0.13593203040825896,0.12172891321793888,0.10009149549513818,0.08182452189385936,0.08060807916042756,0.1834761287160842,0.11122445054474084,0.12106075859662169
2010-11-30,-0.01128486036889731,0.007110513197426949,0.02153754966513599,-0.08567610366397671,-0.04874364641304019,-0.04420384348088291,-0.02407646732655111,0.012577686760061324,0.03382073020168197,-0.10071621333317671,-0.05512613903358243,-0.02134316218186938
2010-12-31,-0.0441881853707633,-0.02092344929502732,-0.017262972428869428,-0.03393607673113774,0.012601686411803481,-0.005371597206563217,-0.029926335061836395,-0.0268000889780724,-0.02264910007420695,0.0062425273994830555,0.0007174598789601028,-0.017997920715936533
2011-01-31,-0.06597751640873983,-0.043870215047373984,-0.032740108175408844,-0.07208379266216158,-0.022089390182161384,0.019319877300599808,-0.03416608112195818,-0.052156149362245885,-0.04879450832518939,-0.01045680141557881,0.0016662458631833132,-0.06475087410878588
2011-02-28,0.11404953607379498,0.11262611815065982,0.1009349575462386,0.06255950736196114,0.04286040844551975,0.024727255950052207,0.11137720828088216,0.10686816677406563,0.11016140040743805,0.04610170345684761,0.024308792775287635,0.07509715378218274
2011-03-31,-0.024532843415377203,-0.00236805307727328,0.025618467129539413,-0.038270268316252354,-0.03627578097182704,0.030494520328285812,0.026018075426896603,0.0015453454174390036,-0.029329027414767617,0.008438787858299213,0.0033641586253174705,-0.019728710536116578
2011-04-30,-0.03946835678987537,-0.03641611649464671,-0.03627325399532122,-0.03539935500184377,-0.014868047627842329,0.010128981801763803,-0.03315581777902976,-0.04231413439335341,-0.03360708870735685,0.004637484119412338,-0.007898062187736365,-0.009954428994723874
2011-05-31,-0.06428500847388352,-0.06288563250277546,-0.07340079348842465,-0.07812108024152542,-0.060593096530993096,-0.04796408459535639,-0.06563692562737833,-0.06536488214844871,-0.06897741044170358,-0.058962642733962345,-0.05676532373942589,-0.05741067963985569
2011-06-30,0.02954872405706288,0.03842160976895115,0.03465759556249304,0.041989731836811206,0.037788583987716784,0.009447103693847936,0.026063349703655314,0.03211379068942688,0.04817221269476901,0.011980046576215209,0.006061076243893515,0.05260791301527812
2011-07-31,0.00419676795522439,0.026551955007578343,0.018095461424348924,-0.015573004486763242,0.0029948200635192546,-0.032298958739232275,0.012102288089379742,0.012329577931004199,0.03224333187345563,-0.037383942091653743,-0.027076511905281264,-0.0014568529552887455
2011-08-31,-0.035393189692828564,-0.027830346995517785,-0.025758428834129043,-0.04261811987858599,-0.0420295809969069,-0.05144136083710904,-0.03551088580074635,-0.03172241906874984,-0.01856363499230551,-0.07015888001612092,-0.04796568777060728,-0.0427982443631133
2011-09-30,-0.14232920624832346,-0.12116009161774377,-0.09755749643594291,-0.13126820691052876,-0.11510810575105324,-0.0553995997368224,-0.12939544982145523,-0.11881456947178215,-0.11642642372409662,-0.10936585783590902,-0.08681022681761685,-0.07124328318453776
2011-10-31,0.04682932230039105,0.043917055406188954,0.04104623968718912,0.020589636867836436,0.05279899990583714,0.05301903754687998,0.0426893337919394,0.042255678675003905,0.04909254925143092,0.05423709179119984,0.06864164211885204,0.02550802574876254
2011-11-30,-0.04441689765321122,-0.0342393277155606,-0.03547538863279742,-0.06146678592718324,-0.05423161808789967,-0.04755556022248075,-0.050962038305815915,-0.029198979404269187,-0.03602266389719644,-0.07901902095676494,-0.04703944005103111,-0.04633923921438132
2011-12-31,-0.1737304507085503,-0.16918254624660645,-0.1488859709925049,-0.10850685635428925,-0.10036038398891833,-0.02455722180346198,-0.1707309935722211,-0.1636192836620648,-0.159822424907489,-0.12658052270432463,-0.09358553517669121,-0.02791922717531059
2012-01-31,-0.031650081257380336,-0.007693481885365672,0.01652962631106991,0.0004575639120889541,0.03545850960150454,0.05389228268079704,-0.016690365058574574,-0.0059941275052638465,0.005558787296020329,0.03849104782699908,0.036450832475283024,0.036282960571160094
2012-02-29,0.138011598773792,0.13931436054818414,0.1401946508541838,0.08878012364519638,0.0802112689697545,0.03425823579234333,0.1560530319011313,0.1408734773490561,0.11796300262689408,0.08808645565796258,0.048852447996245774,0.05965399638088398
2012-03-31,-0.08928099571721848,-0.06611050877653957,-0.06729713185798114,-0.08256942776031873,-0.07354008993485417,-0.05788702774681187,-0.09231477837196289,-0.07160293222158653,-0.0545431260975211,-0.09253852300598875,-0.06157169224848302,-0.05995976471225495
2012-04-30,0.05190368762677644,0.08163661728394644,0.10366193065450768,0.06604260442431786,0.06946830633768664,0.04363406454045049,0.08053439743954494,0.07665436897989997,0.07973106566964328,0.06824499532787298,0.03998395776176222,0.05707595520745312
2012-05-31,0.012237344146585283,0.022139315628188383,0.023167486938813653,0.047520166546692444,0.01971265302902192,-0.027083855082888242,0.014034337190466317,0.019322872401996483,0.025040886268914875,0.024625729983749123,-0.013246898679409758,-0.006518445276440854
2012-06-30,-0.07402399257745795,-0.060266311911560844,-0.0642046740940696,-0.057368015454603016,-0.04985378113620231,-0.035295214943756426,-0.08449744587108898,-0.0696688468168205,-0.037014036172546616,-0.09475405792813363,-0.044945257640372493,-0.027844302812392252
2012-07-31,-0.09406807518684479,-0.09922752181423788,-0.0917022605450184,-0.034947551863393156,-0.06225527150100352,-0.04561688412036724,-0.11986466112241567,-0.09296145636723041,-0.07033742649972752,-0.09134342261034833,-0.05601917758567043,-0.026064034210458553
2012-08-31,0.022272132570816172,0.038658612406260895,0.0372026356878854,-0.05193504925205239,-0.05525429902063106,-0.005265653198225029,0.025419127254638463,0.041406255006251724,0.03132952859800242,-0.05187429625319795,-0.04335502895876364,-0.018304709099313587
2012-09-30,-0.005436367148322296,0.01337459404506447,0.013019318507275113,0.033589126806653935,0.04743085676142855,0.012021088863962026,0.011110897629371674,0.006062074199018275,0.002998318754577234,0.018775200788319735,0.03747478162331608,0.017286885139873753
2012-10-31,-0.00995282033809708,-0.003026499103532032,0.011399843154278777,-0.02351358633848799,-0.027407880259471495,0.009062255943016684,-0.0002017367059790054,-0.0011998693009944716,0.00033900566344780003,-0.02862411159766942,-0.02356882503634239,-0.0006428180969405561
2012-11-30,-0.12910774885427168,-0.11872186725966016,-0.11152456527733612,-0.08980910013607557,-0.07395268633110474,-0.015937156961592258,-0.11814442784031132,-0.12185686737999857,-0.11758659895388446,-0.09644116307850226,-0.03566061869490578,-0.04309593494542352
2012-12-31,0.16193295320903944,0.1663376410430062,0.15572519054807255,0.15011541146856722,0.13547181963803867,0.17119649804342996,0.16231996352192168,0.16180605667741488,0.16025689654242692,0.17709001770579746,0.12549540968814998,0.16907331758328303
2013-01-31,0.05748960993494334,0.07218776208995936,0.07659321493913818,0.039417224351673275,0.055738213676455706,0.05414606106260411,0.059323172866370566,0.06339925081049946,0.08805746763850686,0.04009234573999043,0.059372686829318067,0.04604680961283614
2013-02-28,0.038518672457946934,0.04197013070396616,0.03797038148782628,0.030268991785918464,-0.014277189290814896,-0.01966908241937615,0.03216456443777793,0.03819699183255487,0.048986393171600584,-0.007642960257052245,-0.02376542172541629,0.039821985548699645
2013-03-31,-0.03443053528203366,-0.02709704752343045,-0.03138441942538417,-0.05583084244167824,-0.06379564568704799,-0.04237098243949078,-0.04360456957172831,-0.03205087851069233,-0.014530385400349566,-0.06523981542857393,-0.060052223980680774,-0.02676009597617024
2013-04-30,-0.03670527377837396,-0.03915836130518946,-0.02278654701311411,-0.021794653835833233,-0.026085312106894798,-0.016486955132161918,-0.04918407188890561,-0.032581497041916485,-0.01726319596812831,-0.04798861409542088,-0.013543701800596719,-0.02087351482929689
2013-05-31,0.16531706253418088,0.15877042766839988,0.13779097693680864,0.13142532198919032,0.08026172684583455,0.030618029684050807,0.15204953712118185,0.15838361050250738,0.14871010530389994,0.09892984113068737,0.054158160767999286,0.07077711693835798
2013-06-30,-0.13318788677331095,-0.16789403841298955,-0.17426523248902248,-0.12159775016804464,-0.1383824707497171,-0.1194792942685885,-0.1707861186108821,-0.15872601633126093,-0.14912918639023776,-0.19312441093589572,-0.13745728896035025,-0.09616532250280097
2013-07-31,0.08863868821411769,0.08616615185279386,0.06038085691652251,0.06462987300497591,0.004924998704053163,0.020616591221419567,0.059639600502301215,0.08189169833313259,0.09390383184474849,0.018235816218475476,0.015736152360710465,0.03205065681104302
2013-08-31,0.055039809839487086,0.09108638763794596,0.12443375859446038,0.044308935118436255,0.0531769049458255,0.041313745816972336,0.10548007750022959,0.09120767781001238,0.0757316384455391,0.09016085290295295,0.04226240746966359,0.03738816471648021
2013-09-30,0.04946925666757962,0.06139845293771562,0.050050038396767915,0.07882102113479839,0.06342222535051878,0.02003029473760809,0.042100536911694686,0.052088059739902715,0.07302768203844057,0.05118224089480372,0.03430257330645947,0.042091139973950975
2013-10-31,-0.04752664558888264,-0.017452503867686486,-0.00011148190837240168,-0.08134330523480693,-0.008612260483385814,-0.0009255568583302898,-0.02167888881438007,-0.015186747456126026,-0.027444426997757287,-0.03491674172054049,-0.010186089180335145,-0.02693100543308502
2013-11-30,0.10701162639723316,0.1001516319051241,0.09335333284014524,0.055373391844370845,0.0381778843256797,0.03128656266918051,0.08523923759721441,0.09894034027807463,0.1203883648009505,0.035532063249615886,0.0310991879326612,0.04304276669963669
2013-12-31,-0.05125820470849041,-0.021419737540064876,-0.025203588813126676,-0.05767161912360508,-0.02718013307469669,-0.051312404629185626,-0.042517664606269934,-0.033885697374361756,-0.014232444036735625,-0.05968738733570711,-0.04572445272370762,-0.03504395085177914
2014-01-31,0.07702952304643862,0.03482513406956533,-0.015023194393432249,0.029331809197905345,-0.01363922970552478,-0.05022004665963631,-0.0033225889206595083,0.040079927161368545,0.06909622860026388,-0.052748132226488664,-0.03654389526159885,-0.015361065968138687
2014-02-28,0.034756689230551974,0.05922222500698049,0.040709133347154536,-0.02504611335199647,0.014463814684712917,0.00935039734349341,0.04480717112283927,0.051044914155164545,0.042507637817061905,0.010172953766745874,0.0032180758514746,0.0038609942800811314
2014-03-31,-0.05685925907169609,-0.025265357014227274,0.02354827029708728,-0.07631094671848093,-0.05661416251414353,0.01341385263759065,-0.00789938062884099,-0.019754126681480355,-0.03617264508275764,-0.008534974523234817,-0.00920808287725694,-0.04095144630230163
2014-04-30,-0.026085604334714074,-0.01024315473512527,-0.02172175427496925,-0.010710365748102024,0.00023503753731923815,-0.0032178432001467305,-0.021472411175121664,-0.017238052312593344,-0.01602655284953991,-0.00898130191543911,0.0027448249438408734,-0.007914932845780709
2014-05-31,0.03268317996127812,0.037247163141304274,0.029427392580484213,-0.006721882652898081,0.012596752827654267,0.019632865373559127,0.014980839900146536,0.03746586814838171,0.048167402814367266,0.011592974608321427,0.0106068622670894,0.015741635451054226
2014-06-30,0.05977629007909124,0.0661840459459957,0.04212720789459157,0.029326458355177554,0.021486501134660774,0.019058766931589366,0.04880320236508573,0.05699256161025956,0.06642979481507116,0.018703830023299117,0.01767248184639736,0.032318046094833575
2014-07-31,0.042011154408239104,0.08303659571215505,0.10877203918276201,0.015195346276568822,0.07486224814833142,0.0963077025133483,0.09894807957759122,0.07587344356852865,0.05570047499272279,0.09693295504886756,0.08636926612045914,0.055550943173494405
2014-08-31,0.04788004609963936,0.07158781906188572,0.06852642545977017,0.008027381457172966,0.01666945234103978,-0.0019622768096191345,0.054176587137922505,0.06893736300031472,0.06635190422895465,-0.0024673699858951403,0.0032078795100471957,0.028884646601359032
2014-09-30,0.1458890887446409,0.15759729483386153,0.16116732873156292,0.08618445879283021,0.08348487262301285,0.04443073915536888,0.16467072246145964,0.14977609549824855,0.15191745539407053,0.09017752688681524,0.04431205477947353,0.05732328556783228
2014-10-31,0.005266377331389016,0.015396203409222986,0.023613326555376624,0.004243270488333062,0.010619657454179698,0.025233222371339847,0.018224543558815975,0.00834270110024038,0.01722489692056861,0.03562541399308361,0.01584202966026571,0.0050352094437344785
2014-11-30,0.04413600895884806,0.05997732189927785,0.06284129248047843,0.08506527153176369,0.08441710203605868,0.11106075473028199,0.06804467627748934,0.04401160970445117,0.060526997959011286,0.11316773262031177,0.09833717207748838,0.0723382041113354
2014-12-31,-0.10155096405759478,-0.08091694085823786,-0.0627487078788197,0.25105290019023374,0.2089971477962469,0.13534741678092166,-0.048274418748283754,-0.0796768996934466,-0.10576487702477544,0.27048313482126596,0.15501867212749887,0.030736813050590284
2015-01-31,0.06949802272453676,0.08617829076203809,0.10359320437584674,-0.031223893146711146,0.015922813256622037,0.1102130760620339,0.054753121381452274,0.08559179533694183,0.12263733124017362,-0.02187377567801385,-0.018681090727528216,0.05449072927971765
2015-02-28,0.10201130226182076,0.07657730188931766,0.06342319298268673,0.05566723926333417,0.03755557023322509,0.012279918325032613,0.06809443539773619,0.07799456826733775,0.08947523656545076,0.03305310889769464,0.0232042196236093,0.06560045390457381
2015-03-31,0.2770450364561403,0.23439598468800238,0.2389527031611478,0.18862236520392206,0.155192560105484,0.10250844299661321,0.2427757959028829,0.23107589691026575,0.2739551357953398,0.19669590546014648,0.11430617652049113,0.14932733945392695
2015-04-30,0.14727109782616643,0.16775281131087083,0.17503768763826244,0.17342763396426886,0.17791722437784263,0.14854471851312967,0.16985084920639348,0.1571379300519773,0.1658308925679861,0.14398322615657944,0.18391814280860497,0.14212839382547227
2015-05-31,0.29507455348057143,0.2756931937049203,0.2522889318465973,0.07519655121019131,0.04435029623881537,-0.0018217856458695447,0.22487424485283425,0.2830729127767,0.3237284793203896,-0.0028066770391986795,0.04964796848931674,0.061731252873850284
2015-06-30,-0.19853966234174636,-0.10021955492003443,-0.02038800341179403,-0.1998840324867852,-0.10301787902494575,0.0004699394470308871,-0.10780754699937867,-0.10890948051825522,-0.12941431991676988,-0.005278223639032409,-0.08212752594762573,-0.10406744321584505
2015-07-31,-0.23958744998294124,-0.2046836301649948,-0.1732828136323571,-0.19782595418112048,-0.15032075726846938,-0.10413738140705076,-0.23970688954544894,-0.2053913941173342,-0.17198016165709018,-0.11298071249873487,-0.15421774135649524,-0.14531242140425105
2015-08-31,-0.1631911825611727,-0.13593522207133735,-0.10499233055337709,-0.1792742708956221,-0.1394946386066055,-0.12301437858285846,-0.12564169461577945,-0.1300807240084212,-0.14754095966753822,-0.13696897015785803,-0.12998225468528257,-0.1569938264387707
2015-09-30,-0.02182222540823686,-0.012424837451296522,-0.022554352103377195,-0.07341266282834935,-0.04519075825792496,-0.03294171742182106,-0.02483395877354755,-0.022212796916914024,0.00211810434278048,-0.048280606662101766,-0.04839946429414532,-0.024789713681483083
2015-10-31,0.2646992166898998,0.26949213708403974,0.23017347632773744,0.19526696573578617,0.17502404151558593,0.09179946730782973,0.25114839671766687,0.2637828773262132,0.2551177975834378,0.10086360560653573,0.12352551573397386,0.14008326351828715
2015-11-30,0.13495000396543277,0.13215988389257882,0.0863468712604567,0.038305820518997,0.04594269414543084,0.009220297644671582,0.11240703732080903,0.1295033864684192,0.12601023645729992,0.050171331087546456,0.010938196184989257,0.021210769388237072
2015-12-31,0.04653817718360931,0.10447798835348276,0.10563807921437185,-0.0030607064308368903,0.035304015777533726,0.03526792377945909,0.0928287251847364,0.086260067582,0.07170686227545908,0.018872774340457754,0.01592655320680958,0.05702268611569483
2016-01-31,-0.33069684665802124,-0.30932967571034853,-0.28247542128612535,-0.32674560417738363,-0.27790314279804107,-0.20044743180562097,-0.3105614419638786,-0.31739878585408243,-0.3000028366306484,-0.2417215539686275,-0.2221132831282333,-0.24867423208113248
2016-02-29,-0.024144737079774603,-0.0237299635125493,-0.0038310706263793293,-0.033435336072517696,-0.02380628202007551,-0.016001757862715182,-0.007322862871317004,-0.017667108514303753,-0.031220145404594835,-0.015698166992535234,-0.02691079038061095,-0.019030568302835116
2016-03-31,0.211598341617383,0.22550980833757506,0.2060008608705406,0.15957364793844886,0.15573965959830982,0.11631086350054787,0.20494705625450438,0.22006923395403,0.22174536631238206,0.10039466944774333,0.1402238799963884,0.157393127711561
2016-04-30,-0.01966994219434426,0.009776271709758255,0.011558231787268669,-0.06602732596941896,-0.028401180633112033,-0.01649770785226845,0.010049571125274825,-0.004853846682524754,-8.736986565227589e-05,-0.03441243457384768,-0.025422879933480802,-0.018279649297444966
2016-05-31,-0.03609538518733091,-0.0122369356900639,-0.018731778913945285,-0.0016233669386149785,-0.006366143988242867,0.005027774764824411,-0.03304430079245757,-0.023345429216106717,-0.006941726979251883,-0.004137366719527358,0.0008521661550326964,0.008043619727882811
2016-06-30,0.08626342928090791,0.08158398042061021,0.04742389767000854,0.050042472176093256,0.03733516111546109,-0.0009126010579771915,0.07328620316290935,0.07277028345189418,0.07325093097338975,0.013967990430638899,0.011069721002848087,0.029041404741465993
2016-07-31,-0.0663238925596682,0.00030420508468465,0.032829261036944946,-0.05953259069784078,0.01508785100362453,0.03869423811983319,-0.021867181804443137,-0.010049478796322675,-0.007268530885687241,-0.005894607376504601,0.020299535124528312,0.02781187314848954
2016-08-31,0.04892226421053536,0.05532286851939694,0.06331490250895855,0.014359937360928665,0.034263250814272395,0.04864303097552569,0.06185651745673981,0.05468720584707376,0.05161588501117964,0.045918053391510005,0.03819728452953797,0.028838194651288118
2016-09-30,-0.0015925269633446648,0.0026943930719818265,-0.0047636216836396406,-0.030309282556887696,-0.025090102292803285,-0.023466356397542465,0.0015025082275885726,-0.0007309188420506763,-0.002917733057919203,-0.031194334813040125,-0.021878775483972435,-0.02232113283166315
2016-10-31,0.040993671502287166,0.0458790145325354,0.041879322808237474,-0.0024918552708542707,0.02373104073700505,0.028182912269201665,0.03918241260199462,0.04369879667064658,0.04634771608663324,0.021484537446942564,0.025559667592322866,0.02214629533426926
2016-11-30,0.015122632345413667,0.036933285503631064,0.03159527822494956,0.045239208303771816,0.033653196645158534,0.04398772214796964,0.026940460131738453,0.026768323895727253,0.03194954755409096,0.04625211096593129,0.04939606412109576,0.023764632949871745
2016-12-31,-0.0415683069586007,-0.0402789536416831,-0.045988367821382825,-0.07904008109095073,-0.05615924140207862,-0.03596963625232741,-0.04246477833385276,-0.040958313032845584,-0.043680285154727105,-0.05643184525184519,-0.04867434710768648,-0.05048094433064032
2017-01-31,-0.03735274887785811,-0.02852009262258326,-0.02062361068153451,-0.017976477319939232,0.030151370034397385,0.021931855416861712,-0.026512430372899187,-0.029643286758378573,-0.030641922416031364,0.02390285309886564,0.016212619357796942,0.015060117317376331
2017-02-28,0.04075975989118419,0.045031746134932105,0.04529849786589102,0.023009754096843693,0.030998155508193292,0.022730206553821963,0.04713508331539118,0.04126033571413812,0.04420299935341565,0.02400974403934031,0.024980510557456537,0.030604936115224968
2017-03-31,-0.03309647961436679,-0.026933088330850063,-0.022665594071338946,-0.005773780599162226,0.0013387940722475733,-0.005144448451712469,-0.03243379159222548,-0.03260455453677036,-0.01586171884695209,-0.013051851216288157,-0.010505790982675345,0.020209384399336283
2017-04-30,-0.08761501019091955,-0.07321147233268,-0.061642369981890766,-0.005940662914846184,-0.003202819281452385,-0.02116416311897129,-0.0875801046486806,-0.07536953443138006,-0.05775467660601552,-0.013225791352146632,-0.019252919893865128,0.0003913140787510372
2017-05-31,-0.07499678361899231,-0.0820759668578025,-0.07738870596980674,-0.036335112690476734,0.007504193850953689,0.02109549097778629,-0.07197761747225151,-0.08310329533162375,-0.07890862361738571,0.0014020698419991984,-0.00702539562532567,0.007051726257193414
2017-06-30,0.015262200200645282,0.044881833958293926,0.05164786962620571,0.05607592318728316,0.03543611782020628,0.031080102952166122,0.030953969754495825,0.03835695575173603,0.0511244342074626,0.017319751798907657,0.02943536467357033,0.07766807363280215
2017-07-31,-0.014155555225121352,-0.005474112618968685,0.012084024511827662,0.005253092189359876,0.019358361192603812,0.06098429174491704,-0.01727768171159827,-0.004259823539521701,0.017221121069405987,0.03545012194225783,0.05787796835631154,0.01102516229688777
2017-08-31,0.006547445989153022,0.0445328246673633,0.04369434615993861,0.023634479763236405,0.030564191405339836,0.01543489571359391,0.03116104271952813,0.03760981340907721,0.03199956479017674,0.02822617467582944,0.030737610417901795,0.01845734414430078
2017-09-30,0.021312764486984825,0.018775457939000928,0.014701254421043863,0.009762496105084173,0.005876712855940935,0.0009612288960056947,0.02784824323277424,0.014610131613375543,0.012631408275942446,-0.0040393780852243655,-0.006046475559676412,0.025068532275175803
2017-10-31,-0.06436914279144168,-0.018172680913886907,-0.0113133022500711,0.023156829938788537,0.026258821020693768,0.020151315053763996,-0.04526682691258577,-0.03327990525268598,-0.003733740442870559,-0.0337263017840036,0.021151810594826514,0.050975079077011376
2017-11-30,-0.09161648895056007,-0.07310829259177665,-0.06816045862373521,-0.034182333162736556,-0.01452296129818842,-0.003568886675862415,-0.08529202534858871,-0.06891561245430611,-0.07663718293080135,-0.02207979934617843,-0.017185885081668406,-0.015419242127295396
2017-12-31,-0.032517707189858025,-0.020496325143557037,-0.022993973096240405,0.019130491112559378,0.0019013201548288006,-0.024699227032691118,-0.03072601068630776,-0.025075241982009167,-0.013901801280218562,-0.02408482262662104,0.004857241665882306,0.02326203630199508
2018-01-31,-0.06989087169549302,-0.03663090161287752,-0.015608811867275696,0.012805875057439353,0.09044666600748474,0.07469102422777985,-0.051104694014598384,-0.03518164339124419,-0.02535380849185831,0.04121654525730989,0.08682077373043406,0.02814768604798079
2018-02-28,-0.05157869002652238,-0.04951169096490493,-0.05021139903796823,-0.06101941680588696,-0.054333242184164576,-0.04907821391640632,-0.05139677599633796,-0.05581580430685673,-0.039735353933115225,-0.07217374738510429,-0.07016549280100559,-0.03196051924566423
2018-03-31,0.06530000953194515,0.06742127182676372,0.050091219143768795,-0.014820993433116048,-0.028925563941265886,-0.03840357655675253,0.060418179776941416,0.06007515168540123,0.06333316595764482,-0.009811764471448048,-0.03428460826161528,-0.023410648693031888
2018-04-30,-0.05647882497019019,-0.0374491412761534,-0.04350123605832068,-0.03268220979523828,-0.046916269264862476,-0.020953038861623585,-0.05596984727452359,-0.040013821421551854,-0.03716862784566832,-0.037792267239197375,-0.029259631222345206,-0.03125370122523041
2018-05-31,-0.035744449731760164,-0.0036609079681441115,-0.00988171218315792,0.022625670785432206,0.002332351572569058,-0.006561649250369284,-0.029787195804570565,-0.020981798308821742,0.021279906591795683,-0.05140160854316611,-0.028781145925105167,0.03433411239156081
2018-06-30,-0.12342165947380423,-0.113650750989845,-0.11641206032770857,-0.07566086769722591,-0.06863183298378694,-0.07355349261007804,-0.12679687692581143,-0.12005008704426479,-0.09535884891216828,-0.09531544482296472,-0.09243196908856222,-0.05764884112458479
2018-07-31,-0.0247576584197563,0.010950858271533415,0.03616899554375319,-0.022914094786819272,0.009048093288355652,0.05186507000707152,0.0038612088526241983,0.015771915527248215,0.007822300632930101,0.007242157090068035,0.02749784942569633,0.014012047741896128
2018-08-31,-0.09293297006458856,-0.07565875967431057,-0.0697501513931893,-0.06590416934092702,-0.05784633368892833,-0.033348704804624485,-0.0825619378343666,-0.08091348392125475,-0.07015059823864334,-0.054376468359291996,-0.04813063743689705,-0.05127863021266388
2018-09-30,-0.014006253028065907,-0.0015012127977714895,-0.002693633354408642,0.007689754243944025,0.04679491018494475,0.03343700559721574,0.007552792416383625,-0.008449306761589614,-0.01895764079574669,0.004435514128420248,0.03603302351664728,0.03484917346617045
2018-10-31,-0.09775450176760414,-0.09447269386388424,-0.09214698694853407,-0.13026776611992552,-0.06207466224986291,-0.042177888924411766,-0.10544492535472116,-0.08915006210337162,-0.08813939877811594,-0.070907108238497,-0.060006852399621224,-0.09568101867877166
2018-11-30,0.04803722962158763,0.07310566479193015,0.08423861277407085,0.02652369080021799,-0.00866992801553812,-0.015138262497781496,0.07314807118104572,0.07223767525683567,0.06347939403136449,0.04116529749007336,0.013718782066863389,-0.015406453976005707
2018-12-31,-0.049245061865056505,-0.04408688120353055,-0.03889081151660212,-0.06598893258059946,-0.04021736767202455,-0.037377524387059546,-0.04779760489666829,-0.0426232990233828,-0.04331805217915652,-0.06469222121526053,-0.03665874250752421,-0.03937485389570172
2019-01-31,-0.051435112514999215,-0.031960918659492354,-0.008784659386453009,0.025849390697388896,0.02708969835364594,0.05347936261556119,-0.052444538703715016,-0.02331354810333941,-0.01475538313032343,-0.005769259001826232,0.019809768973251485,0.05946433355098568
2019-02-28,0.24157697683432233,0.2450084152826606,0.2107920930482421,0.19101756018856442,0.15530623823685463,0.09778609033312291,0.2636722917552339,0.2249854128086759,0.20889263297833494,0.23373101841974386,0.16013722052292678,0.10558630059810148
2019-03-31,0.11075023967285613,0.10861957823890256,0.11312823199614841,0.08999025635397118,0.07839037918472824,0.013997869168319799,0.10292426335130456,0.1114046343289421,0.11812095081279517,0.07116795639842666,0.04289053855805092,0.054085160263220855
2019-04-30,-0.06005692265032969,-0.039900349360578624,-0.020915690554919153,-0.03547179313339743,-0.010775193685841344,0.012216163880283126,-0.040917370108491946,-0.03994227762649927,-0.042567018685027436,-0.04542456496884506,-0.007597602777902668,0.018619869897844143
2019-05-31,-0.05921387800123046,-0.02133781842492788,-0.03285547214221585,-0.07545180419407915,-0.07452027061944377,-0.045833027564640805,-0.04114774283584721,-0.034270054132094496,-0.03642657428314067,-0.0710922995644444,-0.060115164421569944,-0.059086780597033206
2019-06-30,-0.012820370122499258,0.008461444966768372,0.011017493054001681,0.013083698159436441,0.05781928079157428,0.03891532569243017,-0.0007739969631149757,0.0027370308094427642,0.005581231163889866,0.00017748254581095857,0.019121124828627822,0.06530985937630063
2019-07-31,-0.03503121485931715,-0.014504785849408064,-0.02188565737485637,0.001204678815333926,0.007558091879148465,0.002139801237472705,-0.03368338292192519,-0.024717589271679885,-0.009926233738162704,-0.005390203504776037,0.0027076123292191223,0.01120515585935955
2019-08-31,0.004856627511321765,-0.016365720050255717,-0.026011859895270106,0.02679339416531068,0.001821272511818961,-0.04824054172606185,-0.013985993346671943,-0.009421408654378238,-0.016420856964597386,-0.017755600866436683,-0.021494963040906034,0.0004920040663716208
2019-09-30,0.012115193655284795,0.022261140134459456,0.011710578816089168,-0.0021136698800590104,0.004594056855623974,0.015528221731865743,0.010843726809711018,0.011785456578826237,0.028035402074090277,0.009924823354453105,0.011920191118785617,-0.0011317611748402623
2019-10-31,-0.009039525495601386,0.001404262238061671,0.0005969273408428233,0.018793034258437702,0.007559201730366061,0.02663915757489055,-0.011359527402496128,-0.003425975690682259,0.010702898276255812,0.0071408443862726045,0.012668671540384091,0.02639499331073436
2019-11-30,-0.02986457297108791,-0.023990301791759427,-0.026730377305180353,-0.014421318992394405,-0.010982261307739272,-0.016749112759290696,-0.03253733426723937,-0.024009339709738398,-0.024155473537484595,-0.01362642100774214,-0.011704640162160218,-0.016951634310978902
2019-12-31,0.09083454769071486,0.09107461594866617,0.07151850494459011,0.08394228457498265,0.06858182811916547,0.04796050208253977,0.08071114845124772,0.08705920927381494,0.086008727517084,0.0740596290542701,0.06442858494573844,0.059716964433934594
2020-01-31,0.016385436379247054,0.003650739033900896,-0.01037968653791832,0.04106853696195634,-0.017480234003151907,-0.03698064654594124,-0.01946315251072883,0.001041323092907831,0.02875614921292935,-0.028466820466571785,-0.016133230625607897,0.006730219119323921
2020-02-29,0.04891780506109922,0.003972832104417234,-0.036322225097701555,0.04078091936174566,-0.006047812070464453,-0.056327242586229564,0.010052804665636073,-0.000940406323782006,0.006050200804662342,-0.028331425904019936,-0.0279151395105538,0.005678741902186868
2020-03-31,-0.07742264825169654,-0.021085418794263955,0.011291304940085123,-0.1038544572036516,-0.048055757555771295,-0.04384074523264825,-0.0214110183315116,-0.02806054487640508,-0.02971137484363351,-0.061226352821288965,-0.06398212010688087,-0.05454881014032087
2020-04-30,0.0005475668632790587,0.011354161522044937,0.014877928001858276,0.07280512463634259,0.07143962679486116,0.023304820293793993,-0.006027970297161067,0.013490373127215127,0.021652086553809013,0.020040158444780243,0.03492076661540411,0.08210316791110572
2020-05-31,0.019856266610072115,0.025457335856550856,0.030297046737733035,0.02137270487974985,-0.001490180495908544,-0.01745967415190952,0.016575576491993038,0.026265492337777196,0.03496036912294542,-0.013593959381962062,-0.015087132608511022,0.018975932160146147
2020-06-30,0.07425041066410465,0.06338381948159966,0.04122006308357706,0.1344944794434475,0.10286394971665591,0.02275684962594804,0.03711224572873495,0.05662864246104293,0.08803597934902774,0.04265637554287993,0.056794607904683936,0.11582553738260648
2020-07-31,0.128130489414092,0.14288938208744106,0.15031736439115062,0.14021822929838845,0.16192405867275217,0.07785527825419769,0.13535705370702722,0.1480167023350496,0.13826469852843304,0.11784317055658211,0.10242548585612132,0.15649346559505473
2020-08-31,0.022792340181118087,0.05445167417570662,0.05891885808415642,0.004190239288234698,0.03714401182313787,0.02163776524101335,0.041819609008790115,0.055928721332080045,0.041346798207555935,0.02871991668297813,0.015821539779129257,0.02128219921563046
2020-09-30,-0.07598701053670043,-0.06457622787203865,-0.07528961071883344,-0.06477773894362315,-0.05127271102677933,-0.042705071274811046,-0.06630745010161965,-0.07111796205491416,-0.07774380571339923,-0.04174481973398325,-0.0544717342300608,-0.05681279479248169
2020-10-31,0.04547670789174263,-0.011492493115331515,-0.013129022217018727,0.031741593198503004,0.01261043118068117,-0.0045629936884110656,-0.0031208226863305155,0.008993136633262733,0.010813520952421607,0.008203320563803018,0.00388519622810346,0.022629117918058883
2020-11-30,-0.021951720754731063,0.03453131127362674,0.05295897187432419,0.009627822556808274,0.06698775886303099,0.06080546411152166,0.03580863777253285,0.02338077989167142,0.009365419734741032,0.08707795892271908,0.052233689607893874,0.007209171344980447
2020-12-31,-0.04870208481343574,-0.06185487905124387,-0.05217562475016546,0.08146252952442867,0.02142644217036138,-0.03239791375757828,-0.03646191876354821,-0.06463074275751057,-0.06139076619514594,-0.04324780029665465,0.021943869787308445,0.09439371517485129
2021-01-31,-0.11837309426622455,-0.08397409770506525,-0.08232927074750107,0.03994700800043982,-0.004947923147423872,-0.010527498335896057,-0.11485633892927949,-0.09120045889717254,-0.06743519579216939,-0.0007957891414560603,0.0062370979345516275,0.03476050951294374
2021-02-28,0.02628040864590675,0.04308483587360512,0.04944779839213109,-0.03217374199492229,0.0347891351894134,0.03732024501232134,0.04284464877127303,0.04381887300299847,0.039104585787648194,0.03715805203852818,-0.0027953880951876453,-0.0343670596126705
2021-03-31,0.006065765447681892,0.02884803784791612,0.03903186123083979,-0.06361876902673669,-0.013560888368665425,0.020001375205322747,0.027560626734232985,0.029610866464144348,0.02406274260352914,0.0007157707610152553,-0.03722201762607302,-0.05101810318193156
2021-04-30,-0.03601640773524628,0.005410850373251952,0.018532807854259037,0.06786637092670311,-0.009124535741623863,-0.014550362771105885,-0.009137578080875453,-0.0026884750047981854,0.01067544111785046,-0.02137012927692239,-0.01660752339978011,0.05207482466982727
2021-05-31,0.0889783738703338,0.0662409782569624,0.04333920248511025,0.05927815143956594,0.05392407645525843,0.028348015261179915,0.07089924176896933,0.06782072734834865,0.050712874389774454,0.03891006029901489,0.050681143147751184,0.04807030797008882
2021-06-30,0.019320718864609177,0.04024543163879879,0.03127686837512411,0.03614715103092925,-0.007183314063332391,-0.025154172040434908,0.023006950665474424,0.03307939570540097,0.041600471404691364,-0.01703917463389437,-0.005473127741088879,0.017912169970274894
2021-07-31,0.0502181476434127,0.003770349436918341,-0.021887377347261316,0.012088447016610715,-0.07060397346493208,-0.06881140132365138,-0.0064571151449019926,0.017628832034287667,0.013082048551388281,-0.02634336148236749,-0.011545187420822334,-0.07143096518323644
2021-08-31,0.050041276188192985,0.06811489894740896,0.07181930650457802,0.05364338984072958,-0.00877639258879448,0.05048657940090906,0.06508843710987211,0.06569663984352636,0.06210364360850229,0.05244355953482982,0.054409473839792,0.0065989005608864115
2021-09-30,-0.056541214818547125,-0.01582297091324092,0.014175964502943561,-0.072877222035305,0.0330065467687799,0.03364910965993406,-0.019760760643494524,-0.013303652757311601,-0.017353491993782222,0.02312808028990565,-0.011977133440227106,0.003144396106323555
2021-10-31,-0.03230417488504045,-0.02943153741244664,-0.022488691968521657,-0.01991414498417088,0.022401548967666107,0.00336134370604535,-0.03947760035434289,-0.023263450721194068,-0.01950394544754608,-0.03754568570005912,0.01025802867453618,0.008641284378810177
2021-11-30,0.1354624955949819,0.144229657124326,0.11366430459978205,0.010580327696527725,0.007176475663585924,-0.002973172373646804,0.13740274114116957,0.12758662168360213,0.13125451723454828,0.023029801181311482,0.0029085734409388664,0.00358129851055744
2021-12-31,0.01269009142827704,0.05323046907758466,0.08367974892161234,-0.05192477589039213,0.014122029027555216,0.04037848305634206,0.0453717296268743,0.05331410602920661,0.05072253884454603,0.026232839908252092,0.018718110867435467,0.00039813994782256223
2022-01-31,-0.10695460316454408,-0.08175441859659827,-0.06244764254527313,-0.12766557935680445,-0.1038458329415346,-0.04178849234542947,-0.0722734648420893,-0.08509463281343155,-0.09878798965156799,-0.06778949288953762,-0.06464181701316662,-0.10855440334523991
2022-02-28,0.048590215445102336,0.053687781482243624,0.04996387290260018,0.012837819802337114,0.031743132292828324,0.020346021452156915,0.04175132467285669,0.0538043243685713,0.05772524931662715,0.012252749275656116,0.012698693020373852,0.04357044030423629
2022-03-31,-0.028072732950821244,-0.04231823877775476,-0.03632793342560292,-0.08361511991410586,-0.09499055268173939,-0.03986420669209667,-0.01796297584463835,-0.03813644593354293,-0.05657168252937239,-0.06412254794851346,-0.06272341297856043,-0.08889607870418514
2022-04-30,0.19236917068669102,-0.14793899561301393,-0.10459834280121416,-0.08671101647355961,-0.05538544751357477,-0.060863373993989445,0.19120232609997045,-0.1417666215962835,-0.14423208907552454,-0.057831156205426226,-0.07502603125049556,-0.060285970415089096
2022-05-31,0.10035773201979925,0.12874202654571776,0.124786874887864,0.0467345647589863,0.048882622021884314,0.03201406036761689,0.11330267669090577,0.12004725853704756,0.12859350387835944,0.011707370738549328,0.0483686986582168,0.06534865217970975
2022-06-30,0.06079164150305005,0.09231523060188884,0.09018383645186212,0.12639768828057796,0.09782632616613496,0.05624244410012036,0.08238358606526197,0.08316086408565804,0.08029764827832264,0.08545600830335642,0.08009319452351882,0.09525856764710428
2022-07-31,0.06245171825129292,0.04717898610145643,0.03217427527796679,-0.04046614694464146,-0.050153479353964525,-0.022199250845225338,0.04645781393894666,0.048081361692339675,0.04505386206017281,-0.02626641944874064,-0.04039660513458698,-0.04282125379420165
2022-08-31,-0.06292609070161737,-0.030162597826200233,-0.0006896084402542302,-0.07511635102666858,-0.023999729856745367,0.007203888021664273,-0.03349406026807711,-0.037378823705924935,-0.024250686488168194,-0.031001239276653103,-0.031048961103469552,-0.008212688873035168
2022-09-30,-0.10329685742648353,-0.09804095743768215,-0.07712454899971188,-0.06782498634396861,-0.07160049848927608,-0.04609835460946943,-0.09736955718448737,-0.09279997099952675,-0.09103297701628232,-0.09168397803387873,-0.06686765740115141,-0.04834670322958057
2022-10-31,0.03302177185638633,0.05298417262551114,0.05599804892575233,-0.04041930662291526,-0.06408291234148811,-0.022152678520327207,0.033280739864381514,0.04771533978779674,0.06523172141605582,-0.028888655793947837,-0.032674776712303344,-0.06423016115666014
2022-11-30,0.0576284911542122,0.08375942230661337,0.11074406558791994,0.004048516170053862,0.10621433709289918,0.11324486360898067,0.09269358499223856,0.08198151406975618,0.07724584803482415,0.08850238071389693,0.08128951081696223,0.08046557270543797
2022-12-31,-0.03555613109980338,-0.04007654512061076,-0.03629352111768824,-0.003556949348644034,-0.020681432786220255,-0.02166886132329704,-0.03940238014087061,-0.03867919262611852,-0.033772053559766646,-0.031026968073041616,-0.012342429962724721,-0.011431233877916891
2023-01-31,0.03902049267561214,0.09903784814958572,0.10106225797234658,0.06028255836205321,0.07413756875094424,0.042640087641924174,0.07267891421930739,0.08152506338402077,0.08988070651950575,0.06904490584444734,0.06756307237441317,0.054810206714621224
2023-02-28,0.02826718186074717,0.050854672701261316,0.0420868290212606,-0.024973555267878478,0.0052479935747391515,0.013579451473928916,0.03843770494709298,0.043368017679055404,0.04270960978285809,-0.007678694137947306,-0.0035370068362623464,0.004607207153189297
2023-03-31,0.003820723258519454,-0.015165423655248422,-0.03394477202602508,0.028979447830420613,-0.011220922478225592,0.0017772789575838388,-0.010920038740026117,-0.010663899168082636,-0.022999408701658064,0.0020960359791963867,0.009816532971658853,-0.00846417717241077
2023-04-30,-0.030779410145492236,-0.04181348912036609,-0.037239970815706624,0.021383041190936813,0.006551274940790552,0.0061373478089497,-0.039873993100005056,-0.042374472523220685,-0.026889245594688305,-0.0009570915841439209,0.020127061741505692,0.010990203215581307
2023-05-31,0.01860300127305803,0.0165575724274305,0.00508208913291619,-0.044717895685640996,-0.03691452550634988,-0.023049233810672032,0.004098635759570035,0.018367954221634397,0.01453464580400543,-0.02373725001645899,-0.04691025874829613,-0.043227328448856905
2023-06-30,0.042479576081209114,0.03471826140978984,0.021966932753919366,0.021539610296569922,0.001903550848967761,0.01565717405208855,0.03239711093109454,0.03496592612852267,0.03200452337052839,-0.00238687423223205,0.0074110401487939015,0.01565677992123793
2023-07-31,-0.04325219933075819,0.01636255272751108,0.05257160342183731,-0.040916268837476344,0.04081413944812384,0.07198691899715026,0.00947134999621535,0.013279606711762426,-0.0023860794058643275,0.03545991510899538,0.044592984530045454,0.02454678861880133
2023-08-31,-0.03922082461106091,-0.037485990516826107,-0.04072273969248186,-0.060083780982387425,-0.05812335865544349,-0.03543955812484645,-0.044887792252690684,-0.03897826559806239,-0.03244545609480809,-0.06938407423239878,-0.06070934112918702,-0.03935527651031456
2023-09-30,-0.006888555956966358,0.007965800279200907,0.008549531026826207,-0.02381523367983651,-0.021465714037154915,0.01569674355820072,-0.00033041168894387685,0.004566449597348532,0.006261624595483184,-0.010266304236210999,-0.0023720959832115307,-0.009415283584562895
2023-10-31,0.012324528274384017,-0.0027044883282978383,-0.013418319412023538,-0.009537936137308356,-0.03483638536418532,-0.02861519610390828,0.0051920486461647375,-0.0007454364365027111,-0.0075830042180433654,-0.015791479944549547,-0.018040693423925447,-0.047769015883906474
2023-11-30,0.053811629562820595,0.05399028473245937,0.04730021450713395,0.0042717400077516565,-0.0009993748172153483,-0.0115229406659908,0.051897834852520086,0.05314020044007872,0.05094040056849369,-0.0022894824831328764,-0.0047557972617193744,-0.006111830803223417
2023-12-31,-0.015862983976143052,-0.018152733785521846,-0.017052683186907114,-0.03697640461960483,-0.015873262930146792,-0.009567551632700177,-0.021565517357529096,-0.016256702150848734,-0.013027502683444658,-0.024466938116314285,-0.01841778944162975,-0.009053778834178794
2024-01-31,-0.2266796909481158,-0.20504200583960197,-0.1813284369983702,-0.1757745104121935,-0.07812490631637592,0.004731829035010682,-0.20965745891780985,-0.20433016811372806,-0.1988471951714138,-0.06485583358497782,-0.051953026701358596,-0.08337040750546842
2024-02-29,0.031991544847851605,0.04200252929920989,0.047110132584115894,0.11188628787519694,0.08414579202977168,0.08008695416804845,0.0273350154749068,0.04103069832180628,0.0544954296774689,0.0781297811077859,0.08571929414070523,0.11715023625181531
2024-03-31,0.039247063580927666,0.07027283311524801,0.06421504549714618,0.025542465563112238,0.007202870497742486,0.002471209829990606,0.044737886543840144,0.06032274965801099,0.06990832343242936,-0.017028927694298646,0.019659585481298425,0.027184499925638317
2024-04-30,-0.06470922559202108,-0.024663299111849835,0.007909708112386005,0.01234848120441745,0.017372101013712893,0.02853547761540054,-0.04220278285739687,-0.03079051891287654,-0.014360258350951338,0.009011941164437154,0.022604184988601173,0.026692102440885268
2024-05-31,-0.0009280191298375318,-0.008076002109292046,-0.026959118054621367,-0.018173205165039397,-0.009877613273367114,0.0010326522273387262,-0.0071397915319153515,-0.012739171302362684,-0.014238292455022061,0.004376897644800426,-0.002401456795206869,-0.02130349181266966
2024-06-30,-0.09369109422073729,-0.08932237152016964,-0.09963192772749307,-0.03878909914226991,-0.026424940701564426,-0.011470360659868284,-0.10249632548105869,-0.09617545761575963,-0.08220606801984098,-0.03052164075465813,-0.03471854020891019,-0.007990773268149676
2024-07-31,-0.008679828723183736,0.008953855624081797,0.019242277518864537,-0.021464356576400445,-0.011871349488032479,0.03699974303317055,0.003805896285844268,0.008246057524036399,0.007326353951523812,0.03526360490461422,0.004253708217180074,-0.041279893685133406
2024-08-31,-0.05454642288627132,-0.028166279555620455,-0.02623525517149239,-0.05746134458249419,-0.02515603803774702,-0.018333025956608795,-0.041740968012883406,-0.03438143349729972,-0.029247619145918002,-0.030138212294049005,-0.038175972284295145,-0.0216002619672222
2024-09-30,0.24132086797426422,0.24727394161056004,0.22753990899357346,0.21023235022775033,0.17814779356264587,0.17669478805995942,0.26069218831464047,0.23500954052418943,0.2215538851301566,0.17164787096798495,0.20053269140711172,0.1832282778363059
2024-10-31,0.14274729674795705,0.09259411368961601,0.04840949746161072,0.005996316654227396,-0.002726889582471026,-0.03969124129965573,0.10959701818434686,0.09488670237039942,0.06756579763440174,0.05131464701560806,0.009088931170902592,-0.041229679541518904
2024-11-30,0.022460332056635002,0.07331875420058598,0.09195100205990481,0.001866163724098202,0.010892590311091688,0.007570378049616133,0.05570202796037482,0.06601200913470628,0.07108385786107396,0.024084544123276874,0.01623287374859217,-0.006351159596690525
2024-12-31,-0.08693756236627592,-0.047104078210313705,-0.030039041541085942,-0.05705472905886044,-0.01613979844215918,0.038989938673332336,-0.06016678289013211,-0.050378089975582574,-0.05895108972949492,-0.043760953100704714,0.019514357534335725,0.022392379342442537
2025-01-31,-0.02020904787317601,-0.010804250975399499,-0.013910830136131591,-0.006874497811989566,-0.03371511907279412,-0.02688803676065432,-0.02966492955860711,-0.011986390150830917,-0.0021197555312143512,-0.03937868126368038,-0.027811095078133508,-0.024016686022247602
2025-02-28,0.11810383079605158,0.09038392274884455,0.07053653791318326,0.06028993988175935,0.028235704205411993,0.008470781900165036,0.1025590738516502,0.09713001306266689,0.07741268795060874,0.05884561097353069,0.037056868915926744,0.00973995393167737
2025-03-31,-0.021096546036407204,0.004923655482931055,0.02891183227465155,-0.04301135651981469,0.001783223895221342,0.017249602681715714,0.005513539286074121,0.003586197346642672,0.0009846157925232912,-0.011516566392142713,-0.00013721676355382684,0.007244704685287928
2025-04-30,-0.026776195259410884,-0.023011822209163646,-0.010180318038081393,-0.02540252695036227,-0.03778325764117352,-0.013935125039662766,-0.02348356179334654,-0.02030389518189102,-0.018547525121674457,-0.025279530009231888,-0.026048822941899474,-0.021189792348342062
2025-05-31,0.07361963364025548,0.060683992487598815,0.055975017901633395,-0.002888434927979744,0.013405549436508402,0.028217397953571366,0.07264438910490068,0.06380602645910338,0.05392989660661329,0.029168828363520083,0.013990923012063172,0.01769672963231761
2025-06-30,0.057008570639985434,0.07905038276284548,0.0658431129289534,0.06125278384273192,0.04629086832433549,0.026688740470847794,0.06489663912424115,0.0636992125448641,0.07872358206718899,0.03786706037735321,0.0349846436172081,0.03521598447465757
