,Small,Big,Growth,Value,Winner,Loser
1995-01-31,-0.1275748834839648,-0.1290205896853622,-0.1465340523368602,-0.0866456543254027,0.0,0.0
1995-02-28,-0.0128692612199322,-0.0248393586443139,-0.040353533725268,-0.0036168041396502,-0.024458697804240037,-0.007431935540059276
1995-03-31,0.146748260780952,0.1792009319779945,0.286616296955422,0.0643482836231734,0.2832792099632666,0.058151827740004824
1995-04-30,-0.1091505885144997,-0.0993657727439316,-0.0988904054287119,-0.0460645340891968,-0.10733968597200172,-0.0628854795640369
1995-05-31,0.2312049057257088,0.1763160045686402,0.2182698238561844,0.1051062727578149,0.19128514428635013,0.12464569497595113
1995-06-30,-0.0296075974302536,-0.0937955263991566,-0.1198849549732392,-0.0342823906562249,-0.11852832906263944,-0.059064055117597936
1995-07-31,0.0766669799161487,0.072628254894274,0.0523944281503208,0.1420132262645597,0.05878653017148583,0.05867152579524548
1995-08-31,0.0198536637109802,0.0478538194007527,-0.0520339597908721,0.079319516332891,-0.03780416097492045,0.10970718872203356
1995-09-30,-0.0092815095516377,0.0066456005413997,-0.0475446073302339,0.0172263220107846,-0.06043042170329327,0.017323875090351493
1995-10-31,0.0092924593038501,-0.00398608292988,-0.0315121467175943,-0.0049347509750879,0.05000991157903445,-0.00025781558059434495
1995-11-30,-0.0549863767052378,-0.1003442032158331,-0.0761203779081663,-0.0464057149950184,-0.17270161944631102,-0.0531204164928859
1995-12-31,-0.1068046393107199,-0.117036004259422,-0.1189654376492039,-0.0898765038986203,-0.10930588661361718,-0.1067615095662674
1996-01-31,-0.0319708953134862,-0.0326955788782968,-0.0790858604132959,-0.0280338027802431,0.026116803278215084,-0.06568789579383794
1996-02-29,0.0170431275803082,0.0280581862117768,0.0339561119156788,0.0282041996747763,-0.0034213082630148994,0.05931884109819108
1996-03-31,-0.012212751143396,0.0058146166061203,0.00075783324995,-0.0114194054049588,0.01656989831624367,-0.0025023136181204775
1996-04-30,0.4306480683222318,0.2426926642356319,0.2254448064612693,0.4549999363147925,0.22057103450335336,0.3549702054978745
1996-05-31,-0.0722292196063645,0.0149725225262022,-0.079687942900525,0.0378982718255489,0.021483198451847763,-0.07891585690773728
1996-06-30,0.1142226167004947,0.365502348102122,0.2536579364156566,0.1494036956430393,0.3218031832680255,0.23141246232464985
1996-07-31,0.2575181745190482,0.0365787569921325,0.0401933350616008,0.4346057462322403,0.10536857891869778,0.020891493865161648
1996-08-31,-0.0681068095792448,-0.0037739600782348,0.0112150723817181,0.0464212178785075,0.04051613214794414,-0.07556598911626689
1996-09-30,0.0443938674356421,0.0794563607741314,0.0672954577326661,0.0703579440807145,0.06267947265421414,0.051897100690844855
1996-10-31,0.3699599568718186,0.1715360166909456,0.0512242564462628,0.3409043376492107,0.09870840165177519,0.13563291603113892
1996-11-30,0.0976024228642959,0.0264843565529353,0.0423538905798943,0.0670126314982784,0.07222696836446962,0.09513426240903922
1996-12-31,-0.1785520911315636,-0.1481881253849269,-0.1357465001169836,-0.1642994587795156,-0.155380143900269,-0.15784664315503694
1997-01-31,0.0952026424891114,0.0514849827942449,0.0590595408141814,0.0818816227333685,0.11259854643701739,0.03328698101049721
1997-02-28,0.1574647692735404,0.0452600362106947,0.0402247388954706,0.1392371219350197,0.03636181998873789,0.10939063118024506
1997-03-31,0.2559700961404463,0.1754001250687693,0.2232811292300236,0.11463140433646,0.2504218473303723,0.18090647261574322
1997-04-30,0.0981695619303806,0.1400159553588886,0.2535243124733946,0.0244827735995518,0.24924753743382544,0.08157674601292686
1997-05-31,-0.086135009673377,-0.0371040515156655,-0.0166963490553853,-0.0630712935055819,0.001703782116585062,-0.12204002351055088
1997-06-30,-0.0386763310241523,-0.0010054413059895,0.0593001354936217,-0.1137737687329274,0.08341666293762517,-0.03137131726491005
1997-07-31,0.0028297316622034,-0.0897389196364014,-0.1116606014631999,0.0072766226341767,-0.11393179847183788,-0.02126995801399245
1997-08-31,0.091611015549696,-0.009064907433645,-0.0970587627383623,0.1454417949769921,-0.09229713949019214,0.15232953769990099
1997-09-30,-0.0640507598488221,-0.0987870634103404,-0.0832395494537308,-0.1182178569086338,-0.09719472841737886,-0.08742056543112176
1997-10-31,0.1020960064832148,0.1243073761292659,0.1579652094228092,0.0542149269728275,0.14035793702701027,0.15815580114426386
1997-11-30,0.0024986035129757,-0.0395430536673375,-0.0458465300523889,-0.0579941572659791,-0.02828756055940851,-0.0857207011151504
1997-12-31,0.0953901335582649,0.0039070251101118,0.0639249899635028,-0.0088441708357345,0.05674537860801876,-0.02105845918497684
1998-01-31,0.0739442533486196,0.0094835004220446,0.0424459330621915,0.0045858665946705,0.025644536542402507,0.016190178978897185
1998-02-28,0.0354785314072858,-0.0417254976868533,-0.0645920879008726,0.0356794185401836,-0.07037288544140086,0.014734775546630274
1998-03-31,0.1093046750591724,0.0145064981506446,0.0297182367213564,0.0190155050753582,0.030817913217797033,0.02552206520053457
1998-04-30,0.1468790526550685,0.0428674412525822,0.0870503936091382,0.0659465739214371,0.0729166544242994,0.054751258214534415
1998-05-31,0.1641025104465441,0.0086447994846292,-0.0111569467542004,0.0611053446230753,0.03507235453445179,0.08703736302240594
1998-06-30,-0.0611299860217935,-0.0859622954670457,-0.0769170054797793,-0.0852071700045602,-0.05109425624925312,-0.06770995226476806
1998-07-31,0.0414347303942295,-0.0225327914117613,-0.0216956948279863,0.0123844277706997,0.004943133416119849,-0.0384274942760493
1998-08-31,-0.0846210437824476,-0.1481227929699163,-0.0907018576328543,-0.160773041021176,-0.08714625649756269,-0.15588964008495843
1998-09-30,0.2038737309290412,0.0504361885971009,0.063392726412544,0.1189606909724891,0.0658843262754667,0.0762434112108401
1998-10-31,0.0406045915131039,-0.0468242265122444,0.0069311371531219,-0.0631558589558127,0.0010106311448692118,-0.04691389849952854
1998-11-30,-0.0012162654143555,0.020977171327662,0.0183528260736605,0.0111555276924772,-0.006209594447674216,0.02799675849924954
1998-12-31,-0.0984328132362671,-0.0674643186373787,-0.0840583719619967,-0.0505234687326408,-0.11235336555888753,-0.05674063538057372
1999-01-31,0.0133254224896961,-0.0155202678700815,-0.0061823469853641,-0.0091035935001945,-0.0006060526489612972,-0.01042924633062381
1999-02-28,-0.0308401976878508,-0.04138224557716,-0.0176399626215533,-0.0443879768432944,-0.01759971392486559,-0.04777428554155594
1999-03-31,0.1710527944511592,0.0422865016750328,0.0147329477491942,0.0968100813516401,0.04448285160181564,0.05764417650668885
1999-04-30,-0.0512299853265757,-0.0252724550205309,-0.0351931192440784,0.006286408339178,-0.008795572012998853,-0.04131289600923793
1999-05-31,0.0698363643768094,0.1748458407319344,0.1599705023041702,0.0593195888027702,0.1818833358485763,0.13674216198939715
1999-06-30,0.3384473618116801,0.3359099750686887,0.4034223548603264,0.3656802508790546,0.3319540829709411,0.33311768267427855
1999-07-31,-0.0479730542674415,-0.0838169515420836,-0.0983224073983164,-0.0900201831694278,-0.05313527557065689,-0.07142909739771264
1999-08-31,0.0874625995967905,-0.0043777308977001,-0.0458516502219008,0.0399634259858874,-0.031213733078181205,0.007865953646285506
1999-09-30,-0.0054882533369239,-0.044147330702687,-0.0279690740008551,-0.0272828036184984,-0.024454995441627214,-0.020699798657638935
1999-10-31,-0.0167612024489903,-0.0544268034804917,-0.0665993664264511,-0.054333920940906,-0.06474447288778151,-0.026618839266928762
1999-11-30,-0.0074861900084214,-0.0646374760040638,-0.0608333558499381,-0.0636050236242528,-0.055637743535027595,-0.02207492026758817
1999-12-31,-0.0804803003494626,-0.042315675470935,0.0108461514594933,-0.0698550308742602,-0.004212063929920462,-0.09076849986832014
2000-01-31,0.1124244818801916,0.1283428104117363,0.2882013453780485,0.0525179563711319,0.27345880454097093,0.08166414619406615
2000-02-29,0.1684280749805218,0.1138665942954031,0.1591764422141375,0.1064960701458399,0.156838222279287,0.13673348110887407
2000-03-31,0.1727318519868435,0.0088719150151992,-0.0089928442242795,0.1307626005372448,0.01002221663678382,0.11718815392163151
2000-04-30,0.0127167523282336,0.0344105470501487,-0.0334612379170782,0.0710014974881947,-0.023643146278563676,0.02303765580831385
2000-05-31,0.0765845862827896,0.0030053704828323,-0.0107620889181435,0.0606038690004053,0.012925845237622857,0.03949123105862706
2000-06-30,0.0099568523855224,0.028297233340667,-0.0057816377696735,0.042074996178508,-0.03742313763089178,0.0633429635152265
2000-07-31,0.067711732712375,0.0475140389612109,0.0187929234813952,0.1025310611262555,0.017437262256940533,0.04546946104353555
2000-08-31,0.0501592463928695,-0.0284648748392634,0.0056343621487178,-0.0376397941662639,0.02285114443230274,-0.005743209965997642
2000-09-30,-0.0010842920195145,-0.062303509520518,-0.0311357070392873,-0.0725697989452091,-0.029614813624238456,-0.07171701015015564
2000-10-31,0.0694548766218994,0.0074009615945631,-0.0208361690699415,0.0260482341389429,-0.017716747486380302,0.011026235774610482
2000-11-30,0.0774699140157104,0.0551415814507052,0.039862245822662,0.0651019247891513,0.040956333176404236,0.05480216545846739
2000-12-31,0.0049724099118642,-0.0337490443000735,-0.021164357685749,-0.0158322966356635,-0.0315809908012441,-0.013996123083342082
2001-01-31,-0.0244158033910585,-0.0082850955899569,-0.0518989659932809,0.037555001855672,-0.03154571318566868,-0.008104293282287234
2001-02-28,-0.082028672229493,-0.051992587006003,-0.0715586209687499,-0.035977531172314,-0.03798196040972668,-0.07093852428539449
2001-03-31,0.1115220650365991,0.0585051357385699,0.0485418505354571,0.0631292466670292,0.05412348643935316,0.07350553983751995
2001-04-30,0.0343267632498984,-0.0197139015789125,0.0250720300478204,-0.0319666360046235,-0.0014847173240477574,-0.015064551570013185
2001-05-31,0.1059671251435343,0.008959186171604,0.0575870423241653,0.0082166585222225,0.03925430199739499,0.014851854412831766
2001-06-30,0.008582121988226,-0.0032036203601433,-0.0395085674038365,0.0279890160027749,-0.018778126063979883,-0.00699321118424312
2001-07-31,-0.1350535945055875,-0.1319028557385866,-0.1174872925480595,-0.1350144156605122,-0.10371186363318541,-0.14400767608264153
2001-08-31,-0.0040542951478924,-0.04808837651924,-0.0262759116588282,-0.0550354918063632,-0.03548480690080391,-0.055622667039178064
2001-09-30,-0.0730361996346864,-0.0303148696552579,-0.0571283887520569,-0.0223595596002448,-0.06133174006276099,-0.022839109333420593
2001-10-31,-0.0679047033579571,-0.0228499538350198,-0.0524113957431253,-0.0207612389118017,-0.04091270440582517,-0.02641970325244336
2001-11-30,0.0766803504527713,0.0263375556085001,0.0041854841460904,0.0383172923150694,0.019335579552759663,0.03310006044860847
2001-12-31,-0.0770770264817035,-0.0547229619953613,-0.0581482566578851,-0.0538834251438239,-0.03807612719230846,-0.07869681151148455
2002-01-31,-0.1509155621619375,-0.0676842722246828,-0.0884353254854815,-0.0887937013811579,-0.07122416302502566,-0.12546001653248073
2002-02-28,0.0504912008086069,0.010759051947879,-0.004536613315944,0.0326929323041871,-0.001493791171696346,0.04949916344468419
2002-03-31,0.1009080521438665,0.041613965398271,0.0483107207904616,0.0461707074622634,0.04583313317786586,0.10743806314236459
2002-04-30,0.0740566045448825,0.0411227692811073,0.0282408834111338,0.052965901564375,0.031778153989673985,0.04737167230821737
2002-05-31,-0.0754612839846333,-0.0801354891524038,-0.0553682426640864,-0.0785423993358317,-0.06380476020795767,-0.07172355313303658
2002-06-30,0.1033741835258512,0.16197460800352,0.0572961503528681,0.1911655021286207,0.0774010741219815,0.13013853680956733
2002-07-31,-0.0277071596173581,-0.0379708259438839,-0.0123043313347871,-0.056257969620967,-0.01825072869574096,-0.04624369433881104
2002-08-31,0.0210842656649627,0.0061487732705975,0.006636225693527,0.0114671745319487,0.009304290024957362,0.009466396924924236
2002-09-30,-0.0542358882447556,-0.0474876712943413,-0.030274294602679,-0.0582646012891737,-0.04791182160595997,-0.06552270044959185
2002-10-31,-0.0655255211755134,-0.0422000462457932,-0.0381623405542528,-0.042389416819812,-0.03927945014989964,-0.06071492366663589
2002-11-30,-0.0877338754764734,-0.0309023867993654,-0.0565211623188127,-0.0318097175883139,-0.03620237670969906,-0.07857233861330504
2002-12-31,-0.0410960191322886,-0.0496636161389313,-0.0374688709282516,-0.0638858758364901,-0.021834919499281624,-0.06256474119625477
2003-01-31,0.1321683840087062,0.1003437411816126,0.0442922891006063,0.1411871852999835,0.05456948860829591,0.13415861628209758
2003-02-28,0.0176539214337867,0.0044242947997921,0.0100950512433526,0.0073095730994598,0.016917595628286985,0.013172958749628982
2003-03-31,-0.0430468536909951,0.0212194715775702,-0.014142577272033,-0.0112888197209123,0.013723083932184466,-0.042272796930232004
2003-04-30,-0.0892949606206816,0.0487700353307909,-0.0372163693681051,0.0080666965833979,0.04026918772160193,-0.05884126413395374
2003-05-31,0.0297924004393017,0.0411225125448913,0.0223382743420246,0.0516209039990289,0.034489383682344776,0.046120897706036335
2003-06-30,-0.0609023714792497,-0.0509216661862462,-0.0758470729126602,-0.0608552733737808,-0.04440188332020367,-0.08805990317841872
2003-07-31,-0.0540327646039562,0.0157510471572452,-0.0151807583061883,-0.0058973674188997,0.028238634127181195,-0.048608420477180836
2003-08-31,-0.0031901561851956,-0.0465465295114306,-0.0245022020811062,-0.0325720678666345,-0.04508763663434001,0.004108877908686859
2003-09-30,-0.0586060486471753,-0.0410250287026789,-0.0476237073471754,-0.0347049406180333,-0.04918988681719305,-0.05493254348046328
2003-10-31,-0.1070132561045402,0.0267700262078329,-0.0647085814749088,-0.015831428619355,0.045153204309709594,-0.09227910734118983
2003-11-30,0.017196708603957,0.0374615913416274,-0.0330109228969569,0.0546829347000361,0.03853803914262288,0.053787017882902965
2003-12-31,-0.0583844557229927,0.124905955592397,-0.0149583503518313,-0.0131285844254651,0.14392231692430535,-0.045301966627738
2004-01-31,0.1188310501026472,0.0411568412620138,0.0393698491382343,0.093473397953703,0.043698054878575476,0.08430855414576977
2004-02-29,0.1254960259333872,0.0369810784621722,0.0415286602704847,0.102858272079563,0.042439577759357805,0.1511796810342092
2004-03-31,0.059239562603204,0.044462420916264,0.0125895130806175,0.0352887874244471,0.056447559842427886,0.03997261487105441
2004-04-30,-0.121722433641821,-0.0913562601260407,-0.1625003173660977,-0.092455274666229,-0.08373216774691539,-0.13709329982433005
2004-05-31,0.0095567770292896,-0.0250096879277135,-0.0228868562826357,-0.0237497505481607,-0.022744645577790323,-0.015741093532315675
2004-06-30,-0.1290261465364621,-0.078075824812496,-0.1208365411629266,-0.0892785991272185,-0.06603779318555247,-0.14176309610268578
2004-07-31,-0.052207447258209,-0.0097706511025711,-0.0087513849559421,-0.0234524180987091,0.0039972494138431625,-0.024119058850886277
2004-08-31,-0.0465217546214403,-0.0173273472614176,-0.0745081117035724,-0.0275749402558074,-0.02482113240861683,-0.06780053664289787
2004-09-30,0.0346585353063084,0.0455099521158015,0.0527968805071161,0.0352263369445395,0.07090868861721922,0.03404707430248877
2004-10-31,-0.0901944907984207,-0.0609382223765427,-0.0043481539008658,-0.0826953541475778,-0.05373070950965886,-0.07859719531661968
2004-11-30,0.0868797927730997,-0.002539249995992,-0.0045831662966299,0.0402401708220581,-0.009554968011151632,0.06223463895425807
2004-12-31,-0.0918715910535593,-0.0384925378300434,-0.0615989511046309,-0.0741522671514169,-0.05259774932497052,-0.11535366101938505
2005-01-31,-0.0473713533801353,-0.0472348358866994,-0.0311007776539635,-0.0474002891470251,-0.024631471744178013,-0.0513814849342209
2005-02-28,0.1109806299730207,0.0870184907889204,0.0721985298819485,0.105882912669323,0.09287528508295018,0.1230935261124193
2005-03-31,-0.1448865031324837,-0.0720063207059868,-0.0336973640041614,-0.1224767767833094,-0.027141590509799807,-0.15767388745708932
2005-04-30,-0.129810887336205,-0.0011257880337137,0.0105423694973254,-0.0540279313680657,0.030353126185691526,-0.07055659779155754
2005-05-31,0.0058275402850476,-0.1066711637238639,-0.1358733049555673,0.0009295455979227,-0.12925316037820056,0.011731104566301997
2005-06-30,-0.0029708440798947,0.0344159028633621,0.0376685319209255,0.0016820021277001,0.036053959431314286,-0.023145608511939364
2005-07-31,-0.0906406918759695,0.0506240265900581,-0.0157234446376385,-0.0814624777235734,0.029856458269318376,-0.059048061440221566
2005-08-31,0.197264196193617,0.050117717754117,0.0589504998413785,0.1449332349041883,0.035879075770661295,0.18681838203608203
2005-09-30,0.0251690743406169,-0.0232197873201379,0.0124386556642883,-0.0149225124203343,0.006273496901336051,-0.00034682625542703516
2005-10-31,-0.0705335893747294,-0.053684896583044,-0.0260377075726621,-0.0823666225177828,-0.03044874960535915,-0.07769039150126078
2005-11-30,0.0582469698382532,0.0091474404926925,-0.0318517168827821,0.0185278147923122,-0.032747694500157354,0.03803037054109826
2005-12-31,-0.0112368240871311,0.0810369362892791,0.0508573885852894,0.0459137951534631,0.06452177780480639,0.007834451531147257
2006-01-31,0.0253316686552393,0.0723226374828485,0.0902432291961197,0.1105828198878444,0.11895597178850403,0.07607013983043198
2006-02-28,0.0537560503160676,0.0553341842693717,0.0314003705307162,0.0505400916892651,0.04006743144333602,0.06152820213577859
2006-03-31,0.0006919038994168,-0.0019151617229614,0.0690506514690461,0.0048634618633076,0.08194197796532054,-0.045353072265492456
2006-04-30,-0.023950495246906,0.1175311310334568,0.2023576872949988,0.0239395126615693,0.1666524506247573,0.00784869170631719
2006-05-31,0.3063484985714855,0.1059124147566203,0.1765111677301181,0.3017777185463315,0.13536726029236745,0.19327157959234764
2006-06-30,0.0746809577127294,0.014388675094296,0.0158540357527712,0.0329180828900825,0.01651377852726932,0.03381223870779393
2006-07-31,-0.0155535814171968,-0.0800677055737083,-0.0819451970979253,-0.0637006527625997,-0.08196066565048044,-0.07762560609158331
2006-08-31,0.0401086001776573,0.0422843171437894,0.0256416582037051,0.0170722826046756,0.03712978827531277,0.00566908132759858
2006-09-30,0.0604990365489581,0.0503238005950958,0.0471529005322068,0.0313394916479199,0.03590351393368274,0.04786188310497819
2006-10-31,-0.0043143203071399,0.0504136888816084,0.0017841605540749,0.0984634962717327,-0.01729063719243573,0.0700046103321843
2006-11-30,-0.0090329608347398,0.2043168446129757,0.1512732415701798,0.1495532756541626,0.14190502168610886,0.15141902454235923
2006-12-31,0.0178675916424033,0.1835074520232733,0.1649904665485493,0.06553079925078,0.17146415744542498,0.10468747342091955
2007-01-31,0.2421888514184667,0.1456638351099113,0.1775532643490012,0.2369112644441782,0.19885699215515262,0.21397417317034595
2007-02-28,0.2372778960741455,0.0230008684232585,0.0058906152260658,0.2288174422669922,0.005715098072910818,0.19086816036364307
2007-03-31,0.2597322230380867,0.0831049642990702,0.0845039343444491,0.1731153102364615,0.09358045074466137,0.19232409948074425
2007-04-30,0.3265515323323229,0.2248035067338059,0.274144106330578,0.39609198359116,0.3540653996986476,0.34647751443553076
2007-05-31,0.0843636145978414,0.1464073293427561,0.0765211984447093,0.0848289881079813,0.10352033636898228,0.1023774534409414
2007-06-30,-0.2248064281937856,-0.0435441649477185,-0.0270477817073069,-0.1290237857074714,-0.06556133097329497,-0.09525670978622303
2007-07-31,0.3322766974133733,0.1723538447837433,0.1334519544347832,0.2741133030705323,0.25189916234162646,0.14886935888988329
2007-08-31,0.1368557760891069,0.1654804610295484,0.1468133941193112,0.2028120987419557,0.13064915187721815,0.11044845867686703
2007-09-30,0.0258610612696736,0.0812020531962323,0.0280716691490816,0.062489452516911,0.04340305018649837,-0.006240616686620126
2007-10-31,-0.1249418477563238,0.0852405702631797,0.0186319930217027,-0.1122442061648661,0.028556890970738547,0.11401249202115271
2007-11-30,0.0177152996390017,-0.1631989638808929,-0.2059100065179742,-0.055031474057705,-0.18733043417338835,-0.08545114294689993
2007-12-31,0.2026893833634135,0.099529832118073,0.1987487067254154,0.1878887895831034,0.13283521034870605,0.1959828561789192
2008-01-31,-0.0461932490109567,-0.1699856937387912,-0.1217517256822299,-0.0337700543335611,-0.15517536472317173,-0.17235217002184933
2008-02-29,0.1275261923684911,0.0044569123398696,0.0083698797029396,0.0691404787690368,0.023751649289955212,0.03994806098055048
2008-03-31,-0.1580389857717986,-0.1785149424454802,-0.216528221887629,-0.2028352049123808,-0.21135657583478218,-0.1795108691038052
2008-04-30,-0.0938208465316097,0.0781362634904463,0.0169858826062245,0.0203815077663134,0.03751854004117661,0.09184367341767241
2008-05-31,0.0147591690951798,-0.0905251537995889,-0.0446989451362401,-0.041447284165975,-0.08525539849583896,-0.1123731047869635
2008-06-30,-0.2459221323712861,-0.1940411034682521,-0.1798109016290462,-0.2752752110037685,-0.21675551627569112,-0.2462145635295564
2008-07-31,0.1471143029904571,0.015305100546515,0.0322161111087331,0.0656803712487632,-0.024769740063749324,0.08177343807439974
2008-08-31,-0.2139905376058123,-0.105846652276172,-0.2201592252106816,-0.1920224895110698,-0.2604508216393595,-0.20093921772784162
2008-09-30,-0.085728888547754,-0.0549322920361915,-0.0630316766389416,-0.0018852311820803,-0.0522237678725056,-0.027911268336603068
2008-10-31,-0.2314609072060497,-0.2547380833371548,-0.2568082314275199,-0.2727654491337069,-0.19515976010958858,-0.30547870291143775
2008-11-30,0.2468229327695685,0.0768934294748446,0.0245031520901741,0.193487740952041,0.12640369907396587,0.14748228302036148
2008-12-31,0.1226488697545107,-0.0467464058781911,0.0296917277706993,-0.0345702386395999,0.06198478191728651,0.013554363479522102
2009-01-31,0.1541565865928136,0.0731286159259225,0.0295810230291841,0.160183258682206,0.07549986707550116,0.15813850471546287
2009-02-28,0.0985216573488694,0.0386971371879019,0.0506222316751532,0.0666657410707287,0.03098680515952168,0.11930251323736774
2009-03-31,0.2495884885928192,0.1184175358425498,0.1522817829620359,0.1878728542145602,0.16001336599156346,0.2717928763895143
2009-04-30,0.085059666572689,0.040667218113606,0.0188948495134795,0.0441877871166007,0.03613748594553101,0.05945127691706564
2009-05-31,0.0866355831996641,0.0626822913028033,0.0350512522495345,0.0726518827668429,0.016493428034396684,0.058292729178719416
2009-06-30,0.086719981500279,0.1706378104412531,0.0917203301030111,0.2026120151017683,0.06014356976899826,0.15627081986242697
2009-07-31,0.1322780455383436,0.1539474657118877,0.0928919684648896,0.2429173043658377,0.10836646736603184,0.211565146940625
2009-08-31,-0.1180075097102564,-0.2307430060449622,-0.1818699236316096,-0.2199043604668754,-0.2222234725050487,-0.21066755969700113
2009-09-30,0.0523601144568295,0.0529679414954329,0.0714925682496467,0.0457516987302586,0.06440387634922229,0.03557159050111469
2009-10-31,0.1339730124814233,0.0702559955720882,0.0767360265576984,0.0765070496692388,0.12995120743807487,0.06635738558646964
2009-11-30,0.173694361881088,0.0455251445118822,0.1033313208033148,0.1272943965846016,0.09889863529105636,0.04230387192084506
2009-12-31,0.0556054622831436,0.0343159009530527,-0.0181757875861384,0.0427102108851991,-0.008418907483703886,0.03207825960579047
2010-01-31,-0.0094096599935797,-0.1076505873814053,-0.0752801736856078,-0.0750896573603451,-0.13483223369125807,-0.05841807488644224
2010-02-28,0.0901465455938264,0.0089368393003406,0.0215951698289795,0.023469503511607,0.04791529620954549,0.009017448011213292
2010-03-31,0.0862285660029895,0.015661274067533,0.0152231066212036,0.009435847866428,0.02384652550395816,-0.001099637881807003
2010-04-30,-0.0628381873013994,-0.0802876632619401,-0.0532776169389987,-0.0747657718693141,-0.08458189472772015,-0.07061626439535673
2010-05-31,-0.0859345149829984,-0.0855260583120491,-0.0052545828027049,-0.0815182670624298,-0.06355833713534398,-0.10890400056706773
2010-06-30,-0.0860392435989888,-0.0596948247012613,-0.0995098056944728,-0.0677914137417069,-0.09932571939435564,-0.06383102388982287
2010-07-31,0.182501664620809,0.0950643686860559,0.1096709391961872,0.1158799972638757,0.11828133707683408,0.10277142882846446
2010-08-31,0.1163229653844286,-0.0207614021336807,0.1129915329928583,-0.0416439299872498,0.11675733121265419,-0.024092161625072217
2010-09-30,0.0168612610045697,0.0017175951415331,0.0803792810824317,-0.0183542477498368,0.040237681778499734,0.0034124278348206527
2010-10-31,0.0792519891484166,0.1347724882836845,0.0663274662880091,0.1007296669852664,0.11898833534832631,0.13030404937805917
2010-11-30,0.0385381185847149,-0.0701209050301959,-0.0038530831444291,-0.0661154172908913,0.026764804167397127,-0.11869505082323994
2010-12-31,-0.0104733034283953,0.0024721753889398,-0.0497349979121398,-0.0057903642754311,-0.020188018388567097,-0.014976606927851632
2011-01-31,-0.0437622593097932,-0.003266535334074,-0.0949900909296318,0.0305104319160616,-0.09247912414905923,0.02886860464168861
2011-02-28,0.1153576442593427,0.0239641583635163,0.0754562109193017,0.008747525846066,0.09999179435286121,0.028240083145598893
2011-03-31,0.032560109294027,0.0088487515945605,-0.032435890371752,0.0293078557399517,-0.061092657600164024,0.0009271821273812986
2011-04-30,-0.0293228680921864,0.0022150330900423,-0.016142297933303,0.0234205826606812,-0.043891539430024995,0.009492139845385106
2011-05-31,-0.0487172823427073,-0.0509608049452017,-0.036315756048762,-0.0406232126279936,-0.08213137399124903,-0.06764680346986507
2011-06-30,0.0389186783758186,0.018885327100395,0.0447250233907081,0.0020762034306216,0.07152213825925302,0.005175196282752426
2011-07-31,0.0114745260361983,-0.029779830541591,0.0405665914816573,-0.0422762447647349,-0.012827069205496922,-0.02609623641617831
2011-08-31,-0.0103479143055821,-0.0496057127175915,-0.022203572000236,-0.0362878818194092,-0.06100301551423448,-0.02446930540294112
2011-09-30,-0.1071735699537913,-0.0665021764429291,-0.1364526214388672,-0.0541651083192513,-0.1287458677606933,-0.10821005213109647
2011-10-31,0.0519496105373857,0.0508058022233894,0.0366070763133183,0.0649961461336092,0.03143179899183823,0.04972458457443096
2011-11-30,-0.0268294496241102,-0.0540311972901406,-0.0137125240646261,-0.0487701678170938,-0.04151587147941205,-0.06135577718517582
2011-12-31,-0.1660044316240525,-0.0277609446938577,-0.129854191738893,-0.0180099479930676,-0.06798664626911133,-0.1481933089144235
2012-01-31,0.0056590053655705,0.0480030023698838,-0.0295240625209736,0.0551258739167672,0.020959386729917373,0.04627146679879468
2012-02-29,0.1504465979935252,0.0437814643618412,0.1171228255717009,0.0595703872499842,0.0502085908312182,0.12313796061569238
2012-03-31,-0.0742988970545981,-0.0612184053429046,-0.0502464389736159,-0.0578955723689632,-0.04848086442762756,-0.12063569771187133
2012-04-30,0.0721838203320259,0.0484763577139548,0.0574019016691718,0.0442222971997907,0.027746997204681323,0.07335217599209298
2012-05-31,0.0371725413471526,-0.0156961934916493,0.0501031359812649,-0.0291586108529955,-0.0027901958088069057,0.017549164954743235
2012-06-30,-0.0406219473083364,-0.0356739504239588,-0.0227585887973342,-0.026038082109782,-0.027513101800745843,-0.0903887268853697
2012-07-31,-0.111541358671124,-0.0374942282284767,-0.041781139575623,-0.0441387624310675,-0.03469249643973038,-0.1077723373033953
2012-08-31,0.0512497161536005,-0.0349829256899534,-0.0350412278488458,-0.0074159082355914,-0.05858050293842065,-0.0010817705875530992
2012-09-30,0.0184775871652433,0.0234632042435056,0.0475443922266751,-0.0051017322589141,0.036051451231470466,0.018727927283885393
2012-10-31,0.0053561160808532,-0.0072246545358618,-0.0132846595352849,0.0196286814007951,-0.01628871291134737,-0.025389291592533336
2012-11-30,-0.1050187319352655,-0.0285588567195528,-0.1158352751537999,-0.0046307409650108,-0.0737759409593357,-0.11315543416041562
2012-12-31,0.1602473446961732,0.1386434434692343,0.1137836067725257,0.1473341800109979,0.16645571350855182,0.17832672428773066
2013-01-31,0.0619121073539408,0.0505603061626893,0.0256588692937531,0.0742334920314151,0.04368122363154758,0.04897660686312699
2013-02-28,0.0569232755007591,-0.0187940963629521,0.0365522826990065,-0.0148018873910563,0.0430980451783074,0.008219080864831696
2013-03-31,-0.0340378249800243,-0.056199272468815,0.0082242584887393,-0.0478989777183807,-0.028793953237191916,-0.08127273298255211
2013-04-30,-0.0294300658811643,-0.019110141537999,-0.0176091071913779,-0.0182217733750535,0.013086434879840292,-0.050359083122898496
2013-05-31,0.1713136133734918,0.0446105284767268,0.1109395960076684,0.0388524103175487,0.11529711204010629,0.08832049001072839
2013-06-30,-0.1464837574449816,-0.1136843049303465,-0.096683685939034,-0.1005078581434282,-0.11252186953642196,-0.20421445383529757
2013-07-31,0.1219929602681944,0.0098649079915011,0.075531193146537,0.0033692658139725,0.08028361383601035,-0.00506559777881499
2013-08-31,0.0936729742747453,0.036082732861179,0.034697496785931,0.043198255803488,0.03634533945433849,0.09695897393606101
2013-09-30,0.0769591767887751,0.0357328849949807,0.0847650364050809,0.0258893219060232,0.12107398194367436,0.015560272112183027
2013-10-31,-0.0008779556729511,-0.0153050613741101,-0.118220205154038,0.0093384029464622,-0.10278471562535918,-0.03147325644980026
2013-11-30,0.1361066390007026,0.0287932134507595,0.0629203976257304,0.0176691644076227,0.07347367557039464,0.04821243219672766
2013-12-31,-0.0173236865703547,-0.0479519198784311,-0.0433200839051507,-0.052217425348754,-0.043192706835180505,-0.06374328940567653
2014-01-31,0.0408123655725856,-0.0452738501846735,0.0451415866341449,-0.0531115780592509,0.09692014567731166,-0.0762038389484726
2014-02-28,0.0646195182701476,-0.0011413497955664,-0.0257878817542278,0.0105704030058049,-0.030894064765227824,0.010639512598846101
2014-03-31,0.0077253519344964,-0.0133575393244899,-0.0842378400184765,0.0178534676996144,-0.08510311108006674,0.0031627127558904178
2014-04-30,0.0128312410782387,0.0021540699703559,-0.007811808096539,-0.0013459755499578,-0.04052124577690874,-0.019271981624116585
2014-05-31,0.0582094760790754,0.0083004427052257,0.0223786224576443,0.0130431123129439,0.04810591589979252,0.00973835341847229
2014-06-30,0.076453151266896,0.0171490842711024,0.0506163397631713,0.0192028487054736,0.033542476953685396,0.007424250637587226
2014-07-31,0.0889556066514567,0.0849041496766442,-0.00525483972457,0.0927008629775716,0.00633559286649521,0.09418068256442624
2014-08-31,0.0903993049115488,-0.0097038082601946,0.0680277850068356,-0.0144400708155403,0.04263774468189818,0.015675303202928426
2014-09-30,0.2144616536386021,0.0367093439263093,0.0872669752716819,0.0419296027784148,0.09162959162020545,0.0764983384742981
2014-10-31,0.010091585986935,0.0239110217276357,-0.0155477385265717,0.0369429117257973,-0.014517387420718175,0.0037988440918423905
2014-11-30,0.0560125883479558,0.1214194662652392,0.027495304285324,0.1261743442094907,0.04264231511180072,0.09484560981978007
2014-12-31,-0.126821418333478,0.2836034290894569,-0.0498715116721979,0.300947169558396,-0.09575671531971086,0.15054318931135002
2015-01-31,0.1060131615974813,-0.0358413441851109,0.1031062543592424,-0.0487649593821631,0.08200792386765832,0.05115934323596716
2015-02-28,0.090768125931772,0.0221472874632573,0.1176863834185779,0.0014784456712699,0.053762923850356525,0.09476740553425111
2015-03-31,0.2634747541430036,0.1083819906958925,0.2035438846799635,0.0956752312732611,0.17397978954567161,0.21387096845497444
2015-04-30,0.201176771664326,0.1652909155889361,0.1415551053231987,0.1567277129842561,0.1879182359252467,0.10229650761234965
2015-05-31,0.3393301041089021,-0.0247047267211141,0.223880932506751,-0.0504400745106629,0.041675056271256006,0.10798475419764486
2015-06-30,-0.0740190091086351,-0.0383299184868203,-0.2278743883911533,0.033715523211846,-0.11123231973213843,-0.127447000156237
2015-07-31,-0.1986319216468177,-0.1262866334950131,-0.1752355684520572,-0.1133173934597618,-0.15999171257976086,-0.08994670285617956
2015-08-31,-0.0947592966146483,-0.1301757371542952,-0.2070407407078508,-0.1187018903169893,-0.164331464121395,-0.14931814153571132
2015-09-30,-0.0061971365751825,-0.0384488209984127,0.0065512306754151,-0.0303928649026083,-0.037781173025058234,-0.02976016814763538
2015-10-31,0.290541084791571,0.0875716162202531,0.225158996747522,0.0748478699971642,0.18839485413658763,0.23791235614386852
2015-11-30,0.1844695076543401,0.0048600445160786,0.0664968409852631,0.0182603682401996,0.017411375420198327,0.09976507358458075
2015-12-31,0.1560392172591793,0.0281975203701676,0.0201187209068154,0.0283267544172132,0.004205988096398938,0.05621109309087946
2016-01-31,-0.3166684617506224,-0.200170992171621,-0.3212365912985441,-0.1725399165970512,-0.32142280970554316,-0.19121674924332233
2016-02-29,0.0033449003036338,-0.0212747608257209,-0.0449118985292367,-0.0128595378646122,-0.038760976630718535,-0.008764736342931068
2016-03-31,0.2587170968696974,0.1092157009013248,0.1963401393721702,0.0945088156863858,0.17922454151098322,0.15602328217219785
2016-04-30,0.0574580745719619,-0.0243680029023153,-0.04083930088365,-0.0105730748649782,-0.0334249314640821,-0.04564113781242829
2016-05-31,-0.0369923008246855,0.0035191554490461,-0.0230950813562549,0.0014175648175658,-0.016159726913755224,-0.0070151453770112004
2016-06-30,0.06961970578033,0.0045931799189484,0.0570936760112368,0.0006593467412714,0.05565441532362381,0.023135739197201355
2016-07-31,0.0006619783754446,0.0311497113913852,-0.0608666366731958,0.0377248672966572,-0.024281664144880644,0.016669486327637317
2016-08-31,0.0786485421168412,0.0378695304633183,0.028584835060903,0.0475649705454108,0.045895786039375164,0.0391829612080159
2016-09-30,0.0527194869234817,-0.0256369087520401,-0.0328240642932299,-0.0219685748791621,-0.03403616905127449,-0.02703150316612546
2016-10-31,0.0491098207170115,0.022805707906873,0.0297483771082069,0.0288092664365922,0.03555366474069155,0.040932818568367724
2016-11-30,0.0500751236023988,0.0527518667891431,0.01591070544168,0.0627266797189916,0.011464524079938476,0.07609650222492115
2016-12-31,-0.0092973348132429,-0.0475522654448834,-0.0751640648218064,-0.0335605339694657,-0.05847310635393832,-0.07950286244753402
2017-01-31,-0.0414098867837314,0.0360976608638468,-0.0361204621006827,0.0481599662792888,0.0023511133342437596,-0.03365190159131726
2017-02-28,0.0503178918371223,0.020848376342142,0.0709079544670807,0.0145487991600392,0.06684499944288835,0.033500319179495364
2017-03-31,-0.0508244901267217,-9.545278494549336e-05,-0.0337067386471263,-0.0036622359444842,0.0034436368389434424,-0.0389187780288196
2017-04-30,-0.0948651618497321,-0.0015003020100815,-0.0655801095471059,-0.0050979766197385,-0.033410091799171426,-0.06131054093744548
2017-05-31,-0.0822653626460018,0.0282028278965664,-0.0442856764027638,0.0267247967693349,-0.0273711079421759,-0.047990520495333366
2017-06-30,0.0470927552939268,0.0366323081301289,0.0639561112962969,0.01738094910234,0.07677243032738512,0.04721126373790607
2017-07-31,-0.0217209400654323,0.0412140251865582,-0.039740169301388,0.0766727938506992,0.02410401285053121,-0.012826290488406777
2017-08-31,0.0559537309217121,0.0260359367835898,0.0384478376756458,0.0211379809042973,0.027320420183397642,0.045443520618400735
2017-09-30,0.0234796544218258,0.0001819286307911,0.0378051200801028,-0.009981174412059,0.0017438343906899245,0.04047061654785988
2017-10-31,-0.0279462424040271,0.0376506675675505,0.0588614555812689,0.0014242062826836,0.05312284892164154,-0.04742503992038449
2017-11-30,-0.091196947024849,-0.0060074716262796,-0.045570843884148,0.0029844228636839,-0.007390294431699362,-0.1014379490225158
2017-12-31,-0.0255586942034069,0.0111502153373228,0.0251748581952224,0.0017089340305276,0.03235243856227554,-0.034533745173161656
2018-01-31,-0.0445249701281569,0.08328204587092,0.0042457865267673,0.1241051131577297,0.08513751675241088,-0.03698233604861023
2018-02-28,-0.0696501241037894,-0.0671932702250219,-0.014665029765766,-0.0827391558137145,-0.05614758798212782,-0.06379141631268281
2018-03-31,0.1146322611115584,-0.0431175824141105,0.0080528931814625,-0.0515470087102531,-0.046476963565247,0.09200251753425959
2018-04-30,-0.0424562733638046,-0.0285926304958686,-0.033396721498229,-0.0165646955815497,-0.03071907723360745,-0.07463287267885765
2018-05-31,0.0093826856955068,0.0073190890317662,0.0565989806575761,-0.0217235053350022,0.021518994263691082,-0.022236294745269447
2018-06-30,-0.1107410507694551,-0.0636246430394528,-0.0589526819065576,-0.0601420067460695,-0.05236230631785643,-0.11789764608380493
2018-07-31,0.0344570586298891,0.0251126796615825,-0.0337949677236167,0.067479799840957,-0.009695359552234772,0.0046585520390529656
2018-08-31,-0.0930384536487122,-0.0419851836726307,-0.0769778825636813,-0.0272071645990634,-0.068426879686322,-0.09133798482136668
2018-09-30,0.0129329756946781,0.0446137911099604,0.0160814404519349,0.0435712442819415,0.03211080171062619,0.011767532267175085
2018-10-31,-0.0545747809400215,-0.074043314128788,-0.1654708985641398,-0.0229602391800283,-0.10480043733025068,-0.10931224833717978
2018-11-30,0.0865952683788799,-0.0137862674488687,0.0343330959269643,-0.0307515532408928,-0.02679788192635002,0.08610189029817872
2018-12-31,-0.0280646552469776,-0.0406774633684793,-0.0400995502923081,-0.0339874684748011,-0.03874126507677833,-0.07137267712129436
2019-01-31,-0.0441973284879607,0.0556799260363451,0.0352445166182047,0.0553264223176752,0.039134101596810966,-0.055935118422558605
2019-02-28,0.2416676633048267,0.1175801430123242,0.1857763919597896,0.084264434417606,0.14660237939484322,0.33696172145059133
2019-03-31,0.1150942382417834,0.0361373602213721,0.1057174275986054,0.0006804038002536,0.08701517231350664,0.06649989714536808
2019-04-30,-0.0239180889702127,0.0117697376385139,-0.0080245015655506,0.0125692037724192,0.027698025551952776,-0.0666053796160575
2019-05-31,0.0011516329282772,-0.0608805538481079,-0.0517360472741423,-0.0548791968762431,-0.05400895177218934,-0.08023961520339884
2019-06-30,0.0214852790690325,0.0514924649156465,0.0571571621081499,0.0342178962257631,0.06773278934966709,-0.00827509025932005
2019-07-31,-0.0098427850458981,0.0092081270580255,0.0094084455447387,-0.0033465651466744,0.004118632112340315,-0.014823826895610681
2019-08-31,-0.0233563963690518,-0.0121382695513547,0.0890819505353222,-0.0529182973116085,0.04139056786140172,-0.011762710639432905
2019-09-30,0.0200884426192047,0.0057260452201501,0.0006049240553647,0.0175425900631189,-0.007300219689568288,0.023349876485931897
2019-10-31,0.0082163861323081,0.0229759468820451,0.0408545080820124,0.0216720516264066,0.03313820606543083,-0.02043287760830137
2019-11-30,-0.0277800787144316,-0.0129923117011649,-0.0254766809255271,-0.0168793823202934,-0.02104425991899339,-0.02557862598358407
2019-12-31,0.0915748913316008,0.0609680714079565,0.0483059911988581,0.0348370962656718,0.06350013718416458,0.06435618126569165
2020-01-31,-0.0264962113040532,-0.0197091280900458,0.0378964777704895,-0.0395210713600886,0.013017162698944817,-0.025825449905640063
2020-02-29,-0.0302825951919964,-0.0221764204596197,0.0366697017864465,-0.0531526855317595,0.041328013950151954,-0.0408706898232567
2020-03-31,0.026424903331913,-0.0592164350936241,-0.0502965880796039,-0.0314990506247242,-0.10509458158357177,-0.059649782579964006
2020-04-30,-0.0059674665977715,0.0534684141448948,0.0995526818417598,0.0077864648310457,0.11587931327402945,-0.024008605585535747
2020-05-31,0.0408034602855242,-0.0106757544931865,0.0468970520203528,-0.0172035410055222,0.02562279931297451,-0.01278923256753317
2020-06-30,0.0318086187462141,0.0722301410138017,0.1505840455151408,0.0069537140952025,0.1655457496299555,0.02186922116742207
2020-07-31,0.1473587708354249,0.1190414975564801,0.1465050042171776,0.0526952595248919,0.12901079945248517,0.11235536662732049
2020-08-31,0.0855658526904565,0.0249987645641045,0.0122496855235478,0.0159331565786118,-0.01822263047373396,0.029334443416062284
2020-09-30,-0.0558653889693949,-0.0421566277435618,-0.0618004811698156,-0.0315781607404292,-0.0561503085680819,-0.05274399707488553
2020-10-31,0.0302397819435369,0.0219124572712006,0.0286131618106553,0.0087572658152457,0.005431051628726813,0.004023460216433072
2020-11-30,0.0420937562349286,0.05001634862115,-0.0210676837547484,0.0831758153393584,-0.013327628457103557,0.0570949297373915
2020-12-31,-0.079937885208447,0.0409909243713826,0.1587243764298116,-0.0537041007297864,0.16369300865652758,-0.04652968953525016
2021-01-31,-0.1006191103543939,0.0309934979955786,0.0515736508157596,-0.0015222641235588,0.05375108476439405,-0.05127363877323399
2021-02-28,0.0581365346022038,-0.0077471840365683,-0.0576154939553728,0.0559717493898153,-0.053388957720752916,0.027905967876096227
2021-03-31,0.0412096264456613,-0.0405633277188304,-0.0649592282630902,0.0325772945635962,-0.06276286442154855,-0.032862147768988104
2021-04-30,-0.0028400331397716,0.013612878521505,0.083385220633759,-0.0444867921446827,0.0730831217500818,-0.03950103829947271
2021-05-31,0.0869148113734912,0.0439971031920785,0.0654027881449983,0.031021341294942,0.0666821460488689,0.06709929783062529
2021-06-30,0.0526470725272902,-0.0010307777430667,0.0295874343613258,-0.0081188695342649,0.049573472121377415,0.025224082454732955
2021-07-31,-0.0054858406629406,-0.0611549195091097,-0.0536934968775961,-0.0561850038970139,-0.018768147413439462,-0.036911034118157215
2021-08-31,0.089534511239796,0.0145757136305155,-0.0381524335397169,0.0578914381929007,0.046984497810002024,-0.013737558566877861
2021-09-30,-0.0024632259986485,0.006267092151686,-0.0088350289073093,0.0430686503247337,-0.06714208235914776,0.04546401142339085
2021-10-31,-0.0310334995458417,0.0074023932041615,0.0364724109645566,-0.0245707104774994,0.05483825813863974,0.0013898669457865775
2021-11-30,0.125192445591812,-0.0158876314215825,0.0119507782708816,-0.0294950563326786,0.006547446255687817,0.03628988707465397
2021-12-31,0.0775951337118017,0.009980153040296,-0.0379526191748195,0.0459549064681295,-0.07268603658693851,0.05109436031291259
2022-01-31,-0.0353180884534862,-0.0731254453456129,-0.1260900646360148,-9.607224151786388e-05,-0.12688557570981818,-0.08281410240276266
2022-02-28,0.0635672246066048,0.0159772659925199,0.0119690019709088,0.0256130448955742,0.10511345127274563,-0.00594976988239293
2022-03-31,0.0044455837928381,-0.0691006448158215,-0.1044277331969401,0.0081494991752959,-0.10287596941034782,-0.09771118151155656
2022-04-30,0.0174222241237775,-0.0410328685587007,-0.0047243864382497,-0.0303684986822835,-0.14425174593085788,-0.06303943084054897
2022-05-31,0.1192639944977471,0.0253143987228323,0.0540654465220968,-0.0034122281238957,0.11159667601370549,0.03473309595197582
2022-06-30,0.0742862811519999,0.0879085098609606,0.1454709586186469,0.0271144420652602,0.08372394968906138,0.14946875839528206
2022-07-31,0.0566311478016476,-0.0545578102380099,-0.0541650648712973,-0.0305744115393175,0.002290402184683238,-0.0776980970412613
2022-08-31,-0.0091197946093275,-0.013382739119962,-0.0477220748557438,0.0066083793887867,-0.01440074167261507,-0.0367469932134874
2022-09-30,-0.0773245120239513,-0.0538039319313343,-0.0664281242458669,-0.0304255669457933,-0.04556679642686168,-0.10914280827129896
2022-10-31,0.0616916520596879,-0.0668163883210354,-0.0712390479748926,-0.0520904835480579,-0.038976790326646804,0.024195293321351174
2022-11-30,0.1061785513582518,0.0881494290980764,0.0371147753251326,0.1234608032817654,0.049534355267542685,0.06809704366169611
2022-12-31,-0.0395229365066012,-0.005028967713817,0.0121043524773829,-0.0181593453581114,-0.07358033338716319,-0.020774837735925145
2023-01-31,0.104189833549491,0.0563273372628827,0.0700030131808153,0.0422732184083722,0.055671864399450266,0.10918287584485453
2023-02-28,0.0493618642390871,-0.0084370252842078,-0.0340071835358664,0.0088949674925666,0.010745081016649394,-0.014457120092570386
2023-03-31,-0.0063740232497502,0.0053972211393238,-0.0187772135794893,0.0145228409482327,-0.016325502507877454,0.00603347814120192
2023-04-30,-0.0486665567159864,0.0194459530915256,-0.052180687245499,0.0822066391436893,-0.027558621548666506,-0.05981295002224429
2023-05-31,0.0485893431019213,-0.0427503989083615,-0.0512141985101322,-0.0234684326094873,0.0030816707841387903,-0.05799433147702038
2023-06-30,0.0503638627624207,0.0090379851198558,0.0082247620151909,-0.0018633565192307,0.00307191904258608,0.013868780806449266
2023-07-31,0.058618976577577,0.0461848008612322,0.0052037137563192,0.0831209850214611,-0.043607702249974345,0.04929857745143762
2023-08-31,-0.0011883095513114,-0.0488884338501592,-0.0437459499335317,-0.0558434092052561,-0.009070668449911667,-0.10091809957052378
2023-09-30,0.0146269297613628,-0.0077891200098298,-0.0418255827569274,0.0167145757763187,-0.010046612690467582,-0.008900069987925807
2023-10-31,0.0106085594524409,-0.0304418498364693,-0.0251808831282592,-0.0354525033694766,-0.07635599700018281,-0.014008100267171586
2023-11-30,0.1103465874575782,-0.0112921264101865,0.0114910877508203,-0.0070938177994305,0.004708323741679621,-0.013326677131392017
2023-12-31,0.0355085440749831,-0.010911092024655,-0.0310881319750346,-0.0117122984678486,-0.017571000317379015,-0.011452951745385298
2024-01-31,-0.2131169718800661,-0.0336261113376527,-0.1724779026512461,0.0426709074335147,-0.11791318078628887,-0.17787029294409995
2024-02-29,-0.0367768072186901,0.0835201361181414,0.1421167742849201,0.0425741012281004,0.16571161578499294,0.11294204134855912
2024-03-31,0.0854413473974333,0.0109024599976186,0.0017654799119068,-0.0092709737854191,0.02785048680890201,-0.028778206386558924
2024-04-30,-0.0598674382018796,0.0240016478732223,0.0034637475690542,0.0292329774324666,0.03048984939665833,-0.01903890038810052
2024-05-31,-0.0071591662629515,-0.0033137186671611,-0.0460436457279417,0.0127642739350484,-0.00839686330260958,-0.01669836668862279
2024-06-30,-0.0772051478856986,-0.0069571176410996,-0.0545687624028616,-0.0112111084643786,0.013040121255944115,-0.11455824731022168
2024-07-31,0.0345703610540681,-0.0010435278447001,-0.0125937823961058,0.0429134456897524,-0.0484282492322069,0.002293440642214817
2024-08-31,-0.0151963027943818,-0.0225066810737594,-0.034757871180336,-0.0158949947380315,-0.01413222377156842,-0.06289331932959596
2024-09-30,0.2670026609077685,0.1703783665384279,0.2500479910880062,0.1413532460029054,0.09474492549769575,0.3276394487577463
2024-10-31,0.2390730306430377,-0.0328393584714772,0.0040558079121639,-0.0191280559829076,-0.01985055798871116,0.06061235194023351
2024-11-30,0.1441958858065883,0.0055338273096936,0.0022509871231588,0.0198416618284191,-0.003990725358009484,0.04402930488127432
2024-12-31,-0.127718549857899,0.0235728725069466,-0.0328316041873411,0.0479531262852079,0.0012327798027642611,-0.06773766733256248
2025-01-31,0.014274274848183,-0.0301346536669158,-0.0287709312942984,-0.0180171436111592,-0.029807586644771678,-0.03513593557098915
2025-02-28,0.1395119856625961,0.0117271619673624,0.0730843882261378,-0.0013594369869658,0.06322583143725757,0.06933786680546206
2025-03-31,0.0240898841271757,0.0015535004311248,-0.0219639588358456,0.0140357957964605,-0.0381313119457205,-0.009246763284507575
2025-04-30,0.0307484280264953,-0.0190740556126884,-0.0031133142560307,-0.0036932902155555,-0.023426380690393822,-0.03941765338798586
2025-05-31,0.0998026894230563,0.0191187688038012,-0.0057209535206094,0.0322009910671756,-0.03688519411222446,0.028431867259997246
2025-06-30,0.0857563572140083,0.031429848428583,0.0317294386695559,0.0442790631697345,0.06375448674298556,0.04379388645931348
