,SmallGrowth,SmallNeutral,SmallValue,BigGrowth,BigNeutral,BigValue,Winner,Loser
1995-01-31,-0.1554768143139173,-0.1333254827617077,-0.1478382193230626,-0.1280577204413243,-0.1442226815817034,-0.1117722318164251,0.0,0.0
1995-02-28,-0.0455990328919615,-0.0400433979485989,0.0008538315560744,-0.0230679059344783,-0.0254907270786338,-0.0078112313898406,-0.02401491327768912,-0.0007570916687474893
1995-03-31,0.1857213020224961,0.1486450690663989,0.1613072400092317,0.2160749770209367,0.1583658598631363,0.0767851624592563,0.20544528754511426,0.07674470629256924
1995-04-30,-0.0750443418577402,-0.1182020456598378,-0.1067081225047525,-0.1103492894750001,-0.1153074569709855,-0.1075921001226165,-0.09481141231464363,-0.10651584311780404
1995-05-31,0.2352271285942109,0.2065980118593091,0.1642980520342816,0.2139965015114422,0.1804259520830291,0.0908944715670434,0.212402417564014,0.16100951816709919
1995-06-30,-0.0954960242637498,-0.0819082744669426,-0.0483841275408185,-0.121278521658976,-0.0976031636349765,-0.0306475997605327,-0.1068569332274889,-0.04676366296159451
1995-07-31,0.0470599212933875,0.0551720529821908,0.107063271355597,0.0484025926386826,0.080291596424632,0.1205586056950349,0.04850997539123636,0.06870825963145188
1995-08-31,-0.0366392552379388,0.0208305079153263,0.0998489572159022,-0.0275548412408356,0.098222519741659,0.1653115856609994,-0.010946229007940178,0.08365587151437781
1995-09-30,-0.0655054656563135,-0.0069013822680238,0.027938740029223,-0.0548929238230149,0.0292569981799593,0.0586924030907956,-0.034658919703700386,0.006695907472672458
1995-10-31,-0.0091236524069692,0.0154028629434783,0.0470627210170588,-0.0315999049065375,0.0005112171556569,0.0374894589740069,0.02446274971516016,0.0007582293420766995
1995-11-30,-0.0260020554518437,-0.0535834973119412,-0.1135997733578657,-0.0320076961656952,-0.1042140632080075,-0.1318887282460311,-0.09712104406664746,-0.040273598819395406
1995-12-31,-0.1365763047326852,-0.0900822677531731,-0.1196825732828051,-0.1272850721022733,-0.109046794409513,-0.1164709321779465,-0.12356909712246944,-0.10934252142891032
1996-01-31,-0.0821867166872952,-0.0503228654523193,0.002255646984774,-0.0853070932354986,-0.0323165043407069,0.0167258610084923,-0.0019309775416055386,-0.06353816699224901
1996-02-29,0.05144882573641,0.0185495627642713,-0.0028737159039802,0.0512653492066041,0.0162038379358622,0.0282009422541378,0.01302073884455246,0.03602628814670794
1996-03-31,0.0063490686458227,-0.0086479860475749,0.0078775922388549,-0.0026701921546827,-0.0021353302971895,0.0149021812256178,0.0066933975878213925,-0.009294524574956053
1996-04-30,0.2609610538690372,0.3491638212977239,0.3012417117925894,0.2338655858376872,0.3706939488310534,0.2631145734788311,0.27983462418197824,0.38785644319439827
1996-05-31,-0.0903104648312624,-0.0729755654264323,-0.0830334510747261,-0.0698877008939964,-0.020198040743642,0.0606183740788093,-0.0641010813939834,-0.0805494102347073
1996-06-30,0.0496708634711307,0.1629910857758083,0.1524711496273982,0.2842617415671618,0.3142826891130479,0.2389332484163078,0.1861390186963423,0.11493348744477272
1996-07-31,0.0494512077433844,0.1782125382565103,0.4346419659654417,0.0250396263918966,0.1328889643264548,0.1409959826677942,0.24100938707835295,0.12167421082962981
1996-08-31,-0.0441966917130534,-0.0209948425775806,0.0042804308955026,2.5727208659231948e-05,-0.0242992642559362,0.023527509909889,0.01785709973398486,-0.044571501225396104
1996-09-30,0.0161094812457118,0.0329262881716498,0.0482211428984886,0.0848653924627294,0.064994580029037,0.0372006027395639,0.03775101610710907,0.03358536713750793
1996-10-31,0.2024424475254462,0.3216658369734895,0.4661513312609335,0.088677405611572,0.0994115055510667,0.3872242863885538,0.2564786595345696,0.21072792763641512
1996-11-30,0.066413069116157,0.1192607625532486,0.1587410759409142,0.0377978304954775,0.0539236070010418,0.0644017310541993,0.1167859757596954,0.08404518988402021
1996-12-31,-0.2023006996152992,-0.2099798139287342,-0.2877763367459436,-0.1499259426744701,-0.129241148759967,-0.2033485237005295,-0.26094865106095855,-0.16272067223748676
1997-01-31,0.1130190807439028,0.107362571021814,0.1418826919203544,0.0171902630305069,0.092865259070777,0.0799422021586482,0.13600442345879848,0.06640515313458195
1997-02-28,0.1169705735259394,0.08482443601542,0.058555514248219,0.0784816836838349,0.0779725087404377,0.0425808778480376,0.036228560854449476,0.14761404954280088
1997-03-31,0.2515357869751013,0.216014846320544,0.187145940127714,0.170528136736582,0.2491519540403313,0.1255775931071416,0.18779646980567244,0.2189362983630283
1997-04-30,0.106495874224366,0.0851325909322828,0.0509996720183985,0.1308798489999594,0.2085946060499262,0.014904817783776,0.07409009244899889,0.0871606626025061
1997-05-31,-0.1132507912330768,-0.1394716457945775,-0.1082529230851636,-0.0542907302064132,-0.0649568808118267,-0.0893207750124667,-0.08040442991382024,-0.13183085167470543
1997-06-30,0.0045300302292328,-0.0243009667351075,-0.0251891348575232,0.0348795043324519,0.0011313826958432,-0.0747855046828054,0.04137800369890199,-0.03934717833851076
1997-07-31,-0.0399645779211422,-0.0459584450542347,-0.0419831488543605,-0.0991722445713789,-0.0666491405881096,-0.0361038870326094,-0.08834581504805572,-0.005521902831342018
1997-08-31,0.0094208693201363,0.0459209206284663,0.0972771514698136,-0.0520362750984318,0.0166372764327298,0.1013198909419121,-0.0455728758687759,0.08861359666301638
1997-09-30,-0.0868245570402262,-0.1083198188740939,-0.1293502171113273,-0.0960091582777147,-0.1280777328833104,-0.1327082966294341,-0.13076829998952477,-0.09217748877725462
1997-10-31,0.075012997402746,0.0966555465299674,0.0859319791026322,0.1643209895716098,0.117363079500542,0.0604745295042752,0.1348286577133233,0.102478373194415
1997-11-30,-0.0316985578486879,-0.036401385104963,-0.0454933286688868,-0.0383986722376128,-0.0513039737584327,-0.064940326162451,-0.02402130991455731,-0.05628361346520139
1997-12-31,0.1008682292399358,0.0571247712682021,0.0687755314620441,0.0051624489224526,0.0341953506522878,-0.0425736101006047,0.0708003378004678,0.04896416330620457
1998-01-31,0.0514858621498381,0.0327662077997654,0.0531307977459232,0.0019327137364384,0.0230715380511321,0.0125263971387021,0.03697071784535,0.04533453795608122
1998-02-28,-0.0021100641991058,0.0355879733975461,0.026799880051467,-0.0269220410733512,-0.0285660480283949,0.0238087899802224,-0.024763036940095406,0.019869703711390407
1998-03-31,0.0384364916845361,0.0951077160632376,0.0596346209083362,0.0016467839936138,0.0313353449995328,0.0215785425313304,0.0426985279570502,0.03566248541675021
1998-04-30,0.1001872910525856,0.1254463367382052,0.1416192020360462,0.0435661618583582,0.055758025539168,0.0845869376062713,0.11225926681378984,0.10345970281179406
1998-05-31,0.0597191555716265,0.1613011705180929,0.1467560490544976,0.0067204330778638,0.0905781959107749,0.061129609475039,0.07038208129611645,0.12438657500201122
1998-06-30,-0.0307407330458774,-0.072672802307963,-0.0766947418708824,-0.0698254743917876,-0.0626259332300674,-0.0751347234260531,-0.05019681689259481,-0.06862586338330834
1998-07-31,-0.0110700041133899,-0.0033062203871612,0.0296929767053975,-0.0336231226080019,-0.0123151934637638,-0.0136553142123144,-0.003736611123541289,-0.017323416141859505
1998-08-31,-0.1054527950259377,-0.1088709128619317,-0.0811622574258056,-0.1390523453315403,-0.1360395736498391,-0.1284093118818849,-0.08298321482983673,-0.14326916665858924
1998-09-30,0.1368571607414384,0.1581404702448685,0.1210056303385829,0.0444727975974839,0.0767073950604959,0.0951678829979678,0.10150431701219187,0.1002815715104246
1998-10-31,0.0435207702883906,0.0321565036565707,-0.0194684577674436,-0.0185762298147961,-0.0318642158442313,-0.0638494116463362,-0.006943169960838436,-0.010777364317383964
1998-11-30,-0.0045643971871505,-0.0130836168673911,0.0060825247504179,0.0321519690494891,0.0213452488103338,0.0082637367708195,0.0013756796038464358,0.020762539042076922
1998-12-31,-0.1017780706057805,-0.1102943832188886,-0.126004326806947,-0.0699819954267797,-0.1004994412280638,-0.0767088188675813,-0.114006343189757,-0.0729184261858088
1999-01-31,-0.007399939175999,0.0071139944432627,0.0134917902867224,-0.0151176053922184,-0.0183630275420094,-0.0182042366913829,0.0037912577412657633,-0.011672542193311264
1999-02-28,-0.0461355809794723,-0.0331636382683752,-0.0389439437500104,-0.0466418979339343,-0.0448828328096516,-0.0493280670469978,-0.03273599018695961,-0.05319839051993358
1999-03-31,0.0948918445127209,0.1231634503093195,0.1446813643815065,0.0242097883708829,0.084732275576477,0.0943633442688789,0.07741094846546237,0.0973731958304509
1999-04-30,-0.0278083629786509,-0.0574495539389449,-0.019776437128833,-0.0529236982189968,-0.0309220607954417,-0.0046379426611942,-0.04111345945404521,-0.043018969038363775
1999-05-31,0.1214103689470855,0.0696346147347626,0.050874206945594,0.1931919817230076,0.144859648692865,0.0930815831183149,0.126001257321815,0.0831289004391833
1999-06-30,0.3347162408651087,0.3002568120124045,0.3393086404270082,0.3952693232580244,0.2802559581859403,0.3413950677403461,0.3476880736177774,0.3307673826835906
1999-07-31,-0.0702150323816284,-0.0536695618097934,-0.0492970059952089,-0.0727313907080881,-0.0501917068073989,-0.0746528372485092,-0.04979200465638556,-0.05224573005117017
1999-08-31,0.0343593830127102,0.0653602365955947,0.0366581494061679,-0.0317389918987612,0.0215534338557124,0.0225128724166749,0.009580752346268318,0.03887741011752377
1999-09-30,-0.0150692042006879,-0.0299157959504283,-0.0303200842325696,-0.0240605522641261,-0.0467929966545407,-0.0360935126370955,-0.03186742247699226,-0.020974128314103502
1999-10-31,-0.038300152488862,-0.0265922444350767,-0.0447070934978199,-0.0540521087064511,-0.037410612801475,-0.0553356872621785,-0.04542913259637282,-0.03286557956296221
1999-11-30,-0.0282422394779479,-0.0259648016718347,-0.0198657856244026,-0.0440062042300443,-0.042525187374372,-0.0513626817870638,-0.039827909706232845,-0.01754542373497725
1999-12-31,-0.0380893598710251,-0.0591756084128751,-0.0786401387222468,-0.0210741680093259,-0.0721468021865976,-0.0588040135683507,-0.035370307034403026,-0.07493494514803878
2000-01-31,0.2064773857051651,0.1639063066257902,0.1384957716578176,0.1778933092071193,0.1182646633076627,0.1045659125880242,0.22526851227620948,0.08855473879614495
2000-02-29,0.1385898952519313,0.1580603840462797,0.1613322579627572,0.1280261276814123,0.1215999194776646,0.0993898969182032,0.1383528866365118,0.1386996361292161
2000-03-31,0.0742744714798413,0.1149721394053515,0.0757042797087279,0.0109760870750277,0.0437824448809893,0.0776734961934995,0.049754117688006305,0.12408245332412227
2000-04-30,0.0073611107113458,0.0185637798750388,0.0090949711631251,-0.0004744005287662,0.0313633931405721,0.0486414746339003,7.180322643929316e-05,0.02506917627504346
2000-05-31,0.0482762080093401,0.0440876043495466,0.0609672473068494,-0.0029362886697898,0.0385913584581736,0.0256698956102561,0.029869841840685973,0.05102709880068823
2000-06-30,0.0003464649077151,0.0200587792704998,0.060584797391912,-0.0033896342437998,0.0304591438689048,0.0486573022518288,-0.010237053195365386,0.04901595104132572
2000-07-31,0.0421900821738079,0.0500423383658268,0.0731430302084072,0.0107416702515263,0.0480701402390717,0.0714762099543875,0.029526170912237415,0.055890194307901986
2000-08-31,0.0158952724666332,0.0113752231288075,0.0163868518103631,-0.0126144852679492,-0.0067540327206269,-0.0269426243477231,0.009821002006204393,0.004241345188741752
2000-09-30,-0.0185728158078777,-0.0158646935680528,-0.0541840529729936,-0.0479500293566752,-0.0714167494417095,-0.0648038726689894,-0.02638687935354478,-0.056035214066899264
2000-10-31,0.0363196923995279,0.0487841860454127,0.0529154388244983,0.0042542391489945,0.0153825383638235,0.0307496234247817,0.019765663808068323,0.04081639779673396
2000-11-30,0.0683262838448275,0.0704413899275069,0.0586029708842217,0.0503147695489869,0.0669668164199108,0.0543611647332857,0.04904496382628043,0.07127750749429085
2000-12-31,0.0153635619381913,0.0091507692796151,0.0020715602223781,-0.014870209969969,0.0029262229702751,-0.0271208241333411,-0.012153404623645003,0.011611621987367649
2001-01-31,-0.0333039045692686,-0.0062105528817775,0.0020426529874095,-0.0388451435490548,-0.0082718282088384,0.019301717825334,-0.01980108542404757,-0.004551722019529136
2001-02-28,-0.0680990593724146,-0.0595526981015082,-0.053951712175746,-0.0868453581623648,-0.0491696320666896,-0.0404511820914958,-0.054621580832803995,-0.06601803625995883
2001-03-31,0.0779757175513813,0.0911066951420285,0.088003813227675,0.0793227552906603,0.0628359305535879,0.0639662318461071,0.08657757593321547,0.07512424934618966
2001-04-30,0.0351191913285389,0.013340541357607,-0.0136284862361287,-0.0011609836620566,-0.0150637379897692,-0.0258400874657451,0.0007988413082760104,-0.0014953521056305652
2001-05-31,0.0707010385737969,0.0704067322318202,0.0646499151903134,0.0339886731917697,0.0249129113670478,0.0116655137586469,0.0533320107090991,0.03509194895654777
2001-06-30,0.0009797924578089,0.0089195044894299,0.0132609176342171,-0.0175282642020525,-0.0078281253453454,0.0204704822927805,-0.0039006547756006427,0.007846604423717318
2001-07-31,-0.1297256740332264,-0.1301104350335166,-0.1409341128743658,-0.1296620745564352,-0.1247979992617844,-0.1357594679357652,-0.12627669592123303,-0.14057774968429348
2001-08-31,-0.0217075943403884,-0.0261740037242969,-0.037022798989437,-0.0409344550532189,-0.0373136725490823,-0.0427218229003962,-0.0194101878213514,-0.043318744909268014
2001-09-30,-0.0651024091170565,-0.0697580855350357,-0.0673427156796832,-0.055109090475103,-0.0403809585961353,-0.0377963886774238,-0.060977077930173484,-0.03619539056458099
2001-10-31,-0.0734832887961314,-0.0725294669303925,-0.0470683346089065,-0.0509851075168726,-0.040364668311386,-0.0247345075146608,-0.0532647670058185,-0.05709493188599968
2001-11-30,0.0499541682095276,0.0616061141456372,0.0523246838513657,0.0260056064708791,0.0359267115253172,0.0413849735261118,0.03480556678305802,0.0631793452389835
2001-12-31,-0.0800310666945293,-0.0752974329498565,-0.0708985000482886,-0.0716528913284932,-0.0560372659748482,-0.0552359144607847,-0.05821498578483064,-0.07809346422383512
2002-01-31,-0.1330488154915167,-0.1295908985149674,-0.1394988807029602,-0.0861305335660768,-0.1000136675493896,-0.0961074662008516,-0.10018534243060107,-0.1300264272562327
2002-02-28,0.0337756727392724,0.0377049655174537,0.0381983383353099,0.0157700850608992,0.0192636015246658,0.0272884373443262,0.015184160996696727,0.050407664310057276
2002-03-31,0.0935451222462318,0.08997312527945,0.0799177551871526,0.0481311437870897,0.0806668354949899,0.0498285338928188,0.05431416629008279,0.09872138270419017
2002-04-30,0.0465274015976646,0.0643101676016764,0.0704104708628794,0.0299110527910715,0.0375352998184184,0.0523117223442457,0.03618766730600664,0.054187051964164956
2002-05-31,-0.0780581488064371,-0.0918988801619083,-0.085037905662694,-0.0801008267842982,-0.091419140859161,-0.0825000005600576,-0.08309900833930184,-0.07934134813829719
2002-06-30,0.0849391554039578,0.1130525193272882,0.1231814372685335,0.1148302131583245,0.1298329601783243,0.1719001937196653,0.11068535707887306,0.12462367002519126
2002-07-31,-0.0301229076237512,-0.0394005371962101,-0.0371341006962636,-0.0176280238900505,-0.0452918511619068,-0.049385869282716,-0.0236757582106486,-0.042842857017600045
2002-08-31,0.0152229421721985,0.0123906677437442,0.0047068882023497,0.0103108203074191,0.0018186899290209,0.0087858558605948,0.007483151050923009,0.01248241128904004
2002-09-30,-0.0523317189976335,-0.0553436748546473,-0.0629778965223409,-0.0421659423351019,-0.0483992777394259,-0.0569521173268531,-0.04766794705297506,-0.06007799973808625
2002-10-31,-0.0578798618894649,-0.0636423175389132,-0.0561943115350865,-0.0413607950954841,-0.0505580961853076,-0.0428469171980986,-0.04432788293884926,-0.06525256635020438
2002-11-30,-0.0865258478202991,-0.0867827583188898,-0.0836906415162672,-0.055427459385462,-0.0544013323942029,-0.051005499653054,-0.05913473146573256,-0.08308957646514703
2002-12-31,-0.0379896477484623,-0.0524467940003352,-0.0624994092896609,-0.0498132910380192,-0.0407751387764606,-0.0535382011692542,-0.03612173375020322,-0.05768505436062077
2003-01-31,0.0953590863272833,0.0996625954814656,0.0999993445339157,0.0716692978659605,0.0776762595558697,0.1071242072326295,0.07310334490373882,0.11933152605614628
2003-02-28,0.0161499168682579,0.0148825467870057,0.0198242613806496,0.0035428745034506,0.0077624984658875,0.0143444462173887,0.013564160181662288,0.014257463431572637
2003-03-31,-0.036629538149176,-0.0322163473998041,-0.0219930568656187,-0.0026798257158344,-0.0115663445585596,0.0065986925781058,-0.009317658924853811,-0.039280740197300545
2003-04-30,-0.0763268909447669,-0.0531240781479794,-0.0250880486768226,-0.0111923436342071,-0.0014491227286012,0.0371494697902987,-0.009854689001374872,-0.06519472022377215
2003-05-31,0.0266980735221213,0.0307217126863401,0.0452347120914826,0.0320024916219554,0.0493413038251007,0.0463545295733631,0.03938133406202793,0.042338130275322294
2003-06-30,-0.0587046141724886,-0.0694951883858867,-0.0809680800149491,-0.0665543685563212,-0.0697038974224152,-0.0453302982471083,-0.06721126369830877,-0.06831001531129366
2003-07-31,-0.0356873999388861,-0.0421073821330121,-0.0363517339290515,-0.0231901333211044,0.0030290455697155,0.0086600547078947,-0.003137313263507191,-0.04417567276191825
2003-08-31,-0.0158756326727589,-0.0227811789485554,-0.0220980752910893,-0.0276404350120921,-0.0463321695187405,-0.040060334274957,-0.03762189826327744,-0.010203751966601171
2003-09-30,-0.0575367284542452,-0.0464976967613268,-0.0406419436041831,-0.0522382322791581,-0.0445371945610679,-0.0381005774740822,-0.0413744162940316,-0.05049959404377202
2003-10-31,-0.1000129020907331,-0.0820222700442062,-0.0668270213516692,-0.0583656181885219,-0.0159896926840226,0.0377173671161099,-0.017456204419424637,-0.09855378568932927
2003-11-30,-0.0009433365309108,0.0203507658963393,0.0280876729895829,0.00463530791568,0.0245755901894133,0.055235794532255,0.00742643964634504,0.038370083850109316
2003-12-31,-0.0387403939124738,-0.0243616411577518,-0.0145653838781377,0.0179088280679085,0.0559951988382347,0.1234482271948984,0.0465937116514028,-0.047942987798329506
2004-01-31,0.0922124461290525,0.0883388303565133,0.0959063673513416,0.0456338640707532,0.0685037260818783,0.0418010456635524,0.06587717124283787,0.10885491583117157
2004-02-29,0.1011845145547818,0.1005802310822776,0.0933126941774522,0.044546727438675,0.059834096115324,0.0588778154758442,0.0645751240786756,0.12064080206200978
2004-03-31,0.0484129991085113,0.0557527926510175,0.0428512756148191,0.0066186009462669,0.0423056074161589,0.0610439007849761,0.032226050881067,0.053343094793379287
2004-04-30,-0.1150235057758116,-0.0926468446614757,-0.1066879413341206,-0.1354643840625475,-0.0738006962552567,-0.0843946484114964,-0.08243175032307226,-0.12221295686057976
2004-05-31,-0.0035737740961476,-0.0094878262248264,-0.0107697866889996,-0.0260627518334997,-0.0230728466286999,-0.016050261131014,-0.02036575661535356,-0.009866421478768594
2004-06-30,-0.1331552947058806,-0.1330510568777161,-0.1235195560131739,-0.1099552218190412,-0.0783507298805911,-0.111248213343122,-0.11361589655874271,-0.13505848916277963
2004-07-31,-0.0406818924653668,-0.0344400393361581,-0.0307821450377508,-0.0005264953029443,-0.0015394492001739,-0.0008489154997335,0.02589052410365844,-0.03454061761118754
2004-08-31,-0.059224066428713,-0.0397440822540774,-0.0392589448305792,-0.0476556249184774,-0.0192381554863479,-0.0327230758151327,-0.057453518650585345,-0.04570655789081257
2004-09-30,0.0374733877708215,0.0420018058339886,0.0495044955266978,0.0448419674166027,0.056594267836652,0.0404145606981187,0.07320831081955426,0.036921556438243464
2004-10-31,-0.0709122374720707,-0.0710018031256141,-0.072306370776723,-0.0497781383762407,-0.0558748973159732,-0.0630646321574172,-0.029604160150950243,-0.0866340714994488
2004-11-30,0.0613477345302289,0.0538627735538852,0.0478938604587881,0.0080837330897021,0.0040414718016117,0.0181934412773869,0.017065873646023855,0.07331150924999452
2004-12-31,-0.085662657736559,-0.082522122103734,-0.0782846167977836,-0.0729359897178226,-0.0453371244960875,-0.0582357884902706,-0.06125852422510514,-0.10094341297987086
2005-01-31,-0.0604657648865168,-0.0768595300202215,-0.07373930470421,-0.0660354526402997,-0.0587980796728481,-0.0429637090626382,-0.06431809424422019,-0.07647859580576966
2005-02-28,0.0957017573930998,0.0994559173194549,0.1053525632350638,0.0918742008599398,0.104083181812467,0.083797954355155,0.09813770369331332,0.11752688035062242
2005-03-31,-0.1332312858956498,-0.1361961780142516,-0.1282338563232049,-0.0929385753204309,-0.0781801827122022,-0.1127547567622516,-0.09060381681072904,-0.1471287961424188
2005-04-30,-0.0948152488956646,-0.0918602279716858,-0.0589795916470657,-0.00089161860407,-0.013563818783808,-0.0386986229445147,-0.022318858145330855,-0.11057279871183567
2005-05-31,-0.0177021820911233,-0.0170155766858198,-0.0104220758239785,-0.1015776237616548,-0.1045036338105614,-0.0345786314439995,-0.0856171392357391,-0.007048148633339024
2005-06-30,-0.0192795878765748,-0.0023069828608791,-0.0085555021956142,0.0137623607472376,0.0277649038265748,0.018526034953056,0.014074193951003178,-0.018742750262894403
2005-07-31,-0.0941140012339828,-0.0767736293938152,-0.0916645396775417,0.0005448357818393,0.0373802365270308,-0.0222071218135613,-0.019259561318627605,-0.0933746413089308
2005-08-31,0.1782950188475276,0.1675919799490677,0.1637647137162314,0.0872345354004591,0.0781172300377834,0.0712590122957326,0.0887109612899104,0.20021686723667087
2005-09-30,0.0209674783345967,0.0300001680812851,0.0002805425105856,0.0057797859301653,-0.0169277183492485,-0.0017108302342057,0.029343149636468002,0.007550999096935573
2005-10-31,-0.0728423547661085,-0.0542726948988163,-0.0675431051751579,-0.0488839066983501,-0.0575156614939044,-0.0620636365458092,-0.04310852111476271,-0.07518785077224155
2005-11-30,0.0168528322655665,0.0167102135395742,0.0148101939622409,-0.0180346332964965,0.0168109402681542,0.0005555040491089,-0.00782685544473194,0.030000653149154344
2005-12-31,0.0055470318023558,0.0193618479050383,0.0118355234615534,0.0584652428447767,0.082946253344073,0.0585664971035764,0.04809459282535,0.009087645652151588
2006-01-31,0.0824548063923409,0.090406262506534,0.0870039989076787,0.0974926836841816,0.080552022322996,0.1058892838204645,0.08885526555662215,0.07912667788207339
2006-02-28,0.0177277293068132,0.0178354837418155,0.0516764777275737,0.0279401277794599,0.0522484764573905,0.027708250148043,0.004638016522083621,0.05633468186056545
2006-03-31,0.0104422137302844,0.015596528116111,0.0149310173622545,0.0209864743168672,-0.004395453041462,0.0096358596345442,0.055753153141123724,-0.022244506268868536
2006-04-30,0.0899466805286348,0.0800302289043024,0.1059099027491858,0.1401124160463427,0.1304297766221713,0.0826818409891851,0.1438423897712191,0.019421228510738686
2006-05-31,0.292645472956083,0.2684421508423171,0.286167289800401,0.1707286937711345,0.1047261135250654,0.2176747132314578,0.192229925009344,0.2979187849923608
2006-06-30,0.0380674308462019,0.0776465735936617,0.0766318410946407,0.0411610954477004,0.0081576083071388,0.0210824504146742,0.05028651339819312,0.04537979341439424
2006-07-31,-0.0019295858389331,-0.0290289963106626,-0.0187440749656855,-0.0659944824868019,-0.0619277472395398,-0.064110369091744,-0.05823696488702734,-0.04077681702475078
2006-08-31,0.0196747034377162,0.0325057726592497,0.0217862110920652,0.0349513471723594,0.0427399470836364,0.0231336270338529,0.04843467525598566,0.02309530479756261
2006-09-30,0.0737366544177808,0.057970028321419,0.0452775475195497,0.0621728435822408,0.0733289038603093,0.0219606607669571,0.04046563238694856,0.04907660678322867
2006-10-31,0.007165706933282,-0.011578585498373,0.0098092039609039,0.0078603672775989,0.0884311569184355,0.0725354104148137,0.0037010180268415294,0.005444464123160131
2006-11-30,0.0091466238452433,0.0092422334519515,0.0113750030982611,0.1538246330977255,0.165256211078939,0.1663802013735518,0.08807742101476856,0.02728899292280018
2006-12-31,0.0397014597686524,0.0393194346013558,0.0312245546536649,0.1439420648241449,0.1364826826734502,0.1610642647927556,0.09180775613470438,0.02956063694388722
2007-01-31,0.2180916560901329,0.238072404488981,0.2408746133573014,0.1851155577174368,0.134612964643439,0.2282226683473165,0.22771268257070654,0.24864637837771908
2007-02-28,0.1798485018312201,0.2031558574632928,0.2627527311749904,0.0479264324433288,0.0500068589748858,0.1226356862011881,0.13842379985346942,0.20974033597196629
2007-03-31,0.2090815187730323,0.2077218577293125,0.2208399400287157,0.0761701291137155,0.1109509207410024,0.1201474610618453,0.1193393251217787,0.20254320225589884
2007-04-30,0.3432014029690762,0.3535348104316302,0.4233162540895989,0.2446979245205809,0.2663613736140944,0.3304253206386773,0.33674658560757376,0.33939018878782745
2007-05-31,0.0425765544358667,0.0646327916283915,0.0807068420644665,0.1826448679040422,0.0805923533658128,0.0810141007413229,0.09316559067089769,0.06573288442961389
2007-06-30,-0.1784421313814345,-0.1743904447088229,-0.241401012856769,-0.0318593147004189,-0.0979418909569997,-0.1590424960773743,-0.15766328644688454,-0.16632344558262957
2007-07-31,0.2533162179077417,0.249392569929828,0.263855145398632,0.1366040681884597,0.2123485907501949,0.2489436242081497,0.25164971459567975,0.2424394423122027
2007-08-31,0.0830278196120988,0.1115161053868023,0.097417762105705,0.1583944656167033,0.1809481360415532,0.1362826182759524,0.10793913121733834,0.12443057603152208
2007-09-30,0.0311931568150667,0.0471735053946293,0.0400604281101033,0.0638053756257708,0.100983925651741,0.1025861785060531,0.036511485181675685,0.03759047300157525
2007-10-31,-0.1102044443793776,-0.0918420003488432,-0.1210115259379098,0.1068650066842962,-0.0562592801622304,-0.1079314987554427,-0.07031414545704351,-0.12839058376579893
2007-11-30,-0.0665748175321878,-0.0679406506500684,-0.0476595437552717,-0.1649986786081581,-0.1501785694996735,-0.1339858672265923,-0.14817060342622035,-0.017442409249442403
2007-12-31,0.2021046038534593,0.2190674239484464,0.1925277325402321,0.1292350498870669,0.1811058024472964,0.1791690358188038,0.21576060117389595,0.1990703637587019
2008-01-31,-0.0397610321331802,-0.0707184042420902,-0.0549514666919411,-0.1527334002038984,-0.1082305397200437,-0.1026823113389245,-0.08823839693181479,-0.04533241885172379
2008-02-29,0.0756852630191313,0.1166483393143487,0.1338814204786278,0.0056651012475206,0.0418430318036784,0.0656339897509119,0.07524377299284768,0.09365217752131216
2008-03-31,-0.1766683684451625,-0.1853980306636907,-0.1904035697840632,-0.1938775989873453,-0.2227408815598519,-0.2202108327689605,-0.21155073869546814,-0.17846943396930992
2008-04-30,-0.0514516312334897,-0.0520158033233245,-0.0581356856231564,0.0240507155332829,0.030767891277486,-0.0134614596543277,0.007004921711549317,-0.07322168013794172
2008-05-31,-0.0136910804380889,-0.0075945113420409,-0.0287916706297701,-0.1085313612973216,-0.0638383839578962,-0.068042695024184,-0.03745948265597354,-0.025724824242186806
2008-06-30,-0.2688328317850506,-0.252076132913266,-0.2671466991299224,-0.2021165603182727,-0.20595686391566,-0.2120222923233609,-0.23362889051606106,-0.2579906719675792
2008-07-31,0.1056562711198045,0.1113327940353634,0.0926348279028039,0.0227991927529669,0.0355410531167785,0.0057426879331687,0.07631628901053067,0.09839406586889887
2008-08-31,-0.2514924113264724,-0.2150448375515429,-0.2196701324109737,-0.1397123852854148,-0.1242120288629869,-0.1426364603252349,-0.2532335047222699,-0.2151700365551652
2008-09-30,-0.1003156040797466,-0.0863436572630202,-0.0695536146936882,-0.0839411452180157,-0.0393329436909216,0.0033733385821395,-0.08543083832277842,-0.05182979510383534
2008-10-31,-0.2568299276592203,-0.2614098059072739,-0.2494528718370801,-0.2805049314474327,-0.2371020597746972,-0.2207776049324028,-0.25430673277249805,-0.27468161023876636
2008-11-30,0.2268879373767198,0.2289942883598135,0.1914303402041346,0.0897860873239051,0.0923061307253958,0.0971558017359881,0.1616414229350711,0.22544308251816214
2008-12-31,0.0740912252715462,0.070459811194115,0.0356834029098946,0.0297325840886029,-0.0508868972466762,-0.0404926941669452,0.07408795398959644,0.06013936059182101
2009-01-31,0.1779875997719384,0.1459530852788169,0.1699461663561285,0.0990794384705877,0.1063635976893699,0.0749221369566395,0.1398231043593925,0.19112684713208883
2009-02-28,0.0703438795680502,0.0855159222246431,0.0902292634556836,0.0571551588200613,0.0409802297170895,0.0598546307666882,0.05230061930700125,0.11352472218475351
2009-03-31,0.2419215377358259,0.213603518574825,0.2214317017007565,0.182777737339385,0.1360827246076426,0.1124293843198029,0.197731623937224,0.24441158788930029
2009-04-30,0.050396040296269,0.0772968506799234,0.094434739675647,0.0430621633138439,0.0516800822661269,0.0201905044775858,0.06087460130221345,0.06544071662181938
2009-05-31,0.0762143962628887,0.0817009283150598,0.100450889224066,0.0164321339938597,0.0702431331692712,0.0781242498275005,0.055594952099344175,0.0839850488814855
2009-06-30,0.0367970248179065,0.0561608564419382,0.060126168452665,0.1034382583868653,0.1730848540952891,0.1276946690175295,0.05130417173397128,0.07668859819612828
2009-07-31,0.1310019838033806,0.1323725712843817,0.1569003656384615,0.136337265190211,0.1378214566623032,0.2607542161857756,0.12341678317115501,0.1762095743641623
2009-08-31,-0.1382774919272665,-0.1484018353328375,-0.1564321451620823,-0.1651154921869709,-0.2228380061487019,-0.2839563382308606,-0.17299557929048148,-0.1599542765818266
2009-09-30,0.0287896525281698,0.0186607116954784,0.04146451454309,0.0618156505173119,0.051780343582644,0.0370294100441837,0.05291780285750969,0.03861388018143286
2009-10-31,0.124963523411212,0.1254910918540539,0.1283718220057281,0.0786839091985081,0.0734048983324457,0.105639016347709,0.13319510237731857,0.1020152259107141
2009-11-30,0.1553742437363077,0.1613042128660846,0.1534622261473941,0.087206912302407,0.0404269414739479,0.1049430257844679,0.1302412902302008,0.1528564162012549
2009-12-31,0.0280914907481746,0.0329335602792995,0.0321338281390035,0.008861376039366,0.0411432359129833,0.011908321781292,0.012741201007107295,0.02955968027111444
2010-01-31,-0.0090431875248199,-0.0210783806097399,-0.0323765698635292,-0.0711161290761147,-0.0983348064059997,-0.1128089152505732,-0.05279661333741181,-0.01246226262103689
2010-02-28,0.0654017288077686,0.0733927804894138,0.0790956546601191,0.0229177528785384,0.0110030021571958,0.0316552476531593,0.059741278480748505,0.05549841262721289
2010-03-31,0.0410321548990673,0.0496825774805618,0.0371543929426816,0.0123335734204446,0.0215177770637511,0.0068056564850873,0.036602654450800465,0.027315484201634987
2010-04-30,-0.0560866611878332,-0.0530089202020688,-0.0872142496356915,-0.0562872332867336,-0.0817929429469038,-0.095805458797844,-0.06841751143680908,-0.08026615926775382
2010-05-31,-0.076449472815757,-0.0819924825119352,-0.1023372060779806,-0.064007390364147,-0.097744814559247,-0.0831359417931288,-0.06748008530277183,-0.10209752640190772
2010-06-30,-0.093233781178237,-0.0995211305708866,-0.1038356653166614,-0.0990945966838099,-0.0638497566847936,-0.0632123601479817,-0.10541934888979931,-0.0904863522116498
2010-07-31,0.159542591761014,0.1726016648666708,0.1690258201418502,0.1348105953327654,0.1091925743486845,0.0930911000865322,0.1422497940897649,0.17289238275983232
2010-08-31,0.1242084394464904,0.1019401850204682,0.092659344971834,0.0981209121311144,0.0187888887438973,-0.0380497892157318,0.12233095771704172,0.04929009621000091
2010-09-30,0.0184325126927666,0.0178971035365607,0.0027247655302515,0.0534814192975032,0.0127934748771769,-0.0088076650444038,0.024864666679890624,0.007739697420306557
2010-10-31,0.0886157976512327,0.0890655826482909,0.091431569125967,0.1460111348157617,0.1647934844181164,0.0968213216165623,0.08677951274674434,0.12474617242354213
2010-11-30,0.0151538186316169,0.0081276960656813,-0.001116649620321,-0.0236401250812093,-0.0723588364693411,-0.0552740698659905,0.030776640275772094,-0.05317908972703855
2010-12-31,-0.0266679092112935,-0.0212332391531399,-0.0258516220069975,-0.0043468813969909,-0.0038254066356612,-0.0009221857388634,-0.02276179049433169,-0.02283526967166749
2011-01-31,-0.0730809352753459,-0.0396133875086421,-0.0369102894062067,-0.0783416440015708,-0.0330971099599867,0.0249780321909833,-0.07948763777225376,-0.020930590213169564
2011-02-28,0.1177275264892372,0.1122189954941044,0.114488782302901,0.0782264245102615,0.0636914996356099,0.0111088015566691,0.11406534633803278,0.0877107889503983
2011-03-31,-0.0149200497693641,0.0067474673565384,0.0011817202468129,-0.018329855402087,-0.0115295762126611,0.0280730106499453,-0.03363201039765196,0.0183980476523935
2011-04-30,-0.0423404755743835,-0.0306453260874687,-0.0252546024684846,-0.0273964646256403,-0.018477082354662,0.0120612413217218,-0.04307174974031103,-0.01916895139039365
2011-05-31,-0.0660663889503645,-0.0629488177149746,-0.0753343513418353,-0.0565449408510807,-0.0757229733135718,-0.0499424826880859,-0.07741767169954894,-0.06652517029181593
2011-06-30,0.0361677526651134,0.027626865495729,0.0374359747369172,0.0426000912529884,0.035334751687214,0.0120581794569314,0.057707516470522746,0.012025037720970522
2011-07-31,0.0265064791510116,0.0123140049740162,-0.0001564988136399,0.0385422025835149,-0.0254829083008721,-0.0370569549625638,0.014849001816944263,0.008303534124336043
2011-08-31,-0.0230322865473554,-0.0309991346304563,-0.0446979716830469,-0.0215495017925847,-0.0693813921573042,-0.0495034496708859,-0.04853330784756771,-0.026893316424540736
2011-09-30,-0.1284553913923736,-0.1189421690197348,-0.1207788303426287,-0.1226638752614474,-0.1084216443560712,-0.0498647476973832,-0.13954146820312852,-0.10893013327665291
2011-10-31,0.0416317765694129,0.0405365848124943,0.0339266276616259,0.0247510936558372,0.0431869039140755,0.0560409556770788,0.04164956293937627,0.04541449088866556
2011-11-30,-0.0251530065981497,-0.0402907506164652,-0.0642707401974091,-0.0293537080880232,-0.0699397163304379,-0.0512818064889144,-0.040126227235580125,-0.04605033047176543
2011-12-31,-0.173385398598408,-0.1644183390978748,-0.1590422464748346,-0.1325937113883618,-0.0874876058496287,-0.0100724488227778,-0.14328727248644624,-0.15747566052566497
2012-01-31,-0.0230814146246448,-0.010742392373316,0.015856583514634,0.0123142692632456,0.0516343274000561,0.0457697338396088,-0.0006101522557602213,0.0004699063649049595
2012-02-29,0.1333369636703776,0.1281575400359675,0.135880337577209,0.1054314695549771,0.0739621559715928,0.0367092979396115,0.11779318997236765,0.14835079523041594
2012-03-31,-0.0644268928995546,-0.0664492214410945,-0.0753719519018333,-0.0691518415008128,-0.0901822944446568,-0.0541080427573463,-0.06405847676626863,-0.09246570765394835
2012-04-30,0.063123410068665,0.0825777875550812,0.1311866455793442,0.0675260644828674,0.0891225492741452,0.0348087867939932,0.04865343437026515,0.08450187924510266
2012-05-31,0.0210135464364948,0.0238152008832319,0.0064277020754934,0.0361292702785058,-0.0053811254161869,-0.0196407350557995,0.03415787585501984,0.015508359707397723
2012-06-30,-0.0575838993383416,-0.0649014924200751,-0.0753541481684213,-0.0365854267112221,-0.0572874828088003,-0.0328149350646079,-0.048035609209341024,-0.0779774605443847
2012-07-31,-0.0988669080252261,-0.0983574073176345,-0.0839338080717861,-0.0527239134839865,-0.0485218054584136,-0.0435514772119893,-0.07270652469405314,-0.11163136146389019
2012-08-31,0.0404304879134094,0.0333641864533018,0.0148046868088116,-0.036805475664065,-0.0438003323742043,-0.0211581537235326,0.009596016058905477,0.021375938235212555
2012-09-30,0.0003981820317018,0.0063043923001206,-0.0045503572288636,0.0486697057824219,0.0406024173327967,0.0005715989338985,0.009633637064441203,0.01971788279864284
2012-10-31,-0.0088950633384241,-0.0039665171325029,0.0130087515676893,-0.0235290612163906,-0.0252154718411887,0.0117100752491736,-0.002226787301241262,-0.004399299946404089
2012-11-30,-0.1334073556873947,-0.1248603778921633,-0.0995087000797811,-0.1106830248858716,-0.0597796133570874,-0.0032551583945296,-0.11353383487966318,-0.11164572341133183
2012-12-31,0.1581767657329391,0.1535612249471274,0.1542212110372409,0.1294226012103823,0.1583454429225321,0.1386339032033416,0.1753615015147163,0.16738866614609815
2013-01-31,0.0747106604742395,0.07792853619577,0.0506411761592646,0.0278414899972299,0.0312399582686828,0.073481693941777,0.058634747903833606,0.06380406086680712
2013-02-28,0.0432580386857048,0.0480700450439668,0.0279052042044964,0.0250837545815942,-0.0129702745098996,-0.0229545768954406,0.043297820587172575,0.034178081049001996
2013-03-31,-0.0114985832510677,-0.0271557562741791,-0.0330084352162614,-0.0288209611798123,-0.065965302415063,-0.0577959338336624,-0.01790174640251696,-0.05098939900861177
2013-04-30,-0.0240678074008157,-0.0246332337844548,-0.0376187329962347,-0.0285787779160182,-0.0319422597061692,-0.0138149077558474,-0.015947839573030143,-0.040106006485716494
2013-05-31,0.1480761030258053,0.1684499978117086,0.1340069248611295,0.1141154518654674,0.0819837982604188,0.039708781383196,0.15636130234839873,0.13087926791697058
2013-06-30,-0.162761927151858,-0.1577540967884657,-0.149779948462116,-0.1066083542711039,-0.1643070157580952,-0.1045003933669251,-0.13999386778661083,-0.17736143822272155
2013-07-31,0.0801306245780058,0.0975253996758667,0.0549722582684502,0.0392650570658044,0.029247453154849,0.0081677152021542,0.08755250817223525,0.050388817220293314
2013-08-31,0.0696451093535603,0.0833644773318227,0.098506082765859,0.0482453585914113,0.0579305294972569,0.0347267773670199,0.052302391630641765,0.10933371673514158
2013-09-30,0.0428199725188074,0.0643600838293514,0.0541567821805828,0.0488347984039467,0.0574875052017229,0.0305597603243674,0.07712767546494792,0.03752870571015099
2013-10-31,-0.0369180989033501,-0.0299970937778595,-0.0124971464688461,-0.0559138983966248,-0.026198483970666,0.0015946741310282,-0.04721297765858945,-0.018497412915185252
2013-11-30,0.0874953403172813,0.1003772253610846,0.0858581860661589,0.0478758200544078,0.0573599167072196,0.0174289065104049,0.10324605687210497,0.06960979139760415
2013-12-31,-0.0333187061672242,-0.035951675547949,-0.0193166969766229,-0.0321278435322419,-0.0394044300797383,-0.0504766367907453,-0.04175417038495943,-0.03782636841172771
2014-01-31,0.0292085555056824,0.0543939855853543,0.0384518080515861,-0.006036345150391,-0.0402842598558648,-0.0417832919237265,0.08560580559889952,-0.04039916352356643
2014-02-28,0.0434204549531127,0.0479220216632489,0.0433461062434268,-0.0154428552216854,0.0058457623557215,0.0113795088798684,0.01722204191108334,0.03556436546821873
2014-03-31,-0.0269834111025987,-0.0439869522507777,-0.0243704876213155,-0.0515544785432338,-0.0342747087334066,0.0078439139794348,-0.06855911265454451,0.0027223610319935254
2014-04-30,-0.0183264502731697,-0.0176083343607104,-0.0160328593372547,-0.0031080347857185,-0.00699617638548,-0.0021948937124768,-0.019082094786082582,-0.01410929125959648
2014-05-31,0.0478297110078862,0.0315359626832385,0.0156939245931018,0.0148387481296774,0.0108890429961887,0.0113124699647229,0.04647456875577238,0.01701068746782175
2014-06-30,0.0659643979262216,0.0557782664521255,0.0399167593587019,0.0262426771908932,0.0207105402240785,0.0178263914686256,0.05651872266138569,0.030197826230936586
2014-07-31,0.0566480911940296,0.0725014254717144,0.0925620626951488,0.0378077920865145,0.094810585913349,0.093380556491398,0.035584992619275724,0.10885211150238505
2014-08-31,0.0664640085272194,0.0680663133491783,0.047319692132427,0.0379459221221536,0.013249297390494,-0.0127320021519072,0.06719794874742413,0.03872346160355922
2014-09-30,0.1420837539482011,0.1566086820519248,0.1571586697147053,0.0621221370207443,0.0784395056977662,0.0440604730393496,0.14092171638952422,0.1309071077480175
2014-10-31,0.0155513453073292,0.0135287405923367,0.0291935326839425,-0.0035211878937672,0.0144772138704023,0.0370174186229244,0.000740963208062162,0.014598798063684804
2014-11-30,0.0396558839984371,0.0575127076509476,0.0597355581516132,0.0291809737311652,0.1185196719345338,0.1245673536108578,0.04255344915449122,0.07481708297745371
2014-12-31,-0.0858580473563872,-0.0800164165446659,-0.0019149587064922,-0.004337304020351,0.1898236807479407,0.2978159090600243,-0.09510420627322247,0.026514691683897196
2015-01-31,0.0893835585476903,0.0828960519776784,0.0383067759906634,0.0902596703243017,0.0237365884566165,-0.0501130701363442,0.100750276691282,0.06704536909063719
2015-02-28,0.0937236601678324,0.0769574902880341,0.06368584689755,0.0860740567449729,0.05721064454188,0.0047372708871575,0.06877108638663088,0.08737750806524747
2015-03-31,0.2342917218000069,0.2395790857813704,0.2199748971664099,0.1769858076373585,0.1340160172920794,0.1126475230939816,0.2276026724634077,0.22945294701777796
2015-04-30,0.1629068973242431,0.1720364031701964,0.1831393847352425,0.1371331667617026,0.1608789111031996,0.1917003459057076,0.17272457842198485,0.145097153444943
2015-05-31,0.3165537160307612,0.2796252604734557,0.2051472129591447,0.194505959612657,0.0694393602628369,-0.0460677685194006,0.2484319216368076,0.2246279484803695
2015-06-30,-0.1340913514898889,-0.1214867445793094,-0.0682255506353272,-0.144956404725606,-0.0878562902620819,0.0065517797511691,-0.12305077259156705,-0.1027991792996783
2015-07-31,-0.1938416995332496,-0.1966129647117744,-0.2042672449691344,-0.137147305663533,-0.1451144704038266,-0.1159766097285346,-0.181515799975403,-0.18889446484411743
2015-08-31,-0.1380836969596878,-0.1226129997179589,-0.1313481975458893,-0.1516219094507859,-0.1246017795170836,-0.1199286389080683,-0.1570343418687714,-0.1224869390027179
2015-09-30,-0.0133344087669639,-0.0434309518864221,-0.0498820277597813,-0.0343850525991653,-0.0632301651404874,-0.0373685309600355,-0.03360578052014895,-0.024761602544096983
2015-10-31,0.2077117803758219,0.189636352334346,0.1667981782248098,0.1572089932296139,0.133617936408726,0.070490036948265,0.22680973507561775,0.2450783117260209
2015-11-30,0.1158165747822301,0.0985354211524647,0.092657535553972,0.0419215171431941,0.0097618796485903,0.0085720262272168,0.07774368741384086,0.11650440518160465
2015-12-31,0.0875043125904881,0.07734942038997,0.0786879624390273,0.0373713145031839,0.0351842187937512,0.0166442954458057,0.04604714038984148,0.07981615430925726
2016-01-31,-0.3001299249720487,-0.301538341334336,-0.284218126650885,-0.2646845719204239,-0.2613101270426843,-0.1678591617269667,-0.3150862018402877,-0.27442364699659316
2016-02-29,-0.0348935355656501,-0.0197899847119692,-0.0112548473739562,-0.0376870314079995,-0.0133930497773937,-0.0173359568094619,-0.029767086556910072,-0.0074872364317905005
2016-03-31,0.1799791724267729,0.1950489729518771,0.179603204758268,0.1639567153060721,0.1503562852369373,0.0789263736448033,0.21342620953768288,0.186355877392693
2016-04-30,-0.0099179642060182,0.0097677482999567,-0.0057755020741451,-0.0391199820944379,-0.0316933256296179,-0.0127586934454964,-0.012535895483950732,-0.0096462170575643
2016-05-31,-0.0215818112252264,-0.0162933535739867,-0.0371523364436898,-0.0022164945013406,0.0050264809369864,0.0014522443413245,-0.01955536262766766,-0.013480881634900577
2016-06-30,0.0846106455016624,0.0709801812023203,0.0538741359144243,0.0466210165794049,0.0265987925552981,-0.00101875878024,0.05660041594013965,0.06137797277551238
2016-07-31,-0.0329313737957031,-0.0105892346014599,0.0109858053284279,-0.0145716627591675,0.0254148363183901,0.0379090555778638,-0.026573096069626545,0.008200352465385086
2016-08-31,0.0516414199306627,0.0504752235071974,0.062013758932959,0.0205601529631775,0.0299601247279512,0.0418252257519002,0.04930755813566767,0.04871443399528186
2016-09-30,-0.0063275915119072,-0.0061750162504252,0.011777557959802,-0.0232447877679847,-0.0260136571877785,-0.0227197639233277,-0.01685705430808737,-0.0077521566608727
2016-10-31,0.0419738387733219,0.0411453667370143,0.0483515537166183,0.0153068586634994,0.0208030478046168,0.0272600840466619,0.04334535860760691,0.030501134152497444
2016-11-30,0.0260095671657021,0.0268772896448454,0.0231335846602129,0.0073626584348942,0.0306359975427823,0.0617874631815045,0.019128019333973567,0.03512082523017557
2016-12-31,-0.049517171792462,-0.0342202707674008,-0.015197210492678,-0.0655161787205055,-0.0491645131182026,-0.0396107217938437,-0.03624463476287254,-0.06659327087406774
2017-01-31,-0.0346223310873076,-0.0252158828843228,-0.0050086946434603,-0.0244062418377072,-0.0026505258844249,0.0469928131294972,-0.020089978260822372,-0.029663912536466608
2017-02-28,0.035888479959421,0.0376782703895035,0.0502725242351655,0.0318210106591674,0.0339236145423564,0.0125647045847447,0.03918964119119961,0.040269173804474256
2017-03-31,-0.0273295680269651,-0.0237709444774967,-0.0130900360406256,-0.0056439707676271,0.0013800848906551,-0.0028192452095054,-0.01610750418108642,-0.031012358201547907
2017-04-30,-0.0737758630316195,-0.0687236768263602,-0.0531748219363159,-0.0301334807166593,-0.0169233649461185,-0.0020251348502845,-0.059960664956625,-0.06707334304051582
2017-05-31,-0.0854898337540983,-0.0739463684027268,-0.0738367931837867,-0.0317578705693272,-0.0237994329947948,0.0228708437144116,-0.07254017338463115,-0.07078820662522278
2017-06-30,0.0357458701634543,0.0328468577058491,0.0442216131214829,0.0664220645099598,0.0495901368081963,0.0286863660745333,0.05798295971367384,0.03799821792342417
2017-07-31,-0.0207285763905551,0.0040215202349929,0.0623184946845616,-0.0141019924473134,0.0151483219727646,0.0613916140057007,0.0220678672502701,-0.012006034426553014
2017-08-31,0.0337375842276392,0.026813574957653,0.0232587901681862,0.0406387113677277,0.0216610557609333,0.0236634461705969,0.024923620826295068,0.04261084437273066
2017-09-30,0.0197310704010467,0.0205684408782866,-0.0048436273397101,0.0302823223229078,0.0149109860622329,-0.0060078460659618,0.004621551559586434,0.028232151884357792
2017-10-31,-0.0282391133294768,-0.0315330356558632,-0.0404061291328344,0.0403274497964278,0.0313704506568273,0.0153920624027392,-0.0018729985660773663,-0.04033638021913666
2017-11-30,-0.0780721856047352,-0.0589689234283999,-0.0510966393699731,-0.0488107910909019,-0.0317008259245281,0.0034635805316747,-0.03986206460487807,-0.07986830969017955
2017-12-31,-0.023199458065749,-0.0198680441982855,-0.0278272204897163,0.0209724997408264,0.0102807166405782,0.0030610663041614,0.0005526028054911869,-0.032658453515697405
2018-01-31,-0.0440976946790377,-0.0358601700509216,0.0020193405346049,-0.0047160236358312,0.0087567463926372,0.1093879085225477,-0.004687617688428847,-0.041319018376240524
2018-02-28,-0.0468764606817501,-0.0396890032547013,-0.0485586035621609,-0.0149801385610691,-0.0418700818232512,-0.0798993929726019,-0.02457440560458357,-0.060365117720509676
2018-03-31,0.06341524433941,0.0317013739061291,-0.0192852575843491,0.0297250911904782,-0.01312195037436,-0.0521173322769406,0.009282071634435507,0.09353734173283401
2018-04-30,-0.0417095878788614,-0.041873786062624,-0.0423564946342339,-0.0314651783489661,-0.0438700894394997,-0.0246759856048766,-0.03349898849344035,-0.052663391033296314
2018-05-31,-0.0191796228868635,-0.007530538804198,-0.0229608331389749,0.0487770349801586,-0.0072598221866285,-0.0183237098108142,0.003641841748770025,-0.009513530247016955
2018-06-30,-0.1146559294259192,-0.1210438294792817,-0.1109412444806878,-0.0703787727679814,-0.085984573857208,-0.0631920411975809,-0.0835600465656865,-0.12401611726246675
2018-07-31,-0.0062106243958834,0.0091869381039124,0.0208430664755006,-0.0272805699223291,0.0127358046769927,0.0502399327391209,-0.0095893200311018,0.020939637483833762
2018-08-31,-0.0817427302947735,-0.07388228885785,-0.0576680661211879,-0.0924136018271628,-0.0539170505044601,-0.0255082971010985,-0.07868887227823851,-0.0834532500273586
2018-09-30,-0.0204570365397848,-0.0046776332549852,0.008121169671831,0.0089665637577498,0.0224008377228792,0.0522186029402813,-0.010420937579272982,0.011536148397946144
2018-10-31,-0.0924203528973787,-0.0953071717834623,-0.0976576878626039,-0.1427442547035627,-0.0847309073689563,-0.0419501578965176,-0.10247793013774598,-0.09276079399535886
2018-11-30,0.0640200204422898,0.0666659887271723,0.0607192503887836,0.0366167947437021,0.0138146154507674,-0.0318234372805771,0.02918351731844937,0.08348482310470051
2018-12-31,-0.0339804550885833,-0.0496005542881129,-0.048380063091849,-0.0418065564752075,-0.0484734886053211,-0.0372214534241186,-0.03769093936736512,-0.05132071559174434
2019-01-31,-0.044306544212716,-0.0074746237839232,-0.009608034014814,0.040722305194653,0.0336841892317705,0.0527271140946976,-0.006137061531114596,-0.04329574069292563
2019-02-28,0.2339771811991824,0.2177607742015539,0.1978672815152602,0.1798189826827101,0.1739069880106123,0.0929863208890171,0.191523949255616,0.27081860526121315
2019-03-31,0.1159487444085562,0.1076485100034936,0.1194489131884681,0.1038288462936747,0.0737753896069508,0.0104469859504172,0.10656318794947528,0.09782133380227664
2019-04-30,-0.0560246293279521,-0.0227712475899288,-0.0306709159066219,-0.0105261299750349,-0.0014097622407965,0.0050292246611809,-0.03026599921792128,-0.04936422193306689
2019-05-31,-0.029067945987208,-0.038254886964293,-0.0492868509764323,-0.0533707345904029,-0.0744060668742886,-0.0598524449520563,-0.04927243693254324,-0.049931664787205565
2019-06-30,0.0031499466539015,-0.0019974012915016,0.0015546976025098,0.051592881979346,0.0383164008926248,0.0359718953098895,0.010944019621297763,0.003698579510853728
2019-07-31,-0.0180929408473512,-0.0271794847865955,-0.0349202115030526,0.014052419114114,0.00037351731427,-0.0013256564450481,-0.015345412127195646,-0.02104864082649338
2019-08-31,0.0003998831253806,-0.015041611235683,-0.0296892423100585,0.0465239877533512,-0.0171961496404629,-0.0503293672174878,-0.0007050976017877186,-0.017070970615541303
2019-09-30,0.0285194243937616,0.0101093367491837,0.0014185708343013,0.0009517703142971,-0.0035788360757503,0.0167946865322876,0.013629684601178749,0.016464817202995086
2019-10-31,-0.0081743181841559,0.0011754513588668,-0.0068234296055779,0.0190184119056171,0.0136015248738197,0.017837975761767,0.003118947065041011,-0.007992414917810442
2019-11-30,-0.031335648036641,-0.0256437326040955,-0.0263092177985599,-0.0173335570862949,-0.0160793607583936,-0.0144046260482486,-0.02656787250826853,-0.022651238442276123
2019-12-31,0.0848364109135773,0.088964827135709,0.0706662994188773,0.0626323197972937,0.0828833976987801,0.0490847903305553,0.0866537367274538,0.08139474425511128
2020-01-31,0.0206803351799125,0.01605959110975,-0.0051951365123669,0.0197832395001074,-0.0239093058921998,-0.0395145752604867,0.03237262610139546,-0.01646008524332787
2020-02-29,0.0208635676144108,0.0120644270940546,-0.0009121905475166,0.0183407677971061,-0.0176160802432528,-0.0467545139629158,0.02903244349889844,-0.009370103345641922
2020-03-31,-0.0531351091462709,-0.0511765762189032,-0.0164131140809438,-0.0519165304688509,-0.0760080009255311,-0.0444931387472042,-0.07295344006221893,-0.023950813590835396
2020-04-30,0.0218840862693128,0.02241042720367,0.0009820278883276,0.0840177527556944,0.0506049664034407,0.0181857096108704,0.07016477744973315,-0.010376352616957463
2020-05-31,0.0362722598410503,0.0235777452257475,0.0105817852715079,0.0271091969841594,-0.0251244061087493,-0.0197904073812835,0.027876497680760393,0.015310133788262403
2020-06-30,0.0776950747624485,0.0589812103388061,0.0315590418811908,0.1290919128561252,0.0566124835225878,0.01567415062829,0.11687313470768745,0.031241515060919323
2020-07-31,0.1378728311261055,0.1425054145804805,0.1374852376146393,0.141650594562475,0.1631588839746749,0.0636905254232858,0.13575126244630287,0.141331766067194
2020-08-31,0.0396822105470779,0.0433377485651491,0.0252168233490581,0.0216945939220714,0.0375139190390254,0.0125241218635183,0.014778577788016944,0.0500835008568814
2020-09-30,-0.0699491403283649,-0.0748140271317719,-0.0678417595802546,-0.0626375373104125,-0.0450757848933796,-0.0359492284344666,-0.08333495969397231,-0.05453233735385521
2020-10-31,0.0211552647392774,1.5319141956959825e-05,0.0007422794250704,0.0191627650668937,0.012496712178686,0.0045441136025738,-0.0006860406596771451,-0.0042208533173476726
2020-11-30,-0.0044050769535394,0.0174062937927286,0.0519691586890649,0.0116398789250657,0.0678219104081399,0.0830331649421451,-9.86890835907861e-05,0.05330740281572521
2020-12-31,-0.0638298934480863,-0.0359764769427911,-0.0138763160533169,0.1010673772937202,-0.0054314598763833,-0.0506834395291958,0.003668513700249232,-0.05220005146293394
2021-01-31,-0.0876320165096917,-0.0842210140253176,-0.0929916319638369,0.0333155942435579,-0.0080164456031041,-0.0066522728488181,-0.032746047145171264,-0.08788815577135156
2021-02-28,0.0214469535827233,0.0370029491097039,0.0540795284276613,-0.0329986362033664,0.0131586605351363,0.0511504194738658,0.009007849144642366,0.04239160399550923
2021-03-31,0.0090238478220923,0.0327317425436968,0.0421566282194714,-0.0564164571754864,-0.0393352583811,0.0294556157314753,-0.0021722630313388835,0.01233921641988922
2021-04-30,-0.0009324151340497,0.0172638415084742,0.0090518498119305,0.0450172261563401,0.0047352024171785,-0.0332111993668581,0.0320971593049304,-0.00945772297085623
2021-05-31,0.0742118332734833,0.0595178405403404,0.0591724899178143,0.0591209822788671,0.0381803099335866,0.0321262493231977,0.06397788695031337,0.07203402454690822
2021-06-30,0.0610820379580534,0.0257974989432849,-0.000284896629073,0.026341507022793,-0.0325096408184462,-0.0117376592299963,0.03822692889138368,0.03214020387025851
2021-07-31,0.0493737353193497,0.0104990796647312,-0.0289275708392405,-0.0422421436562487,-0.0607666616525731,-0.0457922728785518,0.04125528610928919,-0.020096007493773493
2021-08-31,0.0292415834090069,0.0838961161652329,0.1014589221621062,-0.0130682184672827,0.0742163488644007,0.084878289019616,0.09202546902357533,0.031310312095177206
2021-09-30,-0.0530357610994277,-0.0245226503583766,0.0149826620942963,-0.0064651083615242,-0.0059573418367723,0.0349892512785376,-0.04325428392353303,0.007745737064510871
2021-10-31,0.0037268988144461,-0.0239641668079354,-0.0630801537949512,0.0292267537999075,-0.0092340952328939,-0.0423707221225058,-0.007475517491612016,-0.027805405628656188
2021-11-30,0.1402804111520683,0.1307095597072005,0.0724414089717326,0.0206650844089173,0.0042853432063152,-0.0300569814204039,0.08078762326126232,0.11793592370137707
2021-12-31,-0.0030996910014043,0.0367123389997456,0.0652927288227913,-0.0012561260445438,0.0248168366784358,0.0442147548441025,-0.009509966201855624,0.05740118680453499
2022-01-31,-0.1104092088609208,-0.0926172809075263,-0.0704612983000742,-0.1157351055828838,-0.0674997593897672,-0.01831414351356,-0.12668879412739964,-0.07503247030231786
2022-02-28,0.0537227697162983,0.0600382309459031,0.0680388608983,0.0145276558643172,0.0283511344674598,0.0321800092993722,0.06567979386369727,0.023278101830564557
2022-03-31,-0.077624854932582,-0.0401963318951061,0.0281164615140112,-0.1061852181022118,-0.067306911743203,-0.0006701104306442,-0.0687583265816899,-0.055673692593771085
2022-04-30,-0.1944029466209204,-0.1707582644361259,-0.1438493640404616,-0.067714361695197,-0.1014470108697321,-0.0242539386429929,-0.17088042832844597,-0.010886995410540612
2022-05-31,0.1399534418136208,0.1112224541777704,0.0979850021435686,0.067898756062954,0.0603226479298071,0.0016452473933818,0.12810424829577327,0.09203487192242688
2022-06-30,0.1131928599273643,0.0744316130528712,0.0330859011822086,0.1338881308064874,0.0765268818708826,0.024311832660109,0.06908702776914666,0.10092329119849319
2022-07-31,0.054950840553545,0.0562033247271849,0.0273209047207503,-0.0480784038769243,-0.0269508129758107,-0.0361980029873796,0.04016834193015684,0.011225985885459533
2022-08-31,-0.0607746867014467,-0.0397768395804568,-0.0226700189097184,-0.0387893315022883,-0.0042826878805253,0.0085233941895077,-0.03797380709574283,-0.03537569373826488
2022-09-30,-0.0922388950547541,-0.0979583746581934,-0.0716305390328702,-0.076678401832096,-0.0745104760161142,-0.0273139646261671,-0.08024137219706162,-0.10055652545496152
2022-10-31,0.0638764970933887,0.0479687161291051,-0.012160239059783,-0.0452631846859902,-0.025567634106569,-0.0601061288130005,0.02784855287365473,0.04158818962508115
2022-11-30,0.0450712987308352,0.0717464057302768,0.124806217430047,0.0613964851368273,0.0998347625319935,0.1158054056817756,0.08584336780328883,0.07226080752483943
2022-12-31,-0.0435761013946132,-0.0420037800931799,-0.0379845246977288,0.0018018271742241,-0.0311424966970356,-0.0240533058040948,-0.04060478725642391,-0.03558268436801548
2023-01-31,0.0929123613245348,0.080440257250739,0.0440221775965532,0.0800139150592955,0.0529174733038222,0.0372433483223726,0.06993209345216123,0.09434171734434393
2023-02-28,0.0354180607643233,0.0439713370645815,0.033626209293849,-0.0171416681026357,0.0284373795557018,0.0014807949848205,0.018550025283621707,0.041093976324683146
2023-03-31,0.0002416987141959,-0.0163768467584869,-0.0378871487398408,-0.0115747136881948,0.0072695418581569,0.0149692348098164,-0.035653069518502,0.0038899537120244965
2023-04-30,-0.0438127929359402,-0.032353015109849,0.0080618140653458,-0.0414048032309457,0.0158693843298258,0.0808806219366329,-0.032865688259098746,-0.04013014366870593
2023-05-31,0.0112508294436408,0.0221958261709909,-0.0067024702167848,-0.0553667772365997,-0.0251891154393985,-0.0263312386449788,0.018220961374526112,-0.02038146115453976
2023-06-30,0.0309346001053054,0.0381494126212065,0.0280485295123229,0.0180410505058701,0.0168024830527648,-0.0066352971719026,0.02605716081294185,0.02144050622490279
2023-07-31,-0.0143995486579433,-0.0078895187709826,0.0580184776915806,0.0210325218542082,0.0145819514875349,0.0671806507246171,-0.04349032260492769,0.04690443983442383
2023-08-31,-0.040263399501182,-0.0318285118480207,-0.0532481299222037,-0.0617796296248017,-0.0487005050769322,-0.0462759294275861,-0.028204388163900473,-0.06447504883641442
2023-09-30,-0.006558267209079,0.0150233921537048,0.0016594363965569,-0.0296310874045543,0.002138735463238,0.0100389921361283,-0.006439869008599053,0.0016007054190363412
2023-10-31,-0.0058067560083974,0.005393860200473,-0.0109744953504917,-0.0193620400860097,-0.030835490107542,-0.0356795249233066,-0.02072995265099875,-0.0006229328355110697
2023-11-30,0.0522726191843943,0.0565614586629816,0.0369061548580487,-0.0107938530082781,0.0043378193437633,-0.0075160603791137,0.04679166391145784,0.0495317282334693
2023-12-31,-0.0225898520525588,-0.0186052300100133,-0.0220302733008127,-0.0232368520090447,-0.0188381718657449,-0.004724783591539,-0.010568104966584224,-0.011799520592699508
2024-01-31,-0.2187997162882772,-0.2156646984509419,-0.1451965297207275,-0.1612718157235171,-0.0801585192037126,0.039109633337107,-0.20881609601817808,-0.19109493313159165
2024-02-29,0.0488048085780914,0.0406523717692377,0.0032914712383991,0.1278156711721652,0.113749252402209,0.0461234275259681,0.08037043748988326,0.07368779398387315
2024-03-31,0.0563947784477385,0.0747868156000146,0.0578404991479675,0.0029879494581037,0.0219822591659715,0.0020658348922804,0.042977590060127024,0.027837461100600036
2024-04-30,-0.0435174564547335,-0.0235176953520933,-0.0169350921339751,0.0142140698323356,0.028562819600066,0.0254172280384303,-0.010983670076880725,-0.02962937559248313
2024-05-31,-0.0186118579823866,-0.0047635488546043,-0.010675023696687,-0.0259542989691443,-0.0061630854063186,0.0097842421851164,-0.014736330223031113,-0.012687062636473012
2024-06-30,-0.0908920899900418,-0.0886367436699873,-0.112135338725818,-0.0518789874739226,-0.0127321862780073,-0.0071195335932136,-0.06521493048034388,-0.0995120542492357
2024-07-31,0.0042767260231728,0.0003058382505147,0.0361709466624162,-0.0039044203683848,-0.0201961633956055,0.0167908667833054,-0.00014748303727762924,0.01249611589698274
2024-08-31,-0.0376945610193887,-0.0352430595747248,-0.0321497037077986,-0.0418273975250729,-0.0308762603348992,-0.0164730527559109,-0.047548582201599854,-0.02911523213182432
2024-09-30,0.2503240820119923,0.2188698366366606,0.2210983662042867,0.2443506620308813,0.177080880847092,0.1417996318630296,0.21443347028869764,0.2814836107812
2024-10-31,0.1374820984838316,0.0889878993177815,0.0763283270625008,-0.0021423276022738,-0.0199011047184252,-0.0238934265701513,0.12620867200357466,0.07886609984013115
2024-11-30,0.0390400345758539,0.0502341406215285,0.0663242396285352,0.0190641970880847,-0.0048923043757412,0.007505764877157,0.04682453083655713,0.06562906498100096
2024-12-31,-0.0713026827066675,-0.056024459473516,-0.0600126764219564,-0.0143288928110526,0.0063903147836554,0.041511442657943,-0.05805291933683576,-0.06508944808317063
2025-01-31,-0.0029920725368075,-0.0123233458341112,-0.041055988273883,-0.0233630479154238,-0.0340345188159124,-0.0276034705114147,-0.014036451654638293,-0.01838128420103713
2025-02-28,0.1121995809440226,0.088355141091132,0.0594139184035757,0.0638785448678993,0.003183725431493,-0.000281797018897,0.10662187860983563,0.0791758313923947
2025-03-31,-0.0203712093727096,0.0043531224424593,-0.014412351503348,-0.0074043854850068,0.0040485862784396,0.0120546316479763,-0.004527893347862744,0.0026018504230216344
2025-04-30,-0.0304632413200834,-0.0127817298441975,-0.0106338692619533,-0.0286766555334688,-0.0360966263723224,-0.0101630147292697,-0.018623324578288192,-0.02572190164496313
2025-05-31,0.0559079456465181,0.0718837025388217,0.0623093318523306,0.0030479331941823,0.0238929469622468,0.0312674154692951,0.03492925844661898,0.05422732447194356
2025-06-30,0.080481521723821,0.0644620737906491,0.0441585629136049,0.0363288725907557,0.0251915355003242,0.043854806027326,0.07069422591334162,0.054842137148370496
