,SmallLowCEI,SmallMiddleCEI,SmallHighCEI,BigLowCEI,BigMiddleCEI,BigHighCEI,SmallLowCAR,SmallMiddleCAR,SmallHighCAR,BigLowCAR,BigMiddleCAR,BigHighCAR
2002-05-31,-0.07647448242926169,-0.08175596192412649,-0.07636256789792473,-0.08566067650622466,-0.06596089189127763,-0.09972992329239272,-0.0824358169593673,-0.08733227438536639,-0.08580950414545163,-0.08344019190220464,-0.08638456470722522,-0.08430249761438469
2002-06-30,0.11339743651289957,0.10658351215076722,0.09493438936367804,0.14031906658605986,0.1436797093603197,0.16899768435880635,0.10580731440042168,0.11854141020466757,0.09630674896690361,0.1515856906657187,0.1384006809446947,0.14671980661963713
2002-07-31,-0.023245424086999256,-0.03817533472096635,-0.0390660070331591,-0.04054218169663948,-0.04044425090833148,-0.04022901692543135,-0.025822353600618242,-0.036726196475458606,-0.030096292592875384,-0.05246646191094917,-0.0408362168005838,-0.02132816093939527
2002-08-31,0.0020885900983849126,0.01338266757434936,0.01559586319338635,0.013949448442543977,0.006761287801847482,0.0010960052066548709,0.005969150779298271,0.011985712734907006,0.013903803079815091,0.007860377390345619,0.009172489895188818,-0.0036915885493600253
2002-09-30,-0.04886853180151529,-0.055124512438609496,-0.05805413031835516,-0.05040566822904957,-0.043273209255658585,-0.055970374470594386,-0.05128225147190868,-0.05794093820250712,-0.05785052822199044,-0.057071038139061114,-0.04775642706120353,-0.04567051574847536
2002-10-31,-0.04515231339944947,-0.06033696021671775,-0.06208488341456875,-0.053530905541043894,-0.04045716328836646,-0.045074863623083994,-0.07183898431527713,-0.06027877586595387,-0.05831534674787642,-0.04654020767195044,-0.04253663435140298,-0.0534692046568922
2002-11-30,-0.07051252732442781,-0.0923712007615416,-0.08154447135716303,-0.06264070559137358,-0.06542499820393743,-0.04611088475643432,-0.08515334759263582,-0.08362490790341226,-0.09764239207194736,-0.06237876945874554,-0.052865146650702854,-0.03806781826204453
2002-12-31,-0.032966418879514015,-0.04609097509701021,-0.05731328154146065,-0.04761296554368133,-0.05973623633732872,-0.056470043747156695,-0.05519339573505688,-0.05351270322930568,-0.04717175331300205,-0.06444105040563564,-0.04628345974473558,-0.05360777926138571
2003-01-31,0.09918792287531453,0.10656106720497882,0.09472598758541095,0.08742190118258852,0.10045620799286925,0.08610464907979654,0.1102271765764622,0.10993286942888902,0.10547848670925886,0.10523739314311298,0.09249126176474642,0.07723211499510918
2003-02-28,0.013996143883133971,0.015329193257521023,0.01094822305046561,0.010913463022340864,0.007950398676478843,0.00785791752207099,0.027177163060827514,0.016446255265463394,0.014461434274272378,0.003945886987898106,0.009775226026454087,0.006534024355535406
2003-03-31,-0.0229844827193717,-0.03594583032474541,-0.02607435906553035,0.0031256941932307214,-0.01769300991420486,-0.0019718746206801585,-0.04172860622844443,-0.034463392872821075,-0.02626061703895044,-0.0172576031360846,0.0025763213590817013,5.0129624454831045e-05
2003-04-30,-0.026547007562519265,-0.06148087693268944,-0.04429325610103485,0.0022773339906274614,-0.024848815281564907,0.024849108817634802,-0.07032700587438234,-0.06338085525831927,-0.04842312626679379,-0.015167561252817485,0.019253879048863887,0.03762622345242117
2003-05-31,0.036151368379481186,0.031090080997519864,0.044648458385082135,0.05078097791922609,0.05909358786294705,0.052058363940937324,0.04217446233382316,0.037346634750792695,0.015961537485790878,0.05024593692969481,0.04316976074693679,0.03866284045341972
2003-06-30,-0.07345923584075076,-0.06813542508137327,-0.08003703933305129,-0.06104995537141866,-0.07553666499831868,-0.0738148478225662,-0.07583014666739674,-0.069615849640428,-0.06623793483032381,-0.07665370353494028,-0.04832455809539793,-0.07125953883333624
2003-07-31,-0.04010829276616068,-0.030848260616944123,-0.03553951814380807,-0.011365783317894507,-0.01148493092378533,0.01592780922943393,-0.05163366242003864,-0.037704931683141374,-0.04638752137069846,-0.016810165955713163,0.0016603729761199837,0.018001829580626127
2003-08-31,-0.021116037925065223,-0.017588826387228473,-0.020044018083647863,-0.036793184726407024,-0.02802362979836437,-0.045118421661666686,-0.0104979104892855,-0.021302007898438502,-0.018731986389274424,-0.030593728257266473,-0.03938214764286185,-0.04483801895908457
2003-09-30,-0.05325694732347808,-0.0544582780926407,-0.015718537720304293,-0.03092298557533124,-0.03837103103176365,-0.04393539938117674,-0.055366874125403975,-0.04833467295284677,-0.04308147115648009,-0.0437708839882015,-0.042476287195366114,-0.044333812786299776
2003-10-31,-0.09533233208777292,-0.08412954857379618,-0.059308855335114874,-0.008393131036920631,-0.04501779010940332,-0.01781490412250153,-0.07968845021023196,-0.08382193286342621,-0.0675746274037703,-0.04535795434883794,0.0022152375515360756,0.0018910976265218427
2003-11-30,0.030238770223641964,0.012236376877795996,0.011853683099984913,0.030281369973601313,0.026517487590995925,0.033899877447187476,0.04015708278378449,0.030515921819082914,0.006394459773810368,0.03599828708599384,0.031412223887840485,0.03255934523780324
2003-12-31,-0.029062489624263943,-0.03508419911915073,-0.02240058257362698,0.06370310725907591,0.0143091171428964,0.026758432944497645,-0.054174300724050606,-0.03029857086712573,-0.01255587955637727,0.004384788742278767,0.09164886256212745,0.09076108455269205
2004-01-31,0.08933487728837064,0.0960313404839861,0.0942422445177793,0.03950068869501511,0.07805006191068142,0.06534924830257105,0.11789983404164883,0.10230819517499445,0.09984794829798571,0.10589794847155698,0.05177495867389781,0.02478623707291394
2004-02-29,0.11442621842887957,0.10804753475973339,0.09233267176434712,0.07236747679329847,0.08408251781875253,0.05327398090845348,0.10900777271286222,0.10649706984690988,0.09015487125584154,0.09404488678004963,0.048662692507847716,0.041975088406112304
2004-03-31,0.05488117991794983,0.05100103524850752,0.03604021568361282,0.02549833767286347,0.0229879030537381,0.025037271806186645,0.04719857013654938,0.053547999882283204,0.04183872964680968,0.03700547555837819,0.04807626340896509,0.01947684178472442
2004-04-30,-0.10518256787797586,-0.10970484299272099,-0.09248214590307868,-0.0921177868630616,-0.11608390307972793,-0.10766221854072922,-0.09950311771733877,-0.10485941679786792,-0.10296460893174963,-0.12471721250558543,-0.08604187358199555,-0.08059657566397194
2004-05-31,-0.00453054149925014,-0.00016509287373633885,-0.008064559348923361,-0.03735314234386822,-0.02685255932882269,-0.022238566192297915,-0.010176116774344712,-0.010247172875602062,-0.0012433118309336244,-0.02697950518887593,-0.021258795508118045,-0.02679274917106167
2004-06-30,-0.12985873293224537,-0.13755738565652398,-0.13889457242552505,-0.08989981980503581,-0.11725518251455436,-0.10980769419874259,-0.1415224252569438,-0.12384468345818744,-0.13891966413656132,-0.10816545543445355,-0.0942671187076497,-0.09085091578078242
2004-07-31,-0.032007891866320914,-0.02971814736108702,-0.03538798723024217,-0.023766555678799595,0.01694668219726614,0.0077130152887590064,-0.0398971683507684,-0.033650912491126506,-0.030467547094237823,-0.008913376200953227,0.000282509820509258,0.00047379027417537856
2004-08-31,-0.035200372060376184,-0.04698876714138933,-0.04227302386541476,-0.04362351201727621,-0.04856400766456048,-0.03466684522017838,-0.04666099154946446,-0.040615164494944844,-0.043766411531283134,-0.0397253493958003,-0.027687475840939446,-0.03741004749442256
2004-09-30,0.05961067128492736,0.042958593753910757,0.03368761114192731,0.06818301073510535,0.05683911525650043,0.07407943454025578,0.04692254507909155,0.0457589260629947,0.03776720132030564,0.06509819070811562,0.042208278254894704,0.07717103769683642
2004-10-31,-0.07526658875395664,-0.0807906393036687,-0.06847661469810218,-0.06431827187702666,-0.053285890354391685,-0.06584569533799867,-0.08099743182965924,-0.07503423289304612,-0.06443566522132649,-0.04310516637720463,-0.05229734907490946,-0.061431634585880524
2004-11-30,0.06945179647430488,0.05513217920171454,0.042157113299840177,0.0068080368666960656,0.018363369054329004,0.017993036888169334,0.06734306398749035,0.06474967979633339,0.0354263684149656,0.022392180339672496,0.0016812465148232647,0.012943821329024496
2004-12-31,-0.0723076341845561,-0.08441709917116247,-0.09198755125625047,-0.06337174083422004,-0.07238240668919227,-0.07046832460656316,-0.10275134522045859,-0.086333366469867,-0.06928512479492521,-0.05539572305511187,-0.05609654723950519,-0.04494074045231411
2005-01-31,-0.04053061158282256,-0.07113172955869851,-0.06883926368710513,-0.09429680188933509,-0.05906630583685735,-0.04722552826221127,-0.07907636927086181,-0.07073321158476864,-0.0710757356508741,-0.0618866146290149,-0.05044042835128626,-0.07012605704129404
2005-02-28,0.09866258890303392,0.0988299179050729,0.09735834357918383,0.11336258067056004,0.08759565952330717,0.10082607200754046,0.10999880190751021,0.10047580027602687,0.11720961770283722,0.10597974585269299,0.0860824966469691,0.11228149303255575
2005-03-31,-0.1443297070565166,-0.1343994831218589,-0.13296086010475172,-0.0986515391175693,-0.10692452856554024,-0.11495433461153926,-0.13807522427017582,-0.14273936022423928,-0.13240815890879842,-0.12394694757918112,-0.08698389935703854,-0.07178398184126611
2005-04-30,-0.05257520961094575,-0.10898086549694741,-0.045441776417903035,-0.004714337419877812,-0.03328846424785081,-0.0387442989926009,-0.13465084028929752,-0.08641908599066317,-0.09034132172773823,-0.05826219708497227,-0.0076560319197602755,-0.003929674691057872
2005-05-31,-0.010617365489786312,-0.009095262242838076,-0.012219143995530701,-0.08600913963094103,-0.062150975498359795,-0.0701857913849876,-0.013414868032334382,-0.012941048364950358,-0.021497521065025116,-0.0529077389994399,-0.09615464590975387,-0.10173503019425623
2005-06-30,-0.004612656962877715,-0.018246505921815093,-0.01253396325962397,0.006546580248760536,0.016912894130878486,-0.0023473892183251133,-0.01894865790659639,-0.007913981419851002,0.008074204528284668,-0.012021057018371417,0.028288887510971694,0.002522910179333815
2005-07-31,-0.06756041232055576,-0.09270927819269426,-0.07972636316465753,-0.012969062929651609,-0.0327636412544452,0.002570886732778277,-0.1050143879488693,-0.08393665238218018,-0.07189150704917568,-0.05258336673488451,0.029208131477875376,-0.010768160938334326
2005-08-31,0.1565833281522031,0.18895750968552694,0.14483807443492425,0.08209585088127791,0.10752262367896304,0.07011491268651127,0.20081573165072597,0.17707131346302463,0.1528069301346866,0.1507657353785814,0.067297260340353,0.07701098223686298
2005-09-30,0.0296776405349799,0.008633580620670989,-0.00958230851602182,0.0005346675854918104,0.008775955731013196,-0.0008799655876888801,0.0180742209186302,0.020458939461310832,0.019701304384651452,-0.0070398621610299195,-0.011037562003274326,0.022154428721947506
2005-10-31,-0.04485292919775219,-0.0736426788462522,-0.06656644044431503,-0.0621184840567347,-0.04669125219155257,-0.07854419237875898,-0.06314055092558368,-0.061853949729841706,-0.06136126038468481,-0.07008950834401007,-0.05255237570614202,-0.05114926006308318
2005-11-30,0.027545705097049566,0.018394540214563104,0.0032009300274220553,0.007828747874187636,0.0023386037789958625,-0.014353630413659668,0.014715169420033147,0.026670726034870862,0.020209166283509772,0.002683056589805277,0.00725836011922909,-0.005701637977350238
2005-12-31,0.01808914827836361,0.006564070165353764,0.017672853662572985,0.06924351889715785,0.04490664233912489,0.08322100357367401,-0.0023566955771161524,0.011492590495300714,0.009820853022667997,0.05321481287586205,0.07246884534772557,0.07720211172401226
2006-01-31,0.12482798605243994,0.08860394770240987,0.06740869997120824,0.08264491765808857,0.11396381368970387,0.10577403753756931,0.08497807497400744,0.07956609841648321,0.06571729485392797,0.11277562572154576,0.08618453203706378,0.07479244862603363
2006-02-28,0.034790033068222925,0.03363263439217534,0.059008315467606653,0.05816992741271565,0.03962190096695495,0.017354297340182567,0.034293225973926145,0.034015126569570286,0.031067438007956305,0.025504564661335216,0.03954484962974636,0.05718272145935899
2006-03-31,0.0484667548236728,0.008158660348321467,0.007068325532984865,0.01988542808036975,0.0020997313644040005,0.011949630542301692,-0.009719675004716488,-0.0015435231470946054,-0.0045250974663422205,0.02895673835704371,0.006078408114461142,0.01953994006348303
2006-04-30,0.11320423963019954,0.07669098190354307,0.09450019182595781,0.09612414862829155,0.11234986633792388,0.10510933419694735,0.033294947925264884,0.0676191200804992,0.056375865158876604,0.11427645253235474,0.1327921930935898,0.08678679580071358
2006-05-31,0.23693085930998992,0.29308964996204767,0.36805848169720967,0.1836777714292115,0.17849130246610923,0.16567898375696433,0.2788624556798587,0.27853351476467836,0.28910226845303644,0.17548225303334353,0.13365804584378416,0.15781792907759873
2006-06-30,0.08401201538454628,0.07251038854924508,0.02644007217873079,0.029012431385729398,0.02673310417884589,0.032994869912411184,0.05220033661773926,0.07414388268276295,0.0690768665739463,0.02207711869065232,0.014898362251293262,0.038070660219417185
2006-07-31,-0.04947781067829682,-0.018150846766995632,0.023029562104585066,-0.049454336322893644,-0.0592115745931725,-0.06385893855426306,-0.029720146623282262,-0.02796042015949296,-0.04029887169147328,-0.0739684899826124,-0.06761440964494492,-0.0706262170625006
2006-08-31,0.05736348077718523,0.021853333633285343,0.018815026921483513,0.024806030143210034,0.023668353868917524,0.04601100072994968,0.031740654188678885,0.032331864326728965,0.037589087273471655,0.05342315847280288,0.03462947495382318,0.04441970658352545
2006-09-30,0.021337595722910274,0.06492512103435377,0.07328648034022911,0.013708212757860494,0.04258832337131646,0.0581638973573162,0.04658928835427911,0.059170654946181456,0.03185628066595192,0.018252121450459846,0.04670059077180255,0.06678238881500032
2006-10-31,-0.0007314459829170783,-0.0055922702144769465,0.0014881573099470025,0.0154594842938236,0.013232465354594103,0.0447074050072096,-0.00321407781865235,-0.004166255564733823,0.00968898663407547,0.0018069226993089327,0.04131642533284241,0.01751542735251399
2006-11-30,0.025249948383698095,0.0076445395217537015,0.006332276230980316,0.10959943605888323,0.1447065258169058,0.16194815855386757,-0.0022497491840972605,0.01198589374896053,0.014246319849495537,0.1211376221930105,0.15266901806254363,0.1687525084705188
2006-12-31,0.04071505078597437,0.04637283391034219,0.035288060910990016,0.07015228576748234,0.16156642091382056,0.14736236508023226,0.03673689171229633,0.03464961694322377,0.04134712656747741,0.11890936316216982,0.14959579164285475,0.16963943648616087
2007-01-31,0.25964421659052905,0.24016262832449575,0.20102132570286857,0.2222375772887193,0.193745857078647,0.20909500572567863,0.27252815655583396,0.26383557194866336,0.23150973943286957,0.2110923057778471,0.1574162657618774,0.19180334849715885
2007-02-28,0.22049401541770863,0.22708501743279408,0.22218500858784807,0.13654018718374772,0.10525546482095227,0.077021444226683,0.23755049103450387,0.21524079718144762,0.21379780956174632,0.14495901643370468,0.046889231201591164,0.07657248550731888
2007-03-31,0.20624587754881984,0.21529868305357036,0.25411569821570446,0.1090911938050596,0.1017463591990162,0.11550442144495943,0.20362239715539032,0.19722299348885963,0.1912536645478624,0.10346219818411817,0.10476065045422156,0.07371838307253076
2007-04-30,0.4343868745382087,0.3857199380911591,0.35990809904103593,0.34527587426193795,0.3027001971108292,0.28690277380151197,0.3521621073606036,0.37203166041110625,0.3200107583988594,0.3397618821096542,0.2682034336494312,0.2306003694101062
2007-05-31,0.056432304495315666,0.056256644422906454,0.09329881930204542,0.17300385296208765,0.11675184564650376,0.1383019903736049,0.08468917926254327,0.07332144590549117,0.02235167990410747,0.1259044865466794,0.14915996477974724,0.04793363951061469
2007-06-30,-0.230848629947484,-0.21464280189770213,-0.16101543029477172,-0.1289735064156684,-0.07153483056052312,-0.061443089570695886,-0.19325750492047722,-0.20102120949346125,-0.19439924981958923,-0.07646505173971374,-0.07024754017749535,-0.07697654950501731
2007-07-31,0.24953518888542958,0.2629866262234053,0.23798312240472774,0.1386449470476392,0.17365567531760817,0.2151582129942169,0.28116912927151616,0.2801838744385794,0.3042748664413739,0.15957278638857542,0.1835106213283504,0.20922549068364393
2007-08-31,0.0956946371376255,0.11740514068776053,0.019251314533988095,0.1354817473111063,0.13224846347055985,0.17669437028738422,0.10400352030842486,0.09494976518301601,0.11938458496577176,0.1600140867962021,0.17342115836113492,0.10411478042761524
2007-09-30,0.021891131344586645,0.04173176477096674,0.016518921335185288,0.15937667208393114,0.06336816688495928,0.04051711694156501,0.03776758889713738,0.03875674106250182,0.047970835785169585,0.03611612453126267,0.08329549725500218,0.07040067231895253
2007-10-31,-0.12222820317175787,-0.11150726724302462,-0.11476529404428681,0.11535435934174565,-0.040581703035868055,-0.024149513829550218,-0.1496753170555285,-0.1164487518996179,-0.12201478785906839,-0.04315650685757655,0.06456656135299887,-0.03431440204270508
2007-11-30,-0.04192697375881482,-0.0603024277654044,-0.06502551744494112,-0.163111259557705,-0.14346377044829772,-0.17174732386680813,-0.04511703306574277,-0.03044602052142098,-0.0631721291588817,-0.17797942125544575,-0.15151702719874416,-0.14035244683036086
2007-12-31,0.19535500945105366,0.2026085346369677,0.1729202810430901,0.14765644059399285,0.17910628489745894,0.14427665190799566,0.2042566300030777,0.20313243506808254,0.22576077124445426,0.1942108119146031,0.1320354167608384,0.14248221751932166
2008-01-31,-0.06549749961222318,-0.05918261398110991,-0.06292857554555575,-0.1947765522109951,-0.09734335337499511,-0.10904231081723637,-0.07122841139580127,-0.05503075436323457,-0.06782809686534663,-0.11996771560878072,-0.14534039136966492,-0.11512290797335223
2008-02-29,0.13294009893167757,0.12367147221523567,0.0823920503138007,0.029966241050903175,0.04241733508073464,0.02786192625431405,0.09763630548405255,0.1288742107532097,0.09935371417321304,0.02670598298740523,0.022964641191910218,0.022817754259498946
2008-03-31,-0.1983434690793312,-0.18307384689685224,-0.1710382209636846,-0.2478483933890997,-0.2123474635995053,-0.2054334555165308,-0.19045120279059335,-0.17157205580542123,-0.21540901519580413,-0.23253626894405433,-0.2044784794626998,-0.15585102052522948
2008-04-30,-0.052787624428935476,-0.06345695849617417,-0.08374066042637418,0.0180796199229718,-0.009320193144623512,0.029199461956240347,-0.03291603120697728,-0.07383604248166664,-0.08794591703849275,0.09345981239099732,0.053470039950542336,0.05614730970227533
2008-05-31,-0.0009521614466133643,-0.01906272270774323,-0.030052606633821588,0.0121064472417165,-0.05708620968702105,-0.10386709818281714,-0.022444037515930715,-0.012836365622110102,-0.019643661706972404,-0.08987246119175984,-0.08458760310946156,-0.06019458205203876
2008-06-30,-0.26532441111965444,-0.26685230769389745,-0.2594447845868051,-0.24254584273018798,-0.23081350157662361,-0.2375523190894906,-0.26983117490344655,-0.2624950849572555,-0.2462811631126962,-0.23879965729446384,-0.19623722343884764,-0.2180799774311184
2008-07-31,0.09614788788093187,0.10155232148931437,0.11312678803193621,0.06710450650983923,0.04600412478142357,0.01234194630974117,0.11233652096867175,0.11427674697414703,0.11059834962152282,0.02897803891737416,0.03386702429636701,-0.02115443186161059
2008-08-31,-0.21715570269758422,-0.22211514104374597,-0.23769470913337543,-0.13969961800009867,-0.21279202706648304,-0.16964740459459282,-0.22581037594474818,-0.22640532416287495,-0.22862190125103765,-0.2075889091442208,-0.10716749763247768,-0.2233239543150216
2008-09-30,-0.06966568755805191,-0.07970084527726884,-0.07851451341739701,0.01671035339435223,-0.04206804569668343,-0.03622276585833162,-0.07106422090450604,-0.07959299031285993,-0.08705182706070058,-0.019457607749104877,-0.06400623251198956,-0.02986733932193164
2008-10-31,-0.25985583241771215,-0.25778580838253884,-0.2806245019358997,-0.3096388169558846,-0.2705689672317494,-0.2661487888029007,-0.27538530546239903,-0.25056413763315155,-0.23818309153627526,-0.26068373803807754,-0.25309888799033786,-0.3043586093646248
2008-11-30,0.2125120808578056,0.2149716244943609,0.21777815646020104,0.17184788847962795,0.13336680428185455,0.07202901362778924,0.24008703289335975,0.22643255453796463,0.2154234687953125,0.18375207987597064,0.08730683832932917,0.07321456569250362
2008-12-31,0.02637780244622001,0.0378200163469633,0.050954023994372655,-0.06807075556615161,0.011552249988082908,-0.0023352659307218637,0.08290690865429284,0.0615280408292298,0.08533879736575511,-0.001936061454873239,-0.024381161895745684,-0.024507734975034556
2009-01-31,0.17821587643432846,0.1574905735983081,0.17676889848842348,0.12035922378766983,0.1189983903515206,0.14659187529285833,0.18198999601833243,0.16404318417723207,0.16874053758759366,0.14021047508746398,0.11029005011970039,0.06528146354862852
2009-02-28,0.06708228050961274,0.09580106653051512,0.09145851899667101,0.051548883054836736,0.06576817336618612,0.05735332285010242,0.08690402589152657,0.10258655952608264,0.08315600904438614,0.10077574392556454,0.040041650592075984,0.03531749312631738
2009-03-31,0.21909192333348182,0.22543869825368956,0.2501438747072595,0.1154029025977894,0.18136951531053325,0.18910010308862724,0.23140237383676965,0.24241782593090355,0.209910646861599,0.17566827255546502,0.14667949837462735,0.1303332782529445
2009-04-30,0.07798076075001314,0.07103582378024287,0.08417763480782647,0.07903769141402184,0.04676489583522825,0.03301137443552182,0.08192215551949977,0.07100311784907243,0.1044449852603404,0.021802664004220373,0.03998187741514059,0.0721200266108517
2009-05-31,0.08178657958161284,0.09322691018262552,0.11713074351485964,0.048499035001699164,0.03980635423484746,0.06922898093744845,0.07793230289256381,0.09012563703162568,0.0811124050014187,0.02820117497484631,0.06592353896203829,0.04517196839661963
2009-06-30,0.05223316658058463,0.06545229555312382,0.05164635677329232,0.054265422976497835,0.09710779925107937,0.14495635836824983,0.05965334001363809,0.05755488020260513,0.04406770737802179,0.11120570729638213,0.15857416735081764,0.1247382777231536
2009-07-31,0.14517099232389508,0.13682400270590045,0.147897963085045,0.26447452549749695,0.17217279770224314,0.18422113792919448,0.15858065097001517,0.13768708089365078,0.13176885401366767,0.21935944968910737,0.14708992507499197,0.17747711128150545
2009-08-31,-0.14868316022923467,-0.15492614972538954,-0.16278715295581114,-0.2093110262110961,-0.19904691051597312,-0.251822416965244,-0.15325261277703062,-0.14857952579416112,-0.13279769853390688,-0.2357956519067792,-0.22048765332260833,-0.2235477152978761
2009-09-30,0.029632459174822934,0.025928962853868587,0.032128019713848266,0.029426252056766744,0.05038892776984616,0.04501645990870551,0.041595993245858054,0.03943385923074172,0.043512246768440566,0.05555179018945755,0.052228011351956205,0.04303810383960038
2009-10-31,0.1358673848907097,0.12682887738154225,0.10362091153795516,0.07715401377067233,0.0976913468337608,0.10734238855177947,0.1387020876036098,0.12198921284277553,0.1303222893877256,0.11500057511869288,0.0719249638845505,0.08713213471430525
2009-11-30,0.15275959644317916,0.15088759688528453,0.19340498758689684,0.07746709160644527,0.1113416330543795,0.08736436019319704,0.17381280433558155,0.17013988500297295,0.16816588830733803,0.09488127026024751,0.05296110925888753,0.08180385483464092
2009-12-31,0.035498645152705954,0.02594502179545044,0.006400947224707965,0.07223366011159249,0.017989328222426826,0.010399802063859598,0.01988568168996241,0.03865426885996204,0.06724589984872731,-0.030226767703153468,0.03173890728483286,0.0371832077300045
2010-01-31,-0.031287282369353075,-0.018682241324342375,-0.026684391252905115,-0.12550438449431267,-0.06510465644263763,-0.1090925002331461,-0.02648581549904916,-0.018057883006661335,-0.01851448650054488,-0.08635162765371174,-0.09485192035272427,-0.09484514854051618
2010-02-28,0.07592088954974763,0.08069548338805133,0.07416816309029461,0.016611386645585258,0.03497359543130951,0.03367133874217032,0.0679436079062381,0.06910914458481487,0.0775547025266834,0.035675705909374855,0.010653777412848342,0.05184452618977664
2010-03-31,0.038236860443464415,0.03872632830264289,0.048316356428074636,0.02392039235304,0.006148699901528554,0.01923763673624257,0.039933183265489225,0.04640995274577042,0.036678053797150945,0.014531028212584784,0.015455620240191204,0.01199059454521012
2010-04-30,-0.03776391195625295,-0.07001094404466357,-0.07974480015623364,-0.09704037631804607,-0.06696740476999141,-0.10680527475001689,-0.07817749018152909,-0.06465493377276144,-0.06680296213597436,-0.0733369087050223,-0.07825709690212956,-0.07596510752716878
2010-05-31,-0.10417422719216651,-0.08788904442304102,-0.09397009898897757,-0.10988584658503919,-0.07373248998976212,-0.10388761496788257,-0.0916150192918177,-0.08516082153482607,-0.07908419658624677,-0.07403311577012206,-0.08615827347248362,-0.08000303578189061
2010-06-30,-0.10129819571699616,-0.10813385681938448,-0.10089936481228245,-0.09086659927305163,-0.09439855736511948,-0.07173709613448476,-0.10731495312580708,-0.09401654000956272,-0.09275584621600652,-0.09814195239211443,-0.061883953749816145,-0.09817427608784468
2010-07-31,0.17199293661841875,0.1707972472949404,0.18337294755558942,0.1394471064110525,0.13086663030218526,0.15060257197862836,0.19479727395829838,0.16753654448631594,0.1574958923091876,0.15403800779468013,0.09979079270347158,0.12439986478575471
2010-08-31,0.08979417189705963,0.10120979759643567,0.08433648713933883,0.001489838868784954,0.07296118563949472,0.01268673458643721,0.10450123532576217,0.10682419316801028,0.1038590355589395,0.07398605127337987,-0.013039896417260333,0.05898141286670455
2010-09-30,0.023422494712450392,0.018652932142634304,0.012833965020018212,0.013676376040083094,0.03119977059618506,0.003387677903951003,0.003593453252832779,0.019669748091794448,0.016226036652055464,0.007813902213571255,0.003777277763356013,0.028902661253303208
2010-10-31,0.08816251032142253,0.09435105109050679,0.059572804208330554,0.10388601297853706,0.12729624452714106,0.14631770541834443,0.09018952813843484,0.08661689795490424,0.08357455642040357,0.14832114148055253,0.12524131306837316,0.1383239937201215
2010-11-30,0.00542721730995499,-0.0011532960659917935,-0.010984577703830212,-0.055084746809009544,-0.02368597619398205,-0.08096693933002619,0.00415765573134208,0.009087274143754875,0.008831057901112382,-0.045367538008158625,-0.060175190076922624,-0.04683568970171437
2010-12-31,-0.01780900740244229,-0.036168338796716326,-0.009922175948050893,-0.023400867166744055,-0.012763563026558233,0.006885511843821135,-0.04257597130121693,-0.025401580781803434,-0.011991446945573636,-0.021245360188657636,-0.0007510341694311196,0.002186609751663182
2011-01-31,-0.04536228473310566,-0.045851989827219275,-0.023566015347433633,0.00337779319303122,-0.04132967447344704,-0.021719528139871214,-0.038475767649073234,-0.045812553617449514,-0.04500849048209965,-0.042349774485241576,-0.004516935098636488,-0.06032676790318914
2011-02-28,0.11149195421057745,0.11800435778835205,0.11391637493222562,0.024385260856100377,0.09044352941415101,0.050910193980327145,0.10408331171068363,0.10870905261432484,0.1307321880732848,0.06291000391768375,0.029829170674948946,0.09626502201658349
2011-03-31,0.013150623671658757,0.0012052046748485257,0.023584582483704652,-0.009709747008638914,-0.010875352972581576,0.008875876281250417,0.004360809423683998,0.010599532408011036,-0.012104020584234987,-0.026417259017648242,0.009689724550832723,-0.00818800995116642
2011-04-30,-0.035446854343255785,-0.02719158906129926,-0.03134758860064124,-0.0046043859051903,-0.016021221514718742,-0.011409802310669903,-0.0368213738954547,-0.034401388733494076,-0.04198070691524436,-0.02188086895642416,0.002289726007397075,-0.02956285436198902
2011-05-31,-0.0646351259181367,-0.06281852650647857,-0.054362332076266284,-0.06293610726730459,-0.059594900241854654,-0.0764442814112869,-0.06882935492748465,-0.06604886171212199,-0.06324913060172122,-0.08682730017205553,-0.053806324382704496,-0.05659497725457363
2011-06-30,0.018072200199605648,0.030216778117428067,0.03646670139570207,0.02874887354197031,0.025878069097782452,0.03850095174331947,0.03961424704960437,0.03201867526377944,0.03578674978634777,0.014743465749725848,0.019806909422383168,0.047314398145199554
2011-07-31,0.021677655885665947,0.009450800285043748,-0.0008346447720404271,-0.015225164573128946,0.0017988621921769532,-0.025014164278263307,0.013668978724098668,0.010410233139890757,0.03895036136331265,-0.013011482550950193,-0.028182918458098616,0.018814350963815007
2011-08-31,-0.040381698326692694,-0.037548097429978444,-0.03165355712031026,-0.0446480835559806,-0.04104329093820125,-0.05496177322215079,-0.029493526358484123,-0.0317002517647228,-0.030956257710590518,-0.05121004969359466,-0.05274071450438589,-0.019195547628540588
2011-09-30,-0.12944435554749167,-0.12337022077961535,-0.12476709365688188,-0.06500959018884234,-0.10860485212120508,-0.11002166193722074,-0.1308584292368673,-0.11620528069889513,-0.1286220588764917,-0.13832255863748655,-0.06883191631907482,-0.10683836942922531
2011-10-31,0.04283030518062403,0.02868509142545017,0.042485509315565384,0.028088898420204567,0.028024089692699983,0.04863600229948162,0.04367130962076815,0.04226793379291993,0.04603412858407463,0.04157562241317114,0.053082437384920134,0.027642697861483212
2011-11-30,-0.05381506711272843,-0.03287509900732999,-0.0626611135332078,-0.014749728810487972,-0.050932457029928435,-0.08776208207876457,-0.04671196966932267,-0.03514593497724239,-0.0376181102066071,-0.061219545723965485,-0.0524376265792621,-0.04438758985717306
2011-12-31,-0.17451422807236594,-0.17624166063621916,-0.1506658255382025,-0.04875718125216777,-0.10317100872176055,-0.07075938771586576,-0.1827929301583493,-0.1621607543923037,-0.15411376086704476,-0.10769157350001468,-0.04062145465373934,-0.05430344541893051
2012-01-31,0.00811525149359249,0.003760946363763562,0.009972646703908516,0.02783901224584806,0.033332900679693855,0.051249989018180786,-0.003924072756205321,-0.002691138280392802,-0.01091761027330962,0.028383499282379265,0.04414569710317706,0.00902154506023245
2012-02-29,0.12491652765343697,0.13205363468257625,0.1370219067300127,0.03702229141378566,0.08674674433518903,0.07569611232257856,0.14646493987618414,0.13485669000253808,0.13820684235520342,0.08247198996631178,0.05112607677166414,0.0795106124877627
2012-03-31,-0.0662132750101011,-0.07033259216111531,-0.09074115808748184,-0.06840960857344525,-0.06833878695408346,-0.07672270884829913,-0.0767860804988939,-0.07069035252884914,-0.0733786648801038,-0.07135680203547934,-0.06104396816966062,-0.06981518933135655
2012-04-30,0.10012093731867577,0.10513848427006,0.14054072663044792,0.028237985543225985,0.07042199895690104,0.07550288571399011,0.08098958515987742,0.08566087491826124,0.07832915628767867,0.06126983457231927,0.048160193507583715,0.06844932067182619
2012-05-31,0.005230630817417259,0.006905118152638945,0.018850351923763498,-0.012877352265712738,0.0187113823899403,0.015227519021998148,0.02539955785951009,0.018298774061833445,0.013795545649753604,0.013937341945689186,-0.011030091443244627,0.031537495683133576
2012-06-30,-0.07176780972395047,-0.08274221829334394,-0.10670267505488806,-0.03052580755647183,-0.05328179153197454,-0.08183091874023052,-0.07262189483015968,-0.06498567469541183,-0.0621111380837891,-0.07621722935031905,-0.03922242818899124,-0.04815174396846378
2012-07-31,-0.09128368068803472,-0.0920310901712803,-0.09443730169973719,-0.0360632808200787,-0.06590383323265459,-0.06322638578528239,-0.10512799109832416,-0.09326359838718112,-0.09048907395892158,-0.09290171544899739,-0.04351307255349879,-0.04664788410187559
2012-08-31,0.02042808820685016,0.026116581225701152,0.018869802348383757,-0.017791097657080424,-0.04567507793054926,-0.056061180670636146,0.033434206318492254,0.03305492685382916,0.029225534796250008,-0.02675847018433819,-0.03015716137168345,-0.036536663922860146
2012-09-30,0.00360092996615502,0.006854499328565966,0.009542908502280234,0.009880487943030092,0.04091883122409512,0.03691246492427802,0.014598628321439211,0.005547091245340585,0.003927635217467973,0.05837330393334095,0.015582825988124993,0.0333269830068621
2012-10-31,-0.002538929759564268,0.0016935475303880843,0.007890826007833196,-0.0008822668539508749,-0.02399018824289101,-0.0006169092292955813,-0.001297107947427878,0.00045900115765640237,-0.0009580091295757764,-0.04201268192829566,-0.0014099953906208107,-0.018320698027573634
2012-11-30,-0.11994839225390441,-0.11584693360065379,-0.10105611343582233,-0.030856213315955006,-0.05491432005510799,-0.06550176326987589,-0.13836657225193116,-0.1147645451209226,-0.11261833176319413,-0.09053942740222398,-0.035901303334773926,-0.06458157305494994
2012-12-31,0.1466822626139086,0.1485244826478802,0.16772384334599177,0.11035006467225195,0.1739384479841175,0.21553246049419394,0.17227300233118292,0.1569520412075931,0.16178347637008939,0.21372716277500237,0.1314312447280701,0.1723860648695288
2013-01-31,0.06004881728463762,0.06669910701572568,0.06019367834610034,0.03050825790149614,0.05604614216475712,0.08810302872976083,0.06142924947447215,0.06991671129035959,0.08036618013296715,0.06434547371190802,0.05150990743521078,0.04460607556958118
2013-02-28,0.03767380643276108,0.03206799266707128,0.041446495706907616,-0.02217824726183526,-0.0005591607397528175,0.002284691027973018,0.03766547129171394,0.03869762883803696,0.04048621399226571,0.0067939255698947765,-0.015022903562895928,0.01922300730653581
2013-03-31,-0.028592336627374038,-0.02168398024154594,-0.04265085000645008,-0.039857445934176505,-0.05155841133120487,-0.08564145209268681,-0.037290228376287926,-0.028652947525372396,-0.029237556069058757,-0.062256332590240104,-0.05283599940681771,-0.04822159613386168
2013-04-30,-0.031756277760187746,-0.03736809046699252,-0.015965098743524808,-0.025027435353455862,-0.023569062720951495,-0.018798458110284244,-0.036045629432709725,-0.03590093622537205,-0.022768093774422682,-0.03517773554123593,-0.018640501072502036,-0.015882243587847067
2013-05-31,0.1257670401358948,0.13571314758366415,0.1378707102235064,0.03462780434419099,0.07234346384367774,0.09197214110633278,0.1479888702846519,0.15256247205165696,0.15992916466180906,0.08494376066245102,0.051540202455014006,0.10502732879669363
2013-06-30,-0.16617194688326342,-0.17055897811601906,-0.18029298974015162,-0.09315120173610492,-0.14810095195819828,-0.17396054092933289,-0.1782282126777519,-0.16077498886194508,-0.14624991576936497,-0.17662752567084694,-0.11575014193341915,-0.12905480489871213
2013-07-31,0.048860420535878024,0.06729621635013472,0.05965743141833002,0.009503096498992614,0.016705044776962108,0.037568600181994594,0.08070379796903637,0.07588867719319281,0.07893562777124585,0.0437136061175698,0.012686763740759943,0.057769481316402915
2013-08-31,0.11429078957403638,0.10706441387025167,0.09641072564175168,0.021901813956149985,0.06160738088773199,0.07342977607975554,0.08374964634077764,0.10384374772823213,0.06985444250125572,0.0690341076907166,0.03935567864549472,0.056940265555787795
2013-09-30,0.0467007473257528,0.03748740320645205,0.03891398061801765,0.015209958543333846,0.0512572186396032,0.06511573334876575,0.06181589253677733,0.05734877837281327,0.03882191209582975,0.053134023905933914,0.031110836546433207,0.07900467042218873
2013-10-31,-0.022261533551289903,-0.025356391418023594,-0.0027754541065847516,-0.006341708562057069,-0.017575047806890898,-0.031099964293896054,-0.031551851558387134,-0.020428054520127303,-0.011299088266810586,-0.039810200326997,-0.00937569948542305,-0.05412023358151319
2013-11-30,0.06403659144402596,0.06784662495823968,0.07751249561047335,0.027122976425232093,0.030729383344484384,0.03751644465451398,0.11574201498766334,0.09106108817186209,0.1051499751936249,0.05908909401118434,0.032845480894769796,0.041372180731417796
2013-12-31,-0.02232735487840376,-0.0390315303116433,-0.04199565448302833,-0.045998341932003695,-0.04025865255687877,-0.04891575742321064,-0.031413584306225095,-0.024379155497992966,-0.048357557898395354,-0.05458835318293709,-0.04409745754795613,-0.036811048096495824
2014-01-31,0.017438624253932833,0.009722524620174422,-0.0016245630428128877,-0.04374082705845561,-0.04337382480875118,-0.02274013347120507,0.05749273463815463,0.0169076809619344,0.042633348924533854,-0.01540866172090749,-0.039768287368102895,-0.0004933570165820411
2014-02-28,0.051237647476143344,0.05404530861947521,0.03922261148387696,0.012869545477808053,0.010252804381187364,-0.011744052580840547,0.052774984574583295,0.041567460352755825,0.05162507071497857,-0.008633422798196344,0.009076668245662667,-0.005038958594065224
2014-03-31,-0.007392343387713662,-0.021448670665687453,-0.0069308993459783474,0.0006281111578330112,-0.02221017909290235,-0.022442087991276893,-0.034625552901639156,-0.011364642496125454,-0.028137351883671724,-0.038496838584520465,-0.014927614575989456,-0.025706946570510203
2014-04-30,-0.011081392066460416,-0.014993576120481245,-0.026042315256732285,-0.004876814647808536,0.004184215090858645,-0.010377582604962354,-0.02023615593428585,-0.01907239374401537,-0.019055095957529633,-0.021448493013947134,-0.0016671142557993512,0.000931609827652613
2014-05-31,0.003587271998931163,0.020030759818972177,0.011596780531534012,0.017915971381591733,0.006094706063204169,0.00962454003503721,0.04101445761640554,0.03236759800429212,0.03175296355913737,0.015245264962228777,0.012291610505463568,0.00689584944108268
2014-06-30,0.02252973860653351,0.044417164439870094,0.02945263976220236,0.01998320492987249,0.0192392498737175,0.015531370074112427,0.06723811640209898,0.05167908258387599,0.054757230235118914,0.019760979283051316,0.020111934169081414,0.02505738292575277
2014-07-31,0.09770996831412782,0.0964521858912526,0.09127594774611669,0.07765579297048464,0.10393888156535258,0.08200517006567609,0.07043372511047696,0.08558773750577053,0.059669405051576696,0.06912951446624205,0.08601997783995552,0.06552716122344449
2014-08-31,0.05398047631473224,0.048185174137632236,0.08689233063296209,-0.009838269967971103,0.0024164140698534897,0.030206097085082817,0.06438368059745403,0.0625847543431921,0.06518970459700246,0.03025610226356923,-0.005399830520227522,0.03517645970903316
2014-09-30,0.14059867294532147,0.15451303705273012,0.16231631001042346,0.032857383925694705,0.05712884841252275,0.09336284464680888,0.15414314663550233,0.1585587073438941,0.14232360417503398,0.08229867183361628,0.050146549870321966,0.08068201280735976
2014-10-31,0.017630739319957733,0.02162909131568136,0.027536546801189443,0.024689458513907026,0.026069359101458467,0.019744880148760746,0.0143019857113027,0.013255077935128368,0.012925924395998267,0.004202297365124563,0.02391456673453929,0.012052414055227612
2014-11-30,0.05419107494846931,0.05120658779560272,0.05859793681151726,0.11405656437547318,0.0971308709033849,0.08946125657763515,0.05015279066621603,0.05560567835640251,0.062473798451058826,0.058916203035002335,0.1088594096661053,0.0973794555855454
2014-12-31,-0.01618642046751806,-0.03673530528070046,-0.03460637208692441,0.28410061491131255,0.18855143523623275,0.1249440687544503,-0.09295033765950844,-0.07309583397911912,-0.08313422807715887,0.12544828226587534,0.2307966161833801,0.18963622423551496
2015-01-31,0.0559331517912931,0.06720442758453005,0.05049310164470011,-0.016390133501817283,-0.00901750852177674,-0.007132239782980498,0.10391655549556966,0.08107170058214797,0.099760035473202,0.03255549629527188,-0.01947068528062601,-0.028134052152715916
2015-02-28,0.052260739460710415,0.07337883759510566,0.05826973249230516,0.00814493187757459,0.03234113758192114,0.057446143302889885,0.06473711941362681,0.08204145473523261,0.08379808242516029,0.059334222257331204,0.0278127252646847,0.050699037710380424
2015-03-31,0.20178500326855908,0.2105446934360784,0.24177412429630052,0.08611715764163996,0.14276187899468917,0.17370598895618805,0.23844557450246406,0.24167835642730062,0.2624805595914319,0.16891023521243698,0.10804441216390614,0.20850011657757594
2015-04-30,0.21080814235441414,0.16007335998729766,0.16736693621808407,0.1679798418852836,0.17327994444767492,0.15385761894944294,0.16578004392215395,0.1597508114516153,0.16580350153801948,0.18515157308038233,0.15041566050220334,0.18809516613036803
2015-05-31,0.21526953356588718,0.23730595633699525,0.21270020896481667,-0.04452294563986314,0.04904388884268762,0.13460280563809324,0.30761988453327316,0.2597921864511443,0.2816417509300688,0.08413347004915384,0.00683158357830238,0.0985197331742369
2015-06-30,-0.09052986196950863,-0.09802857515159347,-0.05855997012668046,-0.013706920596408212,-0.052406305478452375,-0.07658421644845292,-0.12220274953014287,-0.10036634208589867,-0.13053895861455866,-0.09247680579182604,-0.04089230996691062,-0.08015598726308315
2015-07-31,-0.19289640785151185,-0.21228898429605003,-0.19979787556684936,-0.1068590538919475,-0.1484736298764202,-0.15914595383902408,-0.20802096960124128,-0.20985062495739037,-0.21116880510199354,-0.1308653528099769,-0.1271170817671866,-0.1650238728073038
2015-08-31,-0.12070243497202027,-0.12175698582976813,-0.10491596450203733,-0.12620702226515157,-0.11563018266570946,-0.13176405548333092,-0.12294543237949196,-0.13408058232813558,-0.13255105561459002,-0.14835805961451554,-0.13690566924940328,-0.11933222314221992
2015-09-30,-0.04236747971728183,-0.04388713638427311,-0.06645857806788702,-0.036044923137306895,-0.05048662637137169,-0.09019949356066492,-0.0019796579560361627,-0.013648621399362404,-0.03495049821551166,-0.06389204540922022,-0.03307081243256327,-0.04383328802220343
2015-10-31,0.15848496290536151,0.2098539882358439,0.11815162034060034,0.07634378705226186,0.11129042970638081,0.12959680779075788,0.27665806913933366,0.2497165894990061,0.25288685717129455,0.15538028625213474,0.11693080649873044,0.11304435275137403
2015-11-30,0.09117282779365166,0.08691596393775125,0.08434520069460527,-0.0003803078644100122,0.01510874819296193,0.022001079026142456,0.13928335827682914,0.11761593777375867,0.10567202771922624,0.05552673431324329,0.017104659863873106,-0.00593203501978723
2015-12-31,0.06831497457741165,0.08633691579675462,0.08732721213286476,0.02468800708774821,0.03273232754605426,0.014488218924443963,0.08409259782352496,0.08831317438722341,0.09537371946806372,0.03449374092068691,0.028609184543094912,0.040043964157379985
2016-01-31,-0.297018240671177,-0.29809457177830767,-0.2825501729615615,-0.178107299280714,-0.23014461148222642,-0.26718667308301913,-0.32182568682964485,-0.3050608397255242,-0.3163157106903812,-0.3101168006904029,-0.2099634461434735,-0.2699055922699868
2016-02-29,-0.01755947220731302,-0.01163846355446796,-0.017859024151488434,-0.016452072472006862,-0.017822057654725554,-0.018993577786536098,-0.016008834514586345,-0.012182882754037228,-0.021472810247177287,-0.028253930923823556,-0.01646711779898269,-0.03137697786030391
2016-03-31,0.17819154231055134,0.17839566719524713,0.16352733531645214,0.09070724083739345,0.11724626766503943,0.13072093445617683,0.22021984988788068,0.20991760013745786,0.2156082810672848,0.1735632682599384,0.11501911036020007,0.17181155993749297
2016-04-30,0.0006705586982522771,-0.0002588154670301046,-0.013874244473767616,-0.021566540472259588,-0.014989178482267551,-0.04863526737923196,-0.004809438012754574,0.004679636949400878,0.0003936508608761713,-0.038072181642646585,-0.02066912287267686,-0.03671857011827273
2016-05-31,-0.021833920279232477,-0.03042180043694942,-0.030682814960709126,0.0034358432549863593,0.004755248667683842,-0.016298531023309026,-0.02035255354687404,-0.020739271151362315,-0.027033955356209893,0.00022256568898049167,0.0016173281532669836,0.00488801658748339
2016-06-30,0.05826394566236326,0.06425832721542579,0.0632917391164407,0.009124384476233871,0.01439019139674147,0.016529861679825508,0.07310294543226337,0.07166560294291036,0.07120008329303529,0.028207971021783518,0.009435988444191468,0.042133783612791964
2016-07-31,-0.0021000094054715035,-0.010777177973724128,-0.007096157709997053,0.036805016634845034,0.026617761242613946,0.006428043481261803,-0.008771507813746027,-0.0062312623127611655,-0.015556892973152325,-0.001847771353987726,0.023170453746149455,0.030049746429620328
2016-08-31,0.055610124359995794,0.049455509526111996,0.05569076993339328,0.03674588289518277,0.03311123507820457,0.03433085681211079,0.05338998711317311,0.055221338655419894,0.055158833675821084,0.03518471660715661,0.04037547361543026,0.012472131173763668
2016-09-30,0.0052102478484044035,-0.005870403157755777,0.006498431901182489,-0.02135338474587234,-0.024133053982219987,-0.021244762183727395,-0.005527427250315409,-0.0007236024495728133,0.002622749175165584,-0.03391633476285094,-0.02511466018318409,-0.018287929397163505
2016-10-31,0.039786939703015944,0.039125339384133095,0.059134858510374366,0.02194245283163143,0.025655745822075637,0.015227893436243534,0.049271835771501626,0.03770986507337604,0.049262024967449136,0.03313081103112436,0.022638558098316608,0.017684971764363677
2016-11-30,0.02903410610819246,0.018806345628075594,0.025355224083208228,0.05212081018276682,0.03825430011680453,0.033287270997606866,0.023227692856582438,0.030557031516061484,0.02746531575697131,0.051572498354513385,0.04383272438933661,0.019465579927533616
2016-12-31,-0.03409440074397785,-0.030235857494562368,-0.009469272674130003,-0.03149150105806564,-0.05357044498694097,-0.05922067317191004,-0.04896062804334378,-0.04024262509089671,-0.04073008341522344,-0.06483770788946686,-0.05001036449036966,-0.049896738142839125
2017-01-31,-0.010926659065287336,-0.021050837544260292,-0.0365179503516434,0.045544001836876014,0.01229253345566872,-0.004820284877169234,-0.027757463595423082,-0.029955949815629657,-0.02560726659261292,-0.01246472201139115,0.028027931729418754,0.004751367315884769
2017-02-28,0.0342965096686465,0.042959976363531105,0.03323298872217895,0.012327610399534672,0.02178920365664294,0.022468504389415944,0.04167570923805819,0.04635012880271705,0.03769488870193305,0.061769182956748825,0.01732630278351932,0.031495367277953434
2017-03-31,-0.0192672025106021,-0.026631340926584923,-0.0031049186212851465,0.006234456133340949,-0.005922385268475883,-0.018906486118747123,-0.026297605827251935,-0.030158645405757523,-0.021651515264415555,-0.005385717892844588,-0.005016065777118994,0.007479247552330648
2017-04-30,-0.05469414404953721,-0.06523954164744472,-0.07183069179526069,-0.001641434632539629,-0.01764691141700958,-0.01636469951439179,-0.07144170865510169,-0.07097613173959394,-0.0769530463522774,-0.021078748092684396,-0.010111510052737915,-0.0016753982377026855
2017-05-31,-0.07290891865205507,-0.08000540068078821,-0.07641463769864465,0.04338545627597368,-0.019706229848284185,-0.06063466645580806,-0.08132973968801804,-0.08101296750543308,-0.06792115797527043,-0.04033183536145879,0.01347667073001979,-0.018435954129231935
2017-06-30,0.04833424572906342,0.03698219264177083,0.023520528254261874,0.030276144773741187,0.05121871873857353,0.04467069316142491,0.04129270031450072,0.04076486370667265,0.0359023384970254,0.05915088411037561,0.03209759176809679,0.059599576976431035
2017-07-31,0.03469719056443754,0.007515239129612716,0.01892122501883886,0.0538329514307192,0.023653125530930463,0.019019072364308665,-0.006263236438238007,0.0003786864534598422,-0.0022598494033899685,0.01989675541712188,0.043800949466642924,0.02310915718616946
2017-08-31,0.023458830573388045,0.02835647979245648,0.016435645443328983,0.023688740188928525,0.03230203407996757,0.017570349005973984,0.035424924783996836,0.03284516779838964,0.03048600555956793,0.010436884884793773,0.02909194438705054,0.023986834810270086
2017-09-30,0.0060194110371187826,0.015968899059638053,0.01628935586087943,-0.0008911800181667928,0.009011574936024891,0.01289744480129551,0.023271230793284303,0.016981053472758134,0.01872396633756468,0.0008687653710217624,0.006799883496003689,0.0016257439239513172
2017-10-31,-0.014915555679495318,-0.03563262172899073,-0.03768994202255549,0.03280277642551588,0.020175069829896364,0.01309220923196941,-0.044445654604178264,-0.028453888579726194,-0.01585239149557105,0.010639242475177335,0.03618294955773482,-0.001680014328082624
2017-11-30,-0.04050783215082887,-0.06554262733901339,-0.07031935788034682,-0.001937615746018806,-0.011926965374911669,-0.05770477660138762,-0.0838040125992986,-0.07562041941678099,-0.08055902968092687,-0.02384273286573768,-0.01776149801771021,-0.007198485301167956
2017-12-31,-0.015853075881454348,-0.024412722111819996,-0.021633407101817936,0.021779181585876772,-0.0010387336277871695,-0.0037260825444085377,-0.02755880603205274,-0.02317654227893562,-0.018243619926539556,-0.005907815936025962,0.005245257840206907,0.019843657845724394
2018-01-31,-0.0007798908043772368,-0.03598062040289318,-0.043262776076269494,0.11560061779770892,0.02538385559874201,-0.013678079588518632,-0.04770900559626923,-0.03539420031051155,-0.03996147517652504,0.02724791369028101,0.07525276888990517,0.049151657171564
2018-02-28,-0.04164336080168207,-0.04327044255488066,-0.050833359455975,-0.07821558914049176,-0.0468071488910885,-0.03064566850560546,-0.055195938837622305,-0.05280124353270366,-0.04714949384414335,-0.03809404961943408,-0.06398025900844273,-0.05778468083398425
2018-03-31,-0.0035083997422186153,0.0396608503809881,0.01842923029376964,-0.05296708472695644,-0.010052125397704503,-0.0065762437529884865,0.0695218283644845,0.05330282073347781,0.05900392897898876,-0.01374579459440295,-0.0293247391107615,-0.028587416028243107
2018-04-30,-0.04148570586726885,-0.04890075215496781,-0.03862061667738659,-0.02169074292671147,-0.037316221231514235,-0.046685644767278434,-0.040074487064867936,-0.04554923249133236,-0.042148634539001306,-0.048548227219123885,-0.02971865486585601,-0.01749548775195031
2018-05-31,0.0007945137129081736,-0.02743177195797386,-0.04428912630948678,0.009635196312374417,0.0004958177763554339,-0.02669707216850492,-0.020622891730140203,-0.011546218522678342,-0.017432599408611527,0.00899075358989676,-0.004054817341854866,0.026144642058041567
2018-06-30,-0.11076360414586972,-0.12699138319218262,-0.10683747052526482,-0.052910479932053556,-0.08237060136802388,-0.10722614053255486,-0.12115683195618432,-0.12357883305311002,-0.09719861449626033,-0.07873245389686878,-0.07161205218899336,-0.06719459505616754
2018-07-31,0.020684087238003634,0.019538649330540503,-0.01170460012596175,0.03844574370672005,0.008171440723636625,0.001919566253064442,-0.0002700833470599129,0.02304936447734862,-0.001851992114480061,-0.010330298956841344,0.029124672821974062,0.0016284326794662185
2018-08-31,-0.05484202683600192,-0.07179182013600949,-0.08654972655898141,-0.036829780337994,-0.05232619498379809,-0.0863344846319829,-0.08627091526016417,-0.07468714015052513,-0.07083161569644914,-0.05957225807960187,-0.04335603501810259,-0.06963717280046766
2018-09-30,0.009177363439596409,-0.004076052985779732,0.006125622963650823,0.055200962679837096,0.017818166093138688,0.008166171347561146,-0.001763134077518047,-0.004907743182754332,-0.01313442537968279,0.006265517466095716,0.041232147070170866,0.021313097182374063
2018-10-31,-0.08826269312201185,-0.09961214397275997,-0.10993448508111336,-0.06716678789495445,-0.08633760861815021,-0.10186202575578585,-0.09784787484992108,-0.09340699613034353,-0.09426558612155556,-0.09937824533657436,-0.0688077029099029,-0.10504181062822326
2018-11-30,0.06240140402151595,0.07103850662146116,0.06230698160437109,-0.024880004313491577,0.010872967288359181,0.021206606128823857,0.06200447499882378,0.07545277080881219,0.06272083476326906,0.030171812947214383,-0.016431329687523366,0.027060804797210736
2018-12-31,-0.04392179838152388,-0.04848594858927091,-0.051899320322183806,-0.03257220549785522,-0.0512289973262281,-0.047850640233577435,-0.04677440592225568,-0.04535263225838582,-0.040592683043725986,-0.03531641669785246,-0.041145937521100295,-0.04659293545143339
2019-01-31,-0.0035543629579795066,-0.017059407819777106,-0.03821412776299715,0.07014861391373639,0.02740542400423318,-0.009778473169499535,-0.059623991300954415,-0.02463081716981741,-0.014022830391018037,0.030075670718891168,0.050329406319282954,0.03474107931538506
2019-02-28,0.1860050366292234,0.2299466830607959,0.23059654964129428,0.07856822990660506,0.17975003127525047,0.22206510651654088,0.253956035232334,0.229991918260525,0.22321960877043634,0.15381723638251987,0.12028177320110411,0.17605713821315638
2019-03-31,0.09974261294391051,0.11982637174197652,0.11980598056599634,0.021079072696763568,0.07167262316108514,0.07001820652667923,0.11203273518307899,0.11171082249320974,0.11164127206144969,0.06146514770894784,0.038433426327221465,0.08980236165584943
2019-04-30,-0.014388471841986772,-0.036695006206572955,-0.040216881133035676,0.02655312890407746,-0.013409974988855766,-0.049217173940445114,-0.038295354617756794,-0.0384049391464234,-0.04640242967605446,-0.00826095782885694,-0.0012585200522687856,0.0032393045477254745
2019-05-31,-0.04730080304585438,-0.032877553918971736,-0.05369507853533573,-0.050669064194734936,-0.07430027260982996,-0.07168737177084317,-0.03801044549867638,-0.03448579028602883,-0.04231974583370779,-0.06766647224176103,-0.05882483603403499,-0.0714703757954035
2019-06-30,0.007997386981064114,-0.004398665464695917,-0.010305015999238387,0.05092436762392527,0.04303550998229788,0.005446124102187033,-0.0005232229444698255,0.002339993603712509,0.005571077581507655,0.027284684697177264,0.038626255182315994,0.05504358890423444
2019-07-31,-0.02431294931189587,-0.03435552984378254,-0.0561904614080625,0.005039020196477173,0.0010325045633641228,-0.0008841177026349678,-0.03474367726956029,-0.020831610193962735,-0.019411346953894903,-0.007107069281451328,-0.000249664242881642,0.018852626196881106
2019-08-31,-0.026503550807725262,-0.017985626821193534,-0.01629665244012002,-0.0228242658269322,-0.006335155549014093,-0.009845102772415015,-0.013571586875009145,-0.016366519763368004,-0.0014170589195444672,-0.014538594633041302,-0.017530459953909783,0.0030343353268327267
2019-09-30,-0.004577886592705305,0.0054783379533958065,-0.00013196794136349776,0.0026881321310425754,0.007236682958755569,0.007352730283138209,0.022488916513725865,0.014644117759311737,0.014640001007274694,0.013764554782804694,0.006259273173773394,0.0029736952638073078
2019-10-31,-0.0015535588308793757,-0.0010626844559720183,-0.011241036319095121,0.029673835146783123,0.008557519171807693,-0.001046266096096815,-0.00893395049319512,-0.0015392781813799994,0.0045158179322131176,-0.0052914052538883816,0.020479750080490744,0.0210800516301779
2019-11-30,-0.014517868359783859,-0.02605235384626281,-0.02988077199410577,-0.015209209272908586,-0.0146365559431203,-0.022208970396267014,-0.02780315320562099,-0.025646655103520377,-0.02752586345014829,-0.013527200228444225,-0.01721337941177714,-0.005103516921446505
2019-12-31,0.07247541399167279,0.08036740004573217,0.0837528540371828,0.04830802805612611,0.07543037102225858,0.07040345668141734,0.08567825713102017,0.08369807473270874,0.0871735300547607,0.08034693645802271,0.06030221192918739,0.0717178421243736
2020-01-31,-0.020009530127742092,0.010434095426856693,-0.024971463869740695,-0.04430570065436801,-0.0003582494414970938,-0.0036337097998706547,-0.0006623973551642681,-0.0002815585822588673,0.013064989046195574,0.04001381277871863,-0.029629253736156325,0.015230630915078036
2020-02-29,-0.009748464290898706,0.015482770285503378,0.0029924310505871077,-0.04648357282767401,0.006887512235465465,0.007815623620268886,0.01843989061205553,0.0015235128561394973,-0.0016058450348072073,0.0060464792645225085,-0.02540126003900156,0.0073867581065856225
2020-03-31,-0.023736397841769397,-0.04661726938790478,-0.055004652393281894,-0.037917233761453395,-0.06346856644341259,-0.08222442314725842,-0.03648252934652141,-0.019728368968719545,-0.03434965430003456,-0.08276139754906431,-0.048435337550270074,-0.0818511835607948
2020-04-30,0.013211917366149573,0.010155699713062294,-0.01859202311690966,0.04354350378612648,0.05826972766255967,0.030932588659091653,0.0075210025700593874,0.011650935412551355,0.003300449505128311,0.07126214069453485,0.040605904385414116,0.07134948974058308
2020-05-31,0.03029124801178229,0.017512829179382905,0.0020709511445526907,-0.006577715648658167,-0.005155816810169966,0.0012734479263676324,0.01945883434650142,0.02604397089332111,0.029648163193358057,0.0134721061563301,-0.01030149306607353,0.022389300214337826
2020-06-30,0.039151505147640986,0.052720264938120875,0.03877082561364298,0.03749457540045342,0.10188154404893512,0.07148385873160024,0.0666521605497219,0.051741609854212056,0.07422930722355714,0.09096815606177544,0.05904998552217644,0.13051991179902855
2020-07-31,0.16482890917694992,0.14150407059833836,0.1275431944937817,0.0995874081024799,0.15474866593667969,0.15138505559894644,0.14362055039151667,0.1412253243860857,0.1414204122853897,0.14028751856222987,0.11709174543713696,0.14305473369480626
2020-08-31,0.011400523138866747,0.040562353831515185,0.03154389512711675,0.03847182921268266,0.0192846770676689,0.005899122573913562,0.04556504769896441,0.04566372222710524,0.0542641776855719,0.00042041352059474235,0.031047454713399203,0.005506112969380306
2020-09-30,-0.06946097088849279,-0.07531220014110251,-0.07462988598562093,-0.033495141192748434,-0.0565568248883096,-0.08359940451197645,-0.07326293859424693,-0.07385192850284172,-0.0622833585726158,-0.0697395373439681,-0.04766847888772385,-0.051301198854433516
2020-10-31,-0.00022283605961592734,-0.0032391586413915707,0.008847941775898205,0.022650779205708904,0.011772269814670944,-0.004161197664704019,-0.01750390920270528,0.004764168837053662,0.030103688191839728,-0.007061332023216016,0.013015653510290992,0.02555262783831269
2020-11-30,0.03371053050406325,0.02619822955021278,0.013551941749370577,0.06639842826473696,0.04522845327295122,0.041292303280352494,0.02067234668090423,0.03184285077311655,0.00893865935662741,0.011985111608223686,0.056364796927916405,0.03642571555492702
2020-12-31,-0.038097224833732124,-0.03684103883840861,-0.0038396901920496607,0.00910851273317359,0.04370793496264591,0.009044897979968436,-0.06351005378512053,-0.05199525432785135,-0.05260285258615549,0.03205956000152521,0.019828307896650132,0.059536243536654654
2021-01-31,-0.07379329281893277,-0.09366156735928999,-0.07996782490357246,0.010752413868255317,0.013884977464378112,0.008189401033085186,-0.1144578126272634,-0.08926665220920427,-0.07460678153841738,-0.024441600599812263,0.015148328909460052,0.038968533746257306
2021-02-28,0.05002391634654635,0.03937895912430722,0.028975717857882444,0.015426043855689242,-0.0031815208785255233,0.005906002631292706,0.04295412426081158,0.04215056624412572,0.042990453692938635,-0.030356260456082418,0.017191466110918263,-0.024524457612721817
2021-03-31,0.06414968836745238,0.024910520893936416,0.032865470761240134,-0.010289218077688234,-0.044912348562214044,-0.05997793170908072,0.013288832045357912,0.0400079936959441,0.014566865295609466,-0.04898898059425538,-0.01855801999047124,-0.04438332640135434
2021-04-30,-0.0026462079259303994,0.004182773013513108,0.01743660951709014,-0.010204890945016865,0.033126120528168546,-0.014968765267947104,0.003987062355377269,-0.008404457090774642,0.016368120784560514,-0.003543820626876415,0.004081904661161984,0.04927497126918223
2021-05-31,0.0649538175142117,0.06861435254440074,0.05910327834806561,0.042712541885142175,0.0465899164378778,0.053860888448460154,0.0742830785023827,0.05623511368881551,0.08071554560920968,0.06607263442209499,0.04394986033111126,0.04830526524430434
2021-06-30,0.025654524158614134,0.01987234823527495,0.024470315113614305,-0.025822062136895974,0.00276527838488283,0.01360866964026286,0.04596444032137548,0.03181220856618139,0.013602756674449434,0.01926044675140126,-0.013405680508987494,0.0496174146890036
2021-07-31,-0.015760337967017923,0.013858782522509605,0.011225082522861474,-0.09150588260330472,-0.03154710823645657,0.0019545019726794344,0.0029499931341843144,0.011637740247289141,0.0017458765995477243,-0.00960178152147062,-0.06183270033108035,-0.026526064626193446
2021-08-31,0.09936712440330875,0.06964801315858482,0.10201596203096286,0.022196098042873036,0.04370988122835784,0.08175804298910028,0.05102668179437586,0.06944185202389641,0.061172820860562194,0.04285029448890865,0.026156439436084478,0.03513534290269016
2021-09-30,0.0019846867541313262,-0.03154863076982406,-0.008531127236574565,0.046936912131429365,-0.01410011357878549,-0.0357999529323586,-0.015528768139583926,-0.006269411232702304,-0.04940901057597369,0.0024268455617593165,0.021087463428926867,-0.0546632750256667
2021-10-31,-0.03629543696943294,-0.031100083171710535,-0.03034612014212723,-0.010118127242243813,0.003719133187726875,0.006429394068566241,-0.022901876165036694,-0.03397152823914218,-0.015400154702014501,0.03213539676583066,-0.011023635064894455,0.007685619477385552
2021-11-30,0.08490894642757141,0.11456594539083587,0.11889831634987669,-0.02108187323396815,0.005900835776398328,0.013348688282103005,0.1447199234687695,0.12091214813193107,0.14759407157242288,0.017463812648029764,0.0031913799835794343,0.005281770321273083
2021-12-31,0.03344600377870344,0.045352630362555324,0.042646790531196466,0.03560342917688608,0.017852223658014976,0.018150568094635,0.029685856686923806,0.06656858255889042,0.020270008768183745,0.013981775629421822,0.01924315742070637,-0.008905909333632445
2022-01-31,-0.08403664875554728,-0.09592263693191172,-0.09163633316933262,-0.033779572113892375,-0.09735850333029261,-0.1204782700693584,-0.0907178714278859,-0.07641194509136984,-0.1006423950134635,-0.09252540939564857,-0.07528589711951561,-0.09635352144992848
2022-02-28,0.0641406229787711,0.06534373930773585,0.07048824650860452,0.013814466978896212,0.029843410398872727,0.04912797226235255,0.05864491232788516,0.05500518242729968,0.04486655497514169,0.05013928444273752,0.017613079305663915,0.017894180994171727
2022-03-31,-0.003539855511623946,-0.025377449393490403,-0.032216316685258595,-0.026184683052647095,-0.08751665560092547,-0.09623890348908148,-0.05827615312484291,-0.01763425518128281,-0.060155977099505265,-0.07726660141705133,-0.057222692803168496,-0.09958660783121875
2022-04-30,-0.1282903619038266,-0.17545273094830205,-0.1705382905963272,-0.015647316283648016,-0.07475354616988639,-0.09153273966226783,-0.17761417082131148,-0.16867616185095813,-0.15909309381491288,-0.08070728041518782,-0.054993621563236395,-0.08506879645165055
2022-05-31,0.10049786792096649,0.12099219099062863,0.12879401515240585,0.009561220179278518,0.04884782830001888,0.07500825874661321,0.11764704761738232,0.12485923194723614,0.11064421617847908,0.08321533101177225,0.03275389334876144,0.041613808189600476
2022-06-30,0.04584130885296567,0.07560225648245456,0.06036956946029437,0.031165312855311322,0.11266265981579737,0.0928631674249969,0.07043294526065558,0.08807342518171613,0.07715684981736493,0.11381199870546976,0.07270829270428458,0.10032320300758402
2022-07-31,0.04924060314784762,0.045518445933891094,0.04248605230079927,-0.0371919706979279,-0.05205140569672173,-0.028602765721063572,0.0167218434438412,0.05138644933693626,0.06735785595030253,-0.036889624244896946,-0.03997110152112093,-0.03726676357441705
2022-08-31,-0.030363900609912675,-0.040611385743963946,-0.04818373355896299,0.0070630837450114115,-0.017387158491370514,-0.034486660837929395,-0.030345855936437016,-0.03115555055830299,-0.03987449203157589,-0.030160336445869795,-0.012390537113524336,-0.03015747211267117
2022-09-30,-0.07432466496701795,-0.09909754873238752,-0.10296450228036713,-0.022623024256313462,-0.06097272671256382,-0.09634623472694304,-0.10499495688464389,-0.08786768494711983,-0.09765282682414822,-0.0896473765896707,-0.051031584358413595,-0.06081958703440349
2022-10-31,0.013749955947763848,0.04208333577116785,0.03213973504734069,-0.07069383095973436,-0.06234566370593042,-0.012974832557418825,0.059748784036288693,0.048650353680516956,0.030787043107693757,-0.012279223796179961,-0.04758078897656548,-0.07270147470186683
2022-11-30,0.10917453065122551,0.07362857209085893,0.0779916085574397,0.11390470768682315,0.09551063474604704,0.0625485448295926,0.09571243558255316,0.08328415888930873,0.0747038742454067,0.10597592937066591,0.08961196097317314,0.03558872550469583
2022-12-31,-0.04008256139702937,-0.04011872340725575,-0.04246816863061709,-0.01625899599170455,0.0026611469960660106,-0.036327255759704746,-0.03858363256845665,-0.04040377479427448,-0.026316101242165102,-0.0011602191690409658,-0.013924764049875193,-0.03267006508868697
2023-01-31,0.05786250500410284,0.07741971143935933,0.07369490203108753,0.03497966816198228,0.06296129835825104,0.0855176139854148,0.092928090739129,0.07454777506143495,0.0856576510757352,0.07072340601662108,0.05754462961818896,0.0665625715411109
2023-02-28,0.03957265347831429,0.04139590523518133,0.03457365069351481,0.004142167524733065,0.0001981486006490396,0.004203322136796084,0.03277259478603267,0.040356527714377366,0.05632216758059472,-0.007034569668189161,-0.0025310536321161425,0.0055864998979391345
2023-03-31,-0.033633077281922,-0.008385561037885458,-0.023721845303791955,0.011037075290059706,-0.007025561332030139,-0.012852523052788611,-0.04166952476100527,-0.01518087504812815,0.018344727726914645,-0.048406122048689104,0.008416469114759018,0.015084475173119394
2023-04-30,0.00022647775699957684,-0.028232394057990717,-0.03236545910825839,0.06962433008359992,-0.01295922236925695,-0.012367019893482656,-0.048338718462356045,-0.03334579450685493,-0.03695737148628819,-0.01682664180926796,0.020930418559194974,0.010491399403386614
2023-05-31,-0.01822049436483575,0.005411805333684683,0.016481597639305567,-0.024798211577651275,-0.04715914200174842,-0.04385251725118822,0.017672072219918844,0.010522362000420005,0.015659346071238645,-0.03744307221033283,-0.038912005221356294,-0.03511173120123445
2023-06-30,0.049468120235178326,0.03469558836157138,0.0340755965563424,0.006620713453317828,0.014792360727917897,0.01611154351753985,0.03352401159538432,0.03383070689018264,0.03227152335974148,0.015403689792777842,0.01051493900637146,-0.005567311862244573
2023-07-31,0.058519867279728466,0.00806806959611528,0.0030105301027743003,0.06547585174999071,0.03634191596538594,0.019085660277023075,-0.010470685438079275,0.02057482315821213,-0.003434388969143942,0.03272671677774697,0.04059360775808751,0.022115665446912347
2023-08-31,-0.05315666811808284,-0.045286700050186535,-0.04562267533925202,-0.04803438960283435,-0.05932684782213249,-0.08330108811643722,-0.03167058087682606,-0.04159171749403168,-0.041936444928076244,-0.07013973312943123,-0.044995530963328534,-0.05841509652411969
2023-09-30,-0.005978727617913182,0.011722687487335959,0.0006198317688943522,0.01932596569127676,-0.01245795454816756,-0.012256710823798866,-0.0045395236191435595,0.008111655187033051,-0.0018662810862601908,-0.011659600036853623,-0.0028877821542173665,-0.013350609065107877
2023-10-31,-0.011645180658297005,0.003295603627473387,0.0019293939330233822,-0.03585276715618091,-0.026119711745169805,-0.015779702006036622,-0.014028052653498935,0.005447916145137066,-0.005426422343822956,-0.036113869760418305,-0.029457422167168845,-0.01726371529938797
2023-11-30,0.04763171917223841,0.04940321537185599,0.03559918584643218,-0.0006551614485381663,-0.004550637755297737,-0.020617997834729618,0.05169640082316174,0.05453668966980829,0.04630731151205669,0.00443727790872761,-0.006560138628144752,-0.007077023785228342
2023-12-31,-0.023522518682143057,-0.025124538980264344,-0.02661841608976301,-0.010475554480325444,-0.02282976181090446,-0.02259879937323095,-0.023568377709654365,-0.014107438058287292,-0.019303875531572645,-0.021149839278752136,-0.009576372596885596,-0.027070295342511153
2024-01-31,-0.14476638702501943,-0.1978191165120875,-0.19736102441641912,0.0507290133584517,-0.1074103184701588,-0.12077058028165122,-0.19519315804695359,-0.19833958829220943,-0.2232868797167914,-0.07337919870838583,-0.03667957857639659,-0.1619180693080161
2024-02-29,0.019787399566508768,0.03551759150921563,0.035088272159692124,0.05447400179921602,0.10960742228451514,0.11323013161950124,0.05415821118463149,0.03079971819194305,0.052492556949133684,0.09448619650419054,0.07561090668385839,0.14769730101319656
2024-03-31,0.06512298323105647,0.06421260348344027,0.0642247448308495,0.0012296881536650872,0.01121287375723834,0.009063878282739246,0.047718386529925105,0.0644039573659565,0.061925381435189886,-0.017997448132953786,0.012940863542993064,0.02260639535929565
2024-04-30,-0.0022636425926593207,-0.038857200464716524,-0.036598727315588886,0.03176168929209178,0.018864133635635216,0.021509518359599467,-0.03869189807143869,-0.029962947966732822,-0.022668409214392504,0.009891006636342459,0.023710117415758125,0.02363202790342611
2024-05-31,-0.004278520260684204,-0.017457952174804947,-0.021012163822113794,0.010891068087962363,-0.014237864215170482,-0.0173721276256823,-0.014471427940037862,-0.01599247275277005,0.0009144469951327672,-0.005547178024304045,-0.004862952556618061,-0.017233912192873957
2024-06-30,-0.08922211366589738,-0.10169978668638413,-0.10178161417950848,0.0023305580957282412,-0.047142137302435216,-0.04964679630662305,-0.09069924256319406,-0.09917432797665926,-0.08455832053269097,-0.038199689584910046,-0.014754579556175651,-0.04894405140482749
2024-07-31,-0.0030876712180126775,0.026093445032861595,0.01845695495217159,0.0039909271963411985,-0.0020237814916153063,0.006308046104017029,-0.002328504131560938,0.010380143321281787,0.005831460951493783,-0.017205920302314825,0.006189901917568852,-0.01391630859803028
2024-08-31,-0.03778727815542737,-0.027183517862696682,-0.031727728682402034,-0.01076118244580293,-0.03451837487688714,-0.061420604933762335,-0.03927997475137668,-0.03124038069839785,-0.036555678597963936,-0.037041894662316444,-0.023412708800596982,-0.049686151158244596
2024-09-30,0.21409554905419248,0.238381420120521,0.22987518131193485,0.12952790168285344,0.22746824901176743,0.23190703809876867,0.24464266953145275,0.23651043749068146,0.24373095031861935,0.18289863542649054,0.18050778597474615,0.19809174931717433
2024-10-31,0.03816216968293151,0.12784281247144258,0.1201084808359345,-0.042686398634691924,-0.015458774214348936,0.04755247734437229,0.07611524118606328,0.09493075545095797,0.10530936642656163,-0.017166371152290694,-0.008113824192457653,-0.023349534011556483
2024-11-30,0.06986208647869163,0.03982164119512599,0.03173954030274184,0.002559861892928783,0.005961811796966421,-0.0021148204552393635,0.06684415888158024,0.07951437727876698,0.0163618911149761,0.016146157398518657,0.011624520969597985,-0.01719744275834678
2024-12-31,-0.0382645551760713,-0.06595616209777477,-0.07260157011640755,0.05571595566892018,-0.01623066910427262,-0.022978179759362116,-0.05907454476001528,-0.052961347229349864,-0.05793005335282575,0.013199402103853952,0.014856469456966837,-0.03342394281984229
2025-01-31,-0.00985814512183858,-0.025231887670559172,-0.02478206759126611,-0.025037537361985218,-0.02858680100541222,-0.0271000409629083,-0.01973479209728768,-0.011965563853745587,-0.014703764261796093,-0.03047025226832456,-0.02697309703966,-0.02403909850259922
2025-02-28,0.07339110874494037,0.08985642491377788,0.08951094470584087,-0.01206529984602589,0.03861581230412492,0.03635065617288791,0.10051934525165618,0.08673497813505393,0.09811033054785367,0.04900290293489973,0.014374053863096092,0.03901844647771546
2025-03-31,0.01288462573312521,-0.022183811251899388,-0.006224207659211944,0.02109824267221927,0.00034196367139260886,-0.01378120830962093,-0.00473760879543994,0.009855245019577907,-0.003181134954406528,-0.0020532936062539475,0.005091361854779652,-0.02501933607623885
2025-04-30,-0.008309090187774149,-0.02373578709470292,-0.04195568230461599,-0.008815269745804377,-0.039745214303298804,-0.0398829527416098,-0.023091168271170304,-0.015292342839276496,-0.03168850728426631,-0.03836519001975702,-0.01955436882378203,-0.026835171277554304
2025-05-31,0.05477608969139669,0.06957068182874937,0.06097915705009571,0.030569732885415757,0.015283093633500666,0.013440544592359327,0.06176928646387436,0.0640989837642505,0.06472138624826096,0.015324722509486355,0.021850418173205766,0.003923611084762468
2025-06-30,0.03349037792191356,0.06494192675271715,0.07026286019815697,0.03679414148355531,0.03627299088692926,0.04363789864744505,0.04961508761773237,0.07301303872158971,0.07263311635966674,0.05107224403163846,0.028365425251310583,0.05556593643250962
