,Small,Big,Growth,Value,Robust,Weak,Conservative,Aggressive
1995-01-31,-0.1275748834839648,-0.1290205896853622,-0.1465340523368602,-0.0866456543254027,-0.11136304568880862,-0.11216540945778697,-0.14502691501391285,-0.10869943317344621
1995-02-28,-0.0128692612199322,-0.0248393586443139,-0.040353533725268,-0.0036168041396502,-0.03602518810911681,0.012034754370346068,-0.03725574606802562,-0.019617629573507545
1995-03-31,0.146748260780952,0.1792009319779945,0.286616296955422,0.0643482836231734,0.19478163887736755,0.11153530864017314,0.1609238330239784,0.14147498090923571
1995-04-30,-0.1091505885144997,-0.0993657727439316,-0.0988904054287119,-0.0460645340891968,-0.11693738876385218,-0.10913603399958083,-0.10264864193166112,-0.101669142934104
1995-05-31,0.2312049057257088,0.1763160045686402,0.2182698238561844,0.1051062727578149,0.08082013969016355,0.16458874443150262,0.13791852563427942,0.2375257668946369
1995-06-30,-0.0296075974302536,-0.0937955263991566,-0.1198849549732392,-0.0342823906562249,-0.07765603109005959,-0.0856558877015422,-0.07739743042713909,-0.12474397203906451
1995-07-31,0.0766669799161487,0.072628254894274,0.0523944281503208,0.1420132262645597,0.02271501994339742,0.10493532513044879,0.10687196253717168,0.061759000576867784
1995-08-31,0.0198536637109802,0.0478538194007527,-0.0520339597908721,0.079319516332891,0.08405311205591581,0.11059754957733858,0.06917394763453655,0.009060458661467985
1995-09-30,-0.0092815095516377,0.0066456005413997,-0.0475446073302339,0.0172263220107846,-0.01274887385647372,-0.011301402947043071,0.030910651344050244,-0.02598985980300139
1995-10-31,0.0092924593038501,-0.00398608292988,-0.0315121467175943,-0.0049347509750879,-0.03942775799675713,-0.020595128732430523,0.06982182558217054,-0.030335586778682977
1995-11-30,-0.0549863767052378,-0.1003442032158331,-0.0761203779081663,-0.0464057149950184,-0.08112709335767998,-0.060761420910577235,-0.12616294654806937,-0.07099086318245607
1995-12-31,-0.1068046393107199,-0.117036004259422,-0.1189654376492039,-0.0898765038986203,-0.11077536249240638,-0.11985808675014131,-0.13184536499389699,-0.11645637491857419
1996-01-31,-0.0319708953134862,-0.0326955788782968,-0.0790858604132959,-0.0280338027802431,-0.023741655001991768,-0.06080403855606775,-0.014172429536796982,-0.061793960491949185
1996-02-29,0.0170431275803082,0.0280581862117768,0.0339561119156788,0.0282041996747763,0.04020659840696239,0.04253596005061966,-0.005055891709249805,0.0427782917905577
1996-03-31,-0.012212751143396,0.0058146166061203,0.00075783324995,-0.0114194054049588,0.004287796626410101,0.008779024792277657,-0.0035968410411654217,0.009782901055452209
1996-04-30,0.4306480683222318,0.2426926642356319,0.2254448064612693,0.4549999363147925,0.4576488084745536,0.2655442705574673,0.21808062913055815,0.2740111611453193
1996-05-31,-0.0722292196063645,0.0149725225262022,-0.079687942900525,0.0378982718255489,0.08701994847824257,-0.13352327284899523,-0.05692031523279972,-0.0251723862888672
1996-06-30,0.1142226167004947,0.365502348102122,0.2536579364156566,0.1494036956430393,0.4112700532969036,0.11313680163531248,0.22866116653570456,0.36026927164232325
1996-07-31,0.2575181745190482,0.0365787569921325,0.0401933350616008,0.4346057462322403,0.0724590435448218,0.12759367134729982,0.050016932267663794,0.08068925259100168
1996-08-31,-0.0681068095792448,-0.0037739600782348,0.0112150723817181,0.0464212178785075,0.014863303295200359,0.012849875623811347,-0.07213352979524412,-0.011446720118451603
1996-09-30,0.0443938674356421,0.0794563607741314,0.0672954577326661,0.0703579440807145,0.054684228585693884,0.12166253476852273,0.002698732328788589,0.06826319055731389
1996-10-31,0.3699599568718186,0.1715360166909456,0.0512242564462628,0.3409043376492107,0.23873272951453806,0.5669107929729948,0.562872817777146,0.012728802644260018
1996-11-30,0.0976024228642959,0.0264843565529353,0.0423538905798943,0.0670126314982784,-0.007011613805909533,0.06591833593970131,0.06714242602859732,0.03229897149166594
1996-12-31,-0.1785520911315636,-0.1481881253849269,-0.1357465001169836,-0.1642994587795156,-0.09928288894494885,-0.27260397780414447,-0.30859451407143057,-0.08340393390365386
1997-01-31,0.0952026424891114,0.0514849827942449,0.0590595408141814,0.0818816227333685,0.032814066754713433,0.13289422372726967,0.11515378788703856,0.1067694637823533
1997-02-28,0.1574647692735404,0.0452600362106947,0.0402247388954706,0.1392371219350197,0.02091198780064163,0.09707048233623317,0.11586669033819108,0.06885749655918416
1997-03-31,0.2559700961404463,0.1754001250687693,0.2232811292300236,0.11463140433646,0.20900435259203953,0.13306119173282216,0.15658863267354128,0.2597130191268229
1997-04-30,0.0981695619303806,0.1400159553588886,0.2535243124733946,0.0244827735995518,0.17530134991061908,-0.020817234092483372,0.03240806895874049,0.23578724283216612
1997-05-31,-0.086135009673377,-0.0371040515156655,-0.0166963490553853,-0.0630712935055819,0.01060943870968245,-0.07612967407495463,-0.0529964306637738,0.002142882364074339
1997-06-30,-0.0386763310241523,-0.0010054413059895,0.0593001354936217,-0.1137737687329274,0.055323211877890355,-0.03765302974706175,-0.06616670120459534,0.04484144923349587
1997-07-31,0.0028297316622034,-0.0897389196364014,-0.1116606014631999,0.0072766226341767,-0.10192881720814784,-0.03947366090682347,-0.0399568546846657,-0.07248988495688191
1997-08-31,0.091611015549696,-0.009064907433645,-0.0970587627383623,0.1454417949769921,-0.09791264034028402,0.12904139973401318,0.18218227205352888,-0.05687392245721268
1997-09-30,-0.0640507598488221,-0.0987870634103404,-0.0832395494537308,-0.1182178569086338,-0.07667733157621603,-0.11656807760128307,-0.12907435997810401,-0.12070553765707492
1997-10-31,0.1020960064832148,0.1243073761292659,0.1579652094228092,0.0542149269728275,0.14901922945780988,0.08542939119596782,0.07213182565362697,0.12183972590201342
1997-11-30,0.0024986035129757,-0.0395430536673375,-0.0458465300523889,-0.0579941572659791,-0.05388014882303682,-0.047280602995359744,-0.05363631911108335,-0.03643985193655552
1997-12-31,0.0953901335582649,0.0039070251101118,0.0639249899635028,-0.0088441708357345,0.05525240804626996,0.06889708215338186,0.005619265844499788,0.08066558226440534
1998-01-31,0.0739442533486196,0.0094835004220446,0.0424459330621915,0.0045858665946705,0.02180230792409299,-0.0011628873544615725,0.04423416967891969,0.02895352924213923
1998-02-28,0.0354785314072858,-0.0417254976868533,-0.0645920879008726,0.0356794185401836,-0.05936003269997159,0.0001012527367969529,0.02535114100950464,-0.036434677911057256
1998-03-31,0.1093046750591724,0.0145064981506446,0.0297182367213564,0.0190155050753582,0.01466684016998232,0.07311817593437087,0.107205268047456,0.029004655721691197
1998-04-30,0.1468790526550685,0.0428674412525822,0.0870503936091382,0.0659465739214371,0.05551806532965786,0.11174914700556404,0.0685976250536886,0.05692794452784766
1998-05-31,0.1641025104465441,0.0086447994846292,-0.0111569467542004,0.0611053446230753,-0.021306334357608314,0.16183612067362296,0.1746368153336666,0.016465482081269966
1998-06-30,-0.0611299860217935,-0.0859622954670457,-0.0769170054797793,-0.0852071700045602,-0.08151432666100245,-0.09678306804306047,-0.1034592518802554,-0.036486329539247686
1998-07-31,0.0414347303942295,-0.0225327914117613,-0.0216956948279863,0.0123844277706997,-0.03190475370869206,-0.00715561988346991,-0.01633249984980012,-0.017134149170857982
1998-08-31,-0.0846210437824476,-0.1481227929699163,-0.0907018576328543,-0.160773041021176,-0.10837035669782036,-0.08816740258851075,-0.09509874024311282,-0.1342880566038137
1998-09-30,0.2038737309290412,0.0504361885971009,0.063392726412544,0.1189606909724891,0.020900782499122528,0.12938247939606118,0.123232946790373,0.04264096501189485
1998-10-31,0.0406045915131039,-0.0468242265122444,0.0069311371531219,-0.0631558589558127,-0.006771009646453385,-0.03713733005434572,-0.03174717287429485,-0.012759704358226154
1998-11-30,-0.0012162654143555,0.020977171327662,0.0183528260736605,0.0111555276924772,0.03717853915751346,-0.015399484010641062,-0.011487402478326358,0.029276775594459847
1998-12-31,-0.0984328132362671,-0.0674643186373787,-0.0840583719619967,-0.0505234687326408,-0.07392187370117598,-0.10924234592247428,-0.10963990111831501,-0.07516572351699513
1999-01-31,0.0133254224896961,-0.0155202678700815,-0.0061823469853641,-0.0091035935001945,-0.00765183533826197,-0.03757286794306791,-0.04919451229823246,-0.010867596745457564
1999-02-28,-0.0308401976878508,-0.04138224557716,-0.0176399626215533,-0.0443879768432944,-0.03940789716368398,-0.03741968818906871,-0.04812678465876474,-0.03855771773063643
1999-03-31,0.1710527944511592,0.0422865016750328,0.0147329477491942,0.0968100813516401,0.013876920963491024,0.16216236345995338,0.1609115760807609,0.04974725510631872
1999-04-30,-0.0512299853265757,-0.0252724550205309,-0.0351931192440784,0.006286408339178,-0.044053807813271284,-0.042730476421928065,-0.05686067278514728,-0.015240884946602584
1999-05-31,0.0698363643768094,0.1748458407319344,0.1599705023041702,0.0593195888027702,0.18697111378827436,0.08842695411158052,0.08297969638973157,0.11458936226309913
1999-06-30,0.3384473618116801,0.3359099750686887,0.4034223548603264,0.3656802508790546,0.3971854209176111,0.3035968744377393,0.31093022874626564,0.4095992109374662
1999-07-31,-0.0479730542674415,-0.0838169515420836,-0.0983224073983164,-0.0900201831694278,-0.08306963138441525,-0.052465638656544744,-0.04237131865717658,-0.0644599280432887
1999-08-31,0.0874625995967905,-0.0043777308977001,-0.0458516502219008,0.0399634259858874,-0.05020989836827083,0.08337220423695757,0.05558423425512338,-0.015519947893555486
1999-09-30,-0.0054882533369239,-0.044147330702687,-0.0279690740008551,-0.0272828036184984,-0.02398312172476158,-0.05162712968763761,-0.04843076839048166,-0.02332611776011595
1999-10-31,-0.0167612024489903,-0.0544268034804917,-0.0665993664264511,-0.054333920940906,-0.049834395095511574,-0.03686735990601353,-0.051661466378595366,-0.047387605958339685
1999-11-30,-0.0074861900084214,-0.0646374760040638,-0.0608333558499381,-0.0636050236242528,-0.05997346028920458,-0.03404495690432807,0.0033856475987812384,-0.044360370099261415
1999-12-31,-0.0804803003494626,-0.042315675470935,0.0108461514594933,-0.0698550308742602,-0.013625446393786711,-0.0952038506119327,-0.09392508638661279,-0.032798239917575134
2000-01-31,0.1124244818801916,0.1283428104117363,0.2882013453780485,0.0525179563711319,0.1976957741038714,0.057581724598057216,0.06366566639785876,0.16005699362579362
2000-02-29,0.1684280749805218,0.1138665942954031,0.1591764422141375,0.1064960701458399,0.11832958456244991,0.1554049463288001,0.16304311411571382,0.08738086864938222
2000-03-31,0.1727318519868435,0.0088719150151992,-0.0089928442242795,0.1307626005372448,-0.014546601273666582,0.14799056803832467,0.13573731137664136,0.04038423394791679
2000-04-30,0.0127167523282336,0.0344105470501487,-0.0334612379170782,0.0710014974881947,0.02424723355561409,0.10968375340950898,0.08691568690650442,0.03966247738097528
2000-05-31,0.0765845862827896,0.0030053704828323,-0.0107620889181435,0.0606038690004053,0.02956253734572467,0.020518794165810705,0.00912877237664067,0.039288624580640974
2000-06-30,0.0099568523855224,0.028297233340667,-0.0057816377696735,0.042074996178508,0.03919860019169574,-0.01434957140659665,0.030714176098987522,0.023522688314677298
2000-07-31,0.067711732712375,0.0475140389612109,0.0187929234813952,0.1025310611262555,0.004868984191800152,0.06879808019559497,0.08001715927410635,0.029176330183477983
2000-08-31,0.0501592463928695,-0.0284648748392634,0.0056343621487178,-0.0376397941662639,-0.021265679832304984,0.04532027314876652,0.013440751744672408,-0.019264420020376205
2000-09-30,-0.0010842920195145,-0.062303509520518,-0.0311357070392873,-0.0725697989452091,-0.056987302965830655,-0.03492118620860707,-0.04926171511561217,-0.034373847677463654
2000-10-31,0.0694548766218994,0.0074009615945631,-0.0208361690699415,0.0260482341389429,-0.005995618976362027,0.03803842722227646,0.03764251345416558,0.0072238233447154965
2000-11-30,0.0774699140157104,0.0551415814507052,0.039862245822662,0.0651019247891513,0.07248605502380845,0.060479570371275715,0.06425253153317567,0.061133551454829016
2000-12-31,0.0049724099118642,-0.0337490443000735,-0.021164357685749,-0.0158322966356635,-0.012988809671570789,-0.012928727458027534,-0.009420036385362485,-0.009132832478348285
2001-01-31,-0.0244158033910585,-0.0082850955899569,-0.0518989659932809,0.037555001855672,-0.03063278036541006,-0.027327703480166554,-0.015360400982379896,-0.018448891592982908
2001-02-28,-0.082028672229493,-0.051992587006003,-0.0715586209687499,-0.035977531172314,-0.04482580560628446,-0.09078900794260425,-0.07949874286545211,-0.06292411799513353
2001-03-31,0.1115220650365991,0.0585051357385699,0.0485418505354571,0.0631292466670292,0.054113940538361716,0.08280970825287692,0.09061041029251737,0.07369205425176006
2001-04-30,0.0343267632498984,-0.0197139015789125,0.0250720300478204,-0.0319666360046235,-0.018566499264878633,0.01632569462912503,0.009584861433612257,-0.014126080539599295
2001-05-31,0.1059671251435343,0.008959186171604,0.0575870423241653,0.0082166585222225,0.011325190030479826,0.056295869291020484,0.05619141278398243,0.01986476869949283
2001-06-30,0.008582121988226,-0.0032036203601433,-0.0395085674038365,0.0279890160027749,-0.012316468052559482,-0.005185663785133077,0.006060261085138352,-0.0029871677604965674
2001-07-31,-0.1350535945055875,-0.1319028557385866,-0.1174872925480595,-0.1350144156605122,-0.1348312342583048,-0.12793375388182937,-0.1245336123973877,-0.1290654668513037
2001-08-31,-0.0040542951478924,-0.04808837651924,-0.0262759116588282,-0.0550354918063632,-0.024902938489137494,-0.016556460402958995,-0.024648042867288722,-0.03562549027600326
2001-09-30,-0.0730361996346864,-0.0303148696552579,-0.0571283887520569,-0.0223595596002448,-0.028132431490198617,-0.08749769734928259,-0.07694099155969714,-0.03026753826219164
2001-10-31,-0.0679047033579571,-0.0228499538350198,-0.0524113957431253,-0.0207612389118017,-0.04162908457203596,-0.03441737041137516,-0.02668926637334046,-0.05839516867371508
2001-11-30,0.0766803504527713,0.0263375556085001,0.0041854841460904,0.0383172923150694,0.014029057090934716,0.04896700966584344,0.0433121227018356,0.044220094253987874
2001-12-31,-0.0770770264817035,-0.0547229619953613,-0.0581482566578851,-0.0538834251438239,-0.03004597088579819,-0.10848287839632609,-0.10543859844634951,-0.051922879602732674
2002-01-31,-0.1509155621619375,-0.0676842722246828,-0.0884353254854815,-0.0887937013811579,-0.07516509333071975,-0.1401818533573791,-0.11557715180114903,-0.08369502506616822
2002-02-28,0.0504912008086069,0.010759051947879,-0.004536613315944,0.0326929323041871,0.01618643844053369,0.04667275154092998,0.03660649947036365,0.023388598051223175
2002-03-31,0.1009080521438665,0.041613965398271,0.0483107207904616,0.0461707074622634,0.05118820194031959,0.09746862867998973,0.08272852792276097,0.058140037280160595
2002-04-30,0.0740566045448825,0.0411227692811073,0.0282408834111338,0.052965901564375,0.018098798565270746,0.0777473283773642,0.07294191982952158,0.028384441431479335
2002-05-31,-0.0754612839846333,-0.0801354891524038,-0.0553682426640864,-0.0785423993358317,-0.08420829910289096,-0.07779229763095452,-0.12446091238750212,-0.09642006246348356
2002-06-30,0.1033741835258512,0.16197460800352,0.0572961503528681,0.1911655021286207,0.15043624219793106,0.12095254783881892,0.14380014117805562,0.08012301277098066
2002-07-31,-0.0277071596173581,-0.0379708259438839,-0.0123043313347871,-0.056257969620967,-0.024584272705116206,-0.043540795411053934,-0.04101548823596546,0.03178902747692858
2002-08-31,0.0210842656649627,0.0061487732705975,0.006636225693527,0.0114671745319487,0.0032723963052831984,-0.00111336840366405,0.007083842192093792,0.006323569704946852
2002-09-30,-0.0542358882447556,-0.0474876712943413,-0.030274294602679,-0.0582646012891737,-0.04366692332992539,-0.06361541480478017,-0.06856169927270139,-0.046235763104844896
2002-10-31,-0.0655255211755134,-0.0422000462457932,-0.0381623405542528,-0.042389416819812,-0.057217545568619355,-0.05661272420611163,-0.05430772604595735,-0.047331905041580136
2002-11-30,-0.0877338754764734,-0.0309023867993654,-0.0565211623188127,-0.0318097175883139,-0.037383518530192505,-0.08346644732159214,-0.08271791365128167,-0.06001097253790788
2002-12-31,-0.0410960191322886,-0.0496636161389313,-0.0374688709282516,-0.0638858758364901,-0.0305017235886601,-0.03916225712758448,-0.054787876509995725,-0.04694961123336294
2003-01-31,0.1321683840087062,0.1003437411816126,0.0442922891006063,0.1411871852999835,0.06962576335311033,0.10038915977772311,0.07137138313610492,0.11534036821438254
2003-02-28,0.0176539214337867,0.0044242947997921,0.0100950512433526,0.0073095730994598,0.005014511635500485,0.01773081269289145,-0.021745110226846442,0.028698622236078997
2003-03-31,-0.0430468536909951,0.0212194715775702,-0.014142577272033,-0.0112888197209123,0.04057145295450715,-0.024012043419450846,0.04313337095805969,0.01655209138919389
2003-04-30,-0.0892949606206816,0.0487700353307909,-0.0372163693681051,0.0080666965833979,0.07454700897121347,-0.050482751341411336,-0.01698905770708692,0.009880724063294766
2003-05-31,0.0297924004393017,0.0411225125448913,0.0223382743420246,0.0516209039990289,0.03538967995765718,0.047663730225631085,0.04282559280440967,0.05680627589600595
2003-06-30,-0.0609023714792497,-0.0509216661862462,-0.0758470729126602,-0.0608552733737808,-0.04347539658095523,-0.07049960424897483,-0.07205666959274837,-0.0691852539370672
2003-07-31,-0.0540327646039562,0.0157510471572452,-0.0151807583061883,-0.0058973674188997,0.01730695887119471,-0.04254912895951568,-0.05699225822671272,-0.002838590464136148
2003-08-31,-0.0031901561851956,-0.0465465295114306,-0.0245022020811062,-0.0325720678666345,-0.04610254161917782,-0.014317055083489572,-0.020333705302114202,-0.04018933590399987
2003-09-30,-0.0586060486471753,-0.0410250287026789,-0.0476237073471754,-0.0347049406180333,-0.039473875499799305,-0.0415677882485429,-0.04450718883584337,-0.04974896058942835
2003-10-31,-0.1070132561045402,0.0267700262078329,-0.0647085814749088,-0.015831428619355,0.05069127043229127,-0.09364116652467291,-0.07919378519024156,-0.0070993910851056
2003-11-30,0.017196708603957,0.0374615913416274,-0.0330109228969569,0.0546829347000361,0.031974017801319254,0.014515262003077067,0.028352971588967213,0.017182294684676247
2003-12-31,-0.0583844557229927,0.124905955592397,-0.0149583503518313,-0.0131285844254651,0.13327421608527645,-0.035083266037252314,-0.03285234905270207,0.05794176512058913
2004-01-31,0.1188310501026472,0.0411568412620138,0.0393698491382343,0.093473397953703,0.04487850607684862,0.07798018080470359,0.07307966777233466,0.07627681853260682
2004-02-29,0.1254960259333872,0.0369810784621722,0.0415286602704847,0.102858272079563,0.026967555601713933,0.105245016045032,0.10219970917402388,0.05508709461804817
2004-03-31,0.059239562603204,0.044462420916264,0.0125895130806175,0.0352887874244471,0.05026604826556769,0.03950948845352653,0.04292012237994225,0.02965827682705724
2004-04-30,-0.121722433641821,-0.0913562601260407,-0.1625003173660977,-0.092455274666229,-0.08066375942317106,-0.12266901335804259,-0.1083964967685268,-0.10321843202189673
2004-05-31,0.0095567770292896,-0.0250096879277135,-0.0228868562826357,-0.0237497505481607,-0.031911426398463894,-0.005740929726470778,-0.007042493366642866,-0.038046678418306334
2004-06-30,-0.1290261465364621,-0.078075824812496,-0.1208365411629266,-0.0892785991272185,-0.059443692842467866,-0.14834903868766125,-0.14116404643159186,-0.0764588829642513
2004-07-31,-0.052207447258209,-0.0097706511025711,-0.0087513849559421,-0.0234524180987091,-0.011897781997569301,-0.016224175535795804,-0.004538135463545312,0.008148817522078522
2004-08-31,-0.0465217546214403,-0.0173273472614176,-0.0745081117035724,-0.0275749402558074,-0.008603804714593322,-0.03845931392661772,-0.047307012788566416,-0.030860254104697393
2004-09-30,0.0346585353063084,0.0455099521158015,0.0527968805071161,0.0352263369445395,0.05461271664229139,0.034462227026971215,0.0244049464227738,0.08490007318296455
2004-10-31,-0.0901944907984207,-0.0609382223765427,-0.0043481539008658,-0.0826953541475778,-0.0640555601825682,-0.0879359511279697,-0.08960664954346209,-0.0629242604357938
2004-11-30,0.0868797927730997,-0.002539249995992,-0.0045831662966299,0.0402401708220581,-0.003251653524782405,0.06659879286563553,0.08175306071055033,0.002477695113222822
2004-12-31,-0.0918715910535593,-0.0384925378300434,-0.0615989511046309,-0.0741522671514169,-0.028189944063566674,-0.10723530055826935,-0.09646697164793516,-0.04382108431059417
2005-01-31,-0.0473713533801353,-0.0472348358866994,-0.0311007776539635,-0.0474002891470251,-0.046058230834461145,-0.05795172202747956,-0.05776153261976802,-0.033303080935775164
2005-02-28,0.1109806299730207,0.0870184907889204,0.0721985298819485,0.105882912669323,0.10376732912994546,0.09725806236147205,0.10002486743692285,0.10441310736145804
2005-03-31,-0.1448865031324837,-0.0720063207059868,-0.0336973640041614,-0.1224767767833094,-0.0658067682484399,-0.15830252897311536,-0.1589101637856658,-0.07671996425729388
2005-04-30,-0.129810887336205,-0.0011257880337137,0.0105423694973254,-0.0540279313680657,-0.004885352127981357,-0.09734449056595018,-0.0665092043662242,-0.013622946158630356
2005-05-31,0.0058275402850476,-0.1066711637238639,-0.1358733049555673,0.0009295455979227,-0.13252885481932164,0.00352240325542863,-0.007616687318367066,-0.13953631079572415
2005-06-30,-0.0029708440798947,0.0344159028633621,0.0376685319209255,0.0016820021277001,0.02636404409179094,-0.032884996888923324,-0.007516122913971857,0.022864735539360526
2005-07-31,-0.0906406918759695,0.0506240265900581,-0.0157234446376385,-0.0814624777235734,0.06165587310377041,-0.07706627020266443,-0.049800497594475246,0.014000156268013653
2005-08-31,0.197264196193617,0.050117717754117,0.0589504998413785,0.1449332349041883,0.06472024714587388,0.1621087777812782,0.14299106636719094,0.061345153632193394
2005-09-30,0.0251690743406169,-0.0232197873201379,0.0124386556642883,-0.0149225124203343,-0.020809312467255925,-0.012289121926427504,-0.018257286724220334,0.011541519886366647
2005-10-31,-0.0705335893747294,-0.053684896583044,-0.0260377075726621,-0.0823666225177828,-0.04885295603095097,-0.05315599250330916,-0.05273643533035621,-0.05920571506251149
2005-11-30,0.0582469698382532,0.0091474404926925,-0.0318517168827821,0.0185278147923122,0.00806211520512945,0.04155675370459133,0.04400527446887281,-0.009534051767991492
2005-12-31,-0.0112368240871311,0.0810369362892791,0.0508573885852894,0.0459137951534631,0.0984891225634883,0.0005364822805198344,0.008477283501582944,0.08095394785610632
2006-01-31,0.0253316686552393,0.0723226374828485,0.0902432291961197,0.1105828198878444,0.08102637624832054,0.06476795179385442,0.06760304734663447,0.09375081799822271
2006-02-28,0.0537560503160676,0.0553341842693717,0.0314003705307162,0.0505400916892651,0.07147454904526684,0.08158551248038637,0.10765364992861914,0.0606063227514706
2006-03-31,0.0006919038994168,-0.0019151617229614,0.0690506514690461,0.0048634618633076,-0.0022262585458825424,-0.02961830945160271,-0.03137342120151354,0.033990846821793985
2006-04-30,-0.023950495246906,0.1175311310334568,0.2023576872949988,0.0239395126615693,0.1405448129871838,0.014110727649503163,0.015117479760670127,0.08801524370868097
2006-05-31,0.3063484985714855,0.1059124147566203,0.1765111677301181,0.3017777185463315,0.095079191781547,0.2493371641807458,0.21680671069649993,0.09298633192446037
2006-06-30,0.0746809577127294,0.014388675094296,0.0158540357527712,0.0329180828900825,0.013254643014130263,0.032351860639071806,0.029655346625487855,0.011674270927138908
2006-07-31,-0.0155535814171968,-0.0800677055737083,-0.0819451970979253,-0.0637006527625997,-0.06822365353760473,-0.03429450129133016,-0.04094029268275601,-0.07092795793407303
2006-08-31,0.0401086001776573,0.0422843171437894,0.0256416582037051,0.0170722826046756,0.05486770187614942,0.03227256508109644,0.04029720422002425,0.05683401171648739
2006-09-30,0.0604990365489581,0.0503238005950958,0.0471529005322068,0.0313394916479199,0.05440474598903533,0.09477972820947822,0.09422150455953271,0.06518163482925221
2006-10-31,-0.0043143203071399,0.0504136888816084,0.0017841605540749,0.0984634962717327,0.05192790082504506,-0.0005011314868827998,-0.003651161568146266,0.04373973200636905
2006-11-30,-0.0090329608347398,0.2043168446129757,0.1512732415701798,0.1495532756541626,0.22131231490486036,0.04322173733205936,0.050885359447204515,0.20060258078066706
2006-12-31,0.0178675916424033,0.1835074520232733,0.1649904665485493,0.06553079925078,0.14740111453421956,0.02781203734693327,0.05184469756783261,0.1794332807640675
2007-01-31,0.2421888514184667,0.1456638351099113,0.1775532643490012,0.2369112644441782,0.15131054282715062,0.2517664843390395,0.24895301483489707,0.1973568818557212
2007-02-28,0.2372778960741455,0.0230008684232585,0.0058906152260658,0.2288174422669922,-0.008381393937138437,0.21801850551150048,0.19521576813466646,0.035095376806765666
2007-03-31,0.2597322230380867,0.0831049642990702,0.0845039343444491,0.1731153102364615,0.09423422881993271,0.19586871503923464,0.18855986120767954,0.10070967902644945
2007-04-30,0.3265515323323229,0.2248035067338059,0.274144106330578,0.39609198359116,0.18515950886595034,0.30605395223476184,0.3510727645902634,0.23519420486957765
2007-05-31,0.0843636145978414,0.1464073293427561,0.0765211984447093,0.0848289881079813,0.18659003719867373,0.07910471700271726,0.07936437181186617,0.13592709279073079
2007-06-30,-0.2248064281937856,-0.0435441649477185,-0.0270477817073069,-0.1290237857074714,-0.030426873587074632,-0.2820864315415327,-0.19082904936341116,-0.009586755192951602
2007-07-31,0.3322766974133733,0.1723538447837433,0.1334519544347832,0.2741133030705323,0.15080555052734734,0.2989207923562325,0.22909682694764433,0.24613692430942824
2007-08-31,0.1368557760891069,0.1654804610295484,0.1468133941193112,0.2028120987419557,0.180583957518492,0.18192346059536546,0.1007940581048965,0.17330362867176774
2007-09-30,0.0258610612696736,0.0812020531962323,0.0280716691490816,0.062489452516911,0.11287839624558194,0.04393202283798869,0.052608238614958225,0.07528272991327434
2007-10-31,-0.1249418477563238,0.0852405702631797,0.0186319930217027,-0.1122442061648661,0.1286000661880553,-0.13969891279436764,-0.13184725367352623,0.03330330892916944
2007-11-30,0.0177152996390017,-0.1631989638808929,-0.2059100065179742,-0.055031474057705,-0.20205389958241682,-0.015003450954387931,-0.05913238283885636,-0.2045862635565776
2007-12-31,0.2026893833634135,0.099529832118073,0.1987487067254154,0.1878887895831034,0.15414347405729978,0.20380297683311643,0.18982432089799417,0.10149019112953805
2008-01-31,-0.0461932490109567,-0.1699856937387912,-0.1217517256822299,-0.0337700543335611,-0.16977533049796056,-0.14107820282026273,-0.13772298761227297,-0.1260197488408893
2008-02-29,0.1275261923684911,0.0044569123398696,0.0083698797029396,0.0691404787690368,0.011709934442211578,0.06501272473221187,0.07237916220293705,-0.017297233147054114
2008-03-31,-0.1580389857717986,-0.1785149424454802,-0.216528221887629,-0.2028352049123808,-0.24247313713997465,-0.19326176851359633,-0.18554178686220046,-0.2119026869118419
2008-04-30,-0.0938208465316097,0.0781362634904463,0.0169858826062245,0.0203815077663134,0.08571621991087697,-0.054817508568491546,-0.06519828990180643,0.13237408273020979
2008-05-31,0.0147591690951798,-0.0905251537995889,-0.0446989451362401,-0.041447284165975,-0.10239616558707043,-0.007720502311741595,-0.042332430399172005,-0.12964676160137167
2008-06-30,-0.2459221323712861,-0.1940411034682521,-0.1798109016290462,-0.2752752110037685,-0.21714945933232677,-0.26013214646745864,-0.24922852390238026,-0.22974292374410854
2008-07-31,0.1471143029904571,0.015305100546515,0.0322161111087331,0.0656803712487632,0.018964852763826867,0.09159765409636966,0.09574989888357854,0.017717283207086654
2008-08-31,-0.2139905376058123,-0.105846652276172,-0.2201592252106816,-0.1920224895110698,-0.16456862424406804,-0.24443254346028231,-0.23303519985122567,-0.18724894717592677
2008-09-30,-0.085728888547754,-0.0549322920361915,-0.0630316766389416,-0.0018852311820803,-0.09478216328154054,-0.05913642624690851,-0.09811676132657365,0.016061260021608126
2008-10-31,-0.2314609072060497,-0.2547380833371548,-0.2568082314275199,-0.2727654491337069,-0.318194243797,-0.25833308383513764,-0.2724686078672016,-0.24964448772268222
2008-11-30,0.2468229327695685,0.0768934294748446,0.0245031520901741,0.193487740952041,0.09951530130705954,0.2063591807747911,0.09442233318223892,0.05065373335686285
2008-12-31,0.1226488697545107,-0.0467464058781911,0.0296917277706993,-0.0345702386395999,0.04962148961766366,-0.0880508261656564,0.01606989344039844,0.025457000494544024
2009-01-31,0.1541565865928136,0.0731286159259225,0.0295810230291841,0.160183258682206,0.14682412556181546,0.10757344219683063,0.07070252370625041,0.15920529871663835
2009-02-28,0.0985216573488694,0.0386971371879019,0.0506222316751532,0.0666657410707287,0.056215930312615514,0.07625699365525662,0.06923008797680064,0.0734588684412194
2009-03-31,0.2495884885928192,0.1184175358425498,0.1522817829620359,0.1878728542145602,0.20818277633176496,0.10563749537387035,0.16417699673008013,0.22049765491941375
2009-04-30,0.085059666572689,0.040667218113606,0.0188948495134795,0.0441877871166007,0.03921807646229447,0.0689282727169156,0.026041635789101125,0.05156967458268036
2009-05-31,0.0866355831996641,0.0626822913028033,0.0350512522495345,0.0726518827668429,0.05804473237053687,0.05748667376048289,0.026563832754890937,0.044191460343334876
2009-06-30,0.086719981500279,0.1706378104412531,0.0917203301030111,0.2026120151017683,0.20865074904134517,0.05789930893148565,0.11468804156517498,0.11089295846877945
2009-07-31,0.1322780455383436,0.1539474657118877,0.0928919684648896,0.2429173043658377,0.12155050470961704,0.22238023964582054,0.23585165018833676,0.1462108946671925
2009-08-31,-0.1180075097102564,-0.2307430060449622,-0.1818699236316096,-0.2199043604668754,-0.22047892063557128,-0.17837869409345475,-0.2171981289778352,-0.223820774361441
2009-09-30,0.0523601144568295,0.0529679414954329,0.0714925682496467,0.0457516987302586,0.08032980338098095,-0.009204687108765985,-0.013281934556051644,0.06687775509921678
2009-10-31,0.1339730124814233,0.0702559955720882,0.0767360265576984,0.0765070496692388,0.08324021515545543,0.08585901691562414,0.09405941262848638,0.0888595534701615
2009-11-30,0.173694361881088,0.0455251445118822,0.1033313208033148,0.1272943965846016,0.06099237119233614,0.11880971020104125,0.1186928955930171,0.08620136289840019
2009-12-31,0.0556054622831436,0.0343159009530527,-0.0181757875861384,0.0427102108851991,0.019148264245304025,0.009042726359051123,0.013381096109164936,-0.012651282299424138
2010-01-31,-0.0094096599935797,-0.1076505873814053,-0.0752801736856078,-0.0750896573603451,-0.09890548785771824,-0.07635134341999006,-0.07713261399169424,-0.07722127632899112
2010-02-28,0.0901465455938264,0.0089368393003406,0.0215951698289795,0.023469503511607,0.011934905046966371,0.045702819138628614,0.04413000747188778,0.04328260700717923
2010-03-31,0.0862285660029895,0.015661274067533,0.0152231066212036,0.009435847866428,0.007245260747778204,0.012264520304604787,0.024462891220827787,0.02819193029191025
2010-04-30,-0.0628381873013994,-0.0802876632619401,-0.0532776169389987,-0.0747657718693141,-0.08528347036208217,-0.06419255446511796,-0.060946480067094466,-0.0738629699827752
2010-05-31,-0.0859345149829984,-0.0855260583120491,-0.0052545828027049,-0.0815182670624298,-0.07053880637829535,-0.10888904600983229,-0.10357882925921336,-0.10123418344813262
2010-06-30,-0.0860392435989888,-0.0596948247012613,-0.0995098056944728,-0.0677914137417069,-0.08334894029402773,-0.11286817044185082,-0.11104611651707896,-0.05928439414697184
2010-07-31,0.182501664620809,0.0950643686860559,0.1096709391961872,0.1158799972638757,0.1561889573590436,0.15187299492171413,0.15875191491510066,0.13379751379359228
2010-08-31,0.1163229653844286,-0.0207614021336807,0.1129915329928583,-0.0416439299872498,0.08544984758009755,0.030295071623048342,0.05547547291090016,0.029594321527778744
2010-09-30,0.0168612610045697,0.0017175951415331,0.0803792810824317,-0.0183542477498368,0.037082111731712164,0.021943220502894656,0.014661799541347165,0.003649740494338305
2010-10-31,0.0792519891484166,0.1347724882836845,0.0663274662880091,0.1007296669852664,0.17744525645778708,0.1767661648620107,0.1251143417046816,0.14268468752753405
2010-11-30,0.0385381185847149,-0.0701209050301959,-0.0038530831444291,-0.0661154172908913,-0.055211012176958896,-0.02604793880086531,-0.039945880981964166,-0.0654925623603767
2010-12-31,-0.0104733034283953,0.0024721753889398,-0.0497349979121398,-0.0057903642754311,-0.016800759725797088,-0.025022894310955168,-0.0341082353390636,-0.005085145288307946
2011-01-31,-0.0437622593097932,-0.003266535334074,-0.0949900909296318,0.0305104319160616,-0.04697871733999315,-0.0724274248545681,-0.028738766579431974,-0.052413981110669416
2011-02-28,0.1153576442593427,0.0239641583635163,0.0754562109193017,0.008747525846066,0.06332866132111592,0.11414900171400122,0.10534873438333459,0.07923383887446245
2011-03-31,0.032560109294027,0.0088487515945605,-0.032435890371752,0.0293078557399517,-0.0022348939663549006,-0.014845581548535214,0.01388476955956075,-0.057256616369552815
2011-04-30,-0.0293228680921864,0.0022150330900423,-0.016142297933303,0.0234205826606812,-0.007663230984076841,-0.019943604574118257,-0.01311998317045815,-0.02174154127839789
2011-05-31,-0.0487172823427073,-0.0509608049452017,-0.036315756048762,-0.0406232126279936,-0.06254173495461457,-0.08808245158264738,-0.07394090383307461,-0.06595817836327356
2011-06-30,0.0389186783758186,0.018885327100395,0.0447250233907081,0.0020762034306216,0.06079829832734096,0.01973934036282854,0.003831083528244461,0.044769899705776606
2011-07-31,0.0114745260361983,-0.029779830541591,0.0405665914816573,-0.0422762447647349,-0.01941308261660679,-0.0029698449706269114,-0.021317923308875053,0.020892657721204744
2011-08-31,-0.0103479143055821,-0.0496057127175915,-0.022203572000236,-0.0362878818194092,-0.03181664220537672,-0.06541887105839672,-0.0691881342954308,-0.04571127639491368
2011-09-30,-0.1071735699537913,-0.0665021764429291,-0.1364526214388672,-0.0541651083192513,-0.08373718720595824,-0.10341583108504393,-0.10446790122571648,-0.12455416794356489
2011-10-31,0.0519496105373857,0.0508058022233894,0.0366070763133183,0.0649961461336092,0.05021067964132109,0.0351576210207194,0.029040021844619845,0.019395290943891474
2011-11-30,-0.0268294496241102,-0.0540311972901406,-0.0137125240646261,-0.0487701678170938,-0.05603717267166641,-0.0577021707838028,-0.0407383681295006,-0.06548781425592665
2011-12-31,-0.1660044316240525,-0.0277609446938577,-0.129854191738893,-0.0180099479930676,-0.04320903182858227,-0.17249921181705963,-0.08337683953518582,-0.11892414835339027
2012-01-31,0.0056590053655705,0.0480030023698838,-0.0295240625209736,0.0551258739167672,0.043885168879195025,0.024593107539307102,0.04710616542563284,0.02649361910478243
2012-02-29,0.1504465979935252,0.0437814643618412,0.1171228255717009,0.0595703872499842,0.05561904191516831,0.12428420773953985,0.06646057111761117,0.12121755396340217
2012-03-31,-0.0742988970545981,-0.0612184053429046,-0.0502464389736159,-0.0578955723689632,-0.05100001142041943,-0.09568691224589021,-0.10326219338533094,-0.07855784494074813
2012-04-30,0.0721838203320259,0.0484763577139548,0.0574019016691718,0.0442222971997907,0.04540060244810684,0.07164457444948091,0.09503460336396263,0.05377233774635859
2012-05-31,0.0371725413471526,-0.0156961934916493,0.0501031359812649,-0.0291586108529955,-0.011035474868559714,0.004791979748711039,-0.003105325801498582,0.025099845468830262
2012-06-30,-0.0406219473083364,-0.0356739504239588,-0.0227585887973342,-0.026038082109782,-0.04246819829302839,-0.09364508594419207,-0.034202475287737566,-0.07030071088301115
2012-07-31,-0.111541358671124,-0.0374942282284767,-0.041781139575623,-0.0441387624310675,-0.042928310717056606,-0.1142358495314224,-0.04226148704465127,-0.07069814861587709
2012-08-31,0.0512497161536005,-0.0349829256899534,-0.0350412278488458,-0.0074159082355914,-0.031762523369877727,-0.016942352181626874,-0.043934946458459856,-0.03405471182571229
2012-09-30,0.0184775871652433,0.0234632042435056,0.0475443922266751,-0.0051017322589141,0.02339275297845922,0.006515462860765986,0.011378723421714865,0.051477677367493646
2012-10-31,0.0053561160808532,-0.0072246545358618,-0.0132846595352849,0.0196286814007951,-0.0008618295263945752,-0.012042797628484925,-0.002143416317780922,-0.02647372821848315
2012-11-30,-0.1050187319352655,-0.0285588567195528,-0.1158352751537999,-0.0046307409650108,-0.021600821359006095,-0.09419391002167443,-0.09915238004388671,-0.07050182411985784
2012-12-31,0.1602473446961732,0.1386434434692343,0.1137836067725257,0.1473341800109979,0.13828355877680987,0.14003000610175276,0.14822900066441802,0.15810718728292117
2013-01-31,0.0619121073539408,0.0505603061626893,0.0256588692937531,0.0742334920314151,0.057871839925420554,0.044719314275263544,0.04108441206387603,0.03665278333705935
2013-02-28,0.0569232755007591,-0.0187940963629521,0.0365522826990065,-0.0148018873910563,-0.021767276700882077,0.011236924989163066,0.009121429865255326,0.004041054547980094
2013-03-31,-0.0340378249800243,-0.056199272468815,0.0082242584887393,-0.0478989777183807,-0.0536174535572429,-0.061055098963112675,-0.06498213433583944,-0.05021688674833391
2013-04-30,-0.0294300658811643,-0.019110141537999,-0.0176091071913779,-0.0182217733750535,-0.011223660324153895,-0.034410521700186214,-0.028510634180112127,-0.012689703869758096
2013-05-31,0.1713136133734918,0.0446105284767268,0.1109395960076684,0.0388524103175487,0.0531381668458506,0.10380472348526482,0.11565796573750364,0.09307013677160203
2013-06-30,-0.1464837574449816,-0.1136843049303465,-0.096683685939034,-0.1005078581434282,-0.082309603723282,-0.17870729146827202,-0.18052361950450035,-0.15454206745164234
2013-07-31,0.1219929602681944,0.0098649079915011,0.075531193146537,0.0033692658139725,0.0015247786265817354,0.03783247242200494,0.05072777677200091,0.045497936970821495
2013-08-31,0.0936729742747453,0.036082732861179,0.034697496785931,0.043198255803488,0.03122220536605047,0.09631658893665573,0.09447676542292305,0.06997890241534632
2013-09-30,0.0769591767887751,0.0357328849949807,0.0847650364050809,0.0258893219060232,0.02298792505817726,0.058932712969379075,0.06342398669129179,0.0765205084039371
2013-10-31,-0.0008779556729511,-0.0153050613741101,-0.118220205154038,0.0093384029464622,-0.01567404779361392,-0.036321970965996764,-0.035693175905560204,-0.043874373628998264
2013-11-30,0.1361066390007026,0.0287932134507595,0.0629203976257304,0.0176691644076227,0.014300903491591077,0.057503015084648945,0.044775073029089896,0.03646438723069534
2013-12-31,-0.0173236865703547,-0.0479519198784311,-0.0433200839051507,-0.052217425348754,-0.04267611972148877,-0.07058743045730953,-0.06579063731727175,-0.040591287079987715
2014-01-31,0.0408123655725856,-0.0452738501846735,0.0451415866341449,-0.0531115780592509,-0.04564391132415713,-0.010407050576586863,-0.018871431398997385,0.0042210853413968685
2014-02-28,0.0646195182701476,-0.0011413497955664,-0.0257878817542278,0.0105704030058049,-0.015830825786523284,0.04729245046506536,0.027716789875254166,0.0033895184254497668
2014-03-31,0.0077253519344964,-0.0133575393244899,-0.0842378400184765,0.0178534676996144,0.011685993036070208,-0.03684031608069027,-0.03763340774571611,-0.03663509234476381
2014-04-30,0.0128312410782387,0.0021540699703559,-0.007811808096539,-0.0013459755499578,0.0057401395746661255,-0.004065952599302092,-0.0027585732992161383,-0.009290672787836796
2014-05-31,0.0582094760790754,0.0083004427052257,0.0223786224576443,0.0130431123129439,0.005048737981000695,0.030772701706843986,0.02406178719912777,0.00932176324618128
2014-06-30,0.076453151266896,0.0171490842711024,0.0506163397631713,0.0192028487054736,0.01634976611032468,0.02790117755388355,0.022724944739610065,0.030733193938127013
2014-07-31,0.0889556066514567,0.0849041496766442,-0.00525483972457,0.0927008629775716,0.08863374550844538,0.09744598918446856,0.10942480445220792,0.0462471110718774
2014-08-31,0.0903993049115488,-0.0097038082601946,0.0680277850068356,-0.0144400708155403,-0.018333698449889413,0.051761032531628004,0.024067834683888956,0.044537756049438215
2014-09-30,0.2144616536386021,0.0367093439263093,0.0872669752716819,0.0419296027784148,0.031194144004318636,0.1341194237662786,0.13234835290760305,0.08466077627031843
2014-10-31,0.010091585986935,0.0239110217276357,-0.0155477385265717,0.0369429117257973,0.022784978276998435,0.009472613969620403,0.012072311042541362,0.00015535731675520026
2014-11-30,0.0560125883479558,0.1214194662652392,0.027495304285324,0.1261743442094907,0.10241770257972926,0.06808316079385035,0.09563094747583278,0.046656746769297985
2014-12-31,-0.126821418333478,0.2836034290894569,-0.0498715116721979,0.300947169558396,0.24280426873740013,0.004295129956348731,0.01947911228010013,0.02995897782401835
2015-01-31,0.1060131615974813,-0.0358413441851109,0.1031062543592424,-0.0487649593821631,-0.0358478630690261,0.0422258519774763,0.043438262519453374,0.0432918527764421
2015-02-28,0.090768125931772,0.0221472874632573,0.1176863834185779,0.0014784456712699,0.006292176918482939,0.05504221011510957,0.052486807262391855,0.09186186927318785
2015-03-31,0.2634747541430036,0.1083819906958925,0.2035438846799635,0.0956752312732611,0.10687773790486532,0.20564874512186626,0.20502314944203137,0.20305204968347446
2015-04-30,0.201176771664326,0.1652909155889361,0.1415551053231987,0.1567277129842561,0.13007966675721616,0.1659894860042359,0.20039255028197478,0.12205340375958884
2015-05-31,0.3393301041089021,-0.0247047267211141,0.223880932506751,-0.0504400745106629,-0.012372968917643057,0.18417839659619673,0.1351719063960657,0.19387407572395365
2015-06-30,-0.0740190091086351,-0.0383299184868203,-0.2278743883911533,0.033715523211846,0.004452538550972607,-0.10006689556537451,-0.07305026054059405,-0.11647363098020669
2015-07-31,-0.1986319216468177,-0.1262866334950131,-0.1752355684520572,-0.1133173934597618,-0.11187194767755604,-0.22435143674661773,-0.2305858254321913,-0.14804281613051495
2015-08-31,-0.0947592966146483,-0.1301757371542952,-0.2070407407078508,-0.1187018903169893,-0.121410227810402,-0.12437462760051321,-0.13747217273735135,-0.18331065879852448
2015-09-30,-0.0061971365751825,-0.0384488209984127,0.0065512306754151,-0.0303928649026083,-0.021390896364252288,-0.08695331590343836,-0.08537669039564033,-0.03416870743109246
2015-10-31,0.290541084791571,0.0875716162202531,0.225158996747522,0.0748478699971642,0.10153177828800786,0.236251239099186,0.19504734353855802,0.18948521557301623
2015-11-30,0.1844695076543401,0.0048600445160786,0.0664968409852631,0.0182603682401996,0.04087504576951795,0.05167692011260594,0.048661253211325084,0.07080871384384935
2015-12-31,0.1560392172591793,0.0281975203701676,0.0201187209068154,0.0283267544172132,0.04924325499609261,0.03614746244622946,0.04825637101250391,0.024295297435533048
2016-01-31,-0.3166684617506224,-0.200170992171621,-0.3212365912985441,-0.1725399165970512,-0.196878819631517,-0.2846281369744842,-0.28010880835003327,-0.2768535268170993
2016-02-29,0.0033449003036338,-0.0212747608257209,-0.0449118985292367,-0.0128595378646122,-0.022026213002012796,0.004291690521916136,0.008342459623485565,-0.04047467496573476
2016-03-31,0.2587170968696974,0.1092157009013248,0.1963401393721702,0.0945088156863858,0.13124447867840883,0.13888137762934227,0.1322920402907537,0.18111242189455612
2016-04-30,0.0574580745719619,-0.0243680029023153,-0.04083930088365,-0.0105730748649782,-0.01586675985441599,-0.011694073146120698,-0.0013844188064929819,-0.037944773008035226
2016-05-31,-0.0369923008246855,0.0035191554490461,-0.0230950813562549,0.0014175648175658,0.00861019788664863,-0.02895695776515861,-0.042231869574856695,-0.004389013057257141
2016-06-30,0.06961970578033,0.0045931799189484,0.0570936760112368,0.0006593467412714,0.01927587320889068,0.01796120040348348,0.013454781923808223,0.037522605151915744
2016-07-31,0.0006619783754446,0.0311497113913852,-0.0608666366731958,0.0377248672966572,0.03588618213246253,-0.005010406899531583,9.262155659350846e-05,-0.01909099323269403
2016-08-31,0.0786485421168412,0.0378695304633183,0.028584835060903,0.0475649705454108,0.03714583025773743,0.04955993124179714,0.04553909629321806,0.035833951853100565
2016-09-30,0.0527194869234817,-0.0256369087520401,-0.0328240642932299,-0.0219685748791621,-0.017675510909000436,-0.011583615720564544,-0.01858311093445597,-0.01616236399287474
2016-10-31,0.0491098207170115,0.022805707906873,0.0297483771082069,0.0288092664365922,0.012763010881136294,0.04602248625754468,0.04405710273585828,0.02162060693937984
2016-11-30,0.0500751236023988,0.0527518667891431,0.01591070544168,0.0627266797189916,0.04443025475878204,0.03910056221777536,0.036777796496750836,0.01118094850208462
2016-12-31,-0.0092973348132429,-0.0475522654448834,-0.0751640648218064,-0.0335605339694657,-0.05649218627718344,-0.04674175290588545,-0.04192376136856668,-0.07655940558724461
2017-01-31,-0.0414098867837314,0.0360976608638468,-0.0361204621006827,0.0481599662792888,0.023650494015682977,-0.0059300511865453265,-0.004909258112599457,-0.03562016069088625
2017-02-28,0.0503178918371223,0.020848376342142,0.0709079544670807,0.0145487991600392,0.030223698061548676,0.04936580298099735,0.05817575042632184,0.03302033019703221
2017-03-31,-0.0508244901267217,-9.545278494549336e-05,-0.0337067386471263,-0.0036622359444842,0.021401624850280188,-0.04396691383151574,-0.033777944423238004,-0.00862828745899702
2017-04-30,-0.0948651618497321,-0.0015003020100815,-0.0655801095471059,-0.0050979766197385,0.0014505529287487384,-0.08413643510321644,-0.05069386143573451,-0.04769893331935571
2017-05-31,-0.0822653626460018,0.0282028278965664,-0.0442856764027638,0.0267247967693349,0.0136355929460652,-0.06306238398182995,-0.020478142625618423,-0.061780244183247235
2017-06-30,0.0470927552939268,0.0366323081301289,0.0639561112962969,0.01738094910234,0.08251607367044844,0.0300508820095593,0.0159870590443274,0.044744327803447614
2017-07-31,-0.0217209400654323,0.0412140251865582,-0.039740169301388,0.0766727938506992,0.0021024598068279943,0.01495600353052673,0.02719046219740484,0.0044827170220158585
2017-08-31,0.0559537309217121,0.0260359367835898,0.0384478376756458,0.0211379809042973,0.017376673906277063,0.02978370329337232,0.03543343703725532,0.039712772124718576
2017-09-30,0.0234796544218258,0.0001819286307911,0.0378051200801028,-0.009981174412059,0.026512170435252003,0.014271721522458591,0.006047097644831911,0.022613641841551013
2017-10-31,-0.0279462424040271,0.0376506675675505,0.0588614555812689,0.0014242062826836,0.08018444717809414,-0.041087098565615765,-0.007392697760249756,0.0017322411172437935
2017-11-30,-0.091196947024849,-0.0060074716262796,-0.045570843884148,0.0029844228636839,-0.01772040548692244,-0.06552165783964126,-0.028456186438239994,-0.05638636929311869
2017-12-31,-0.0255586942034069,0.0111502153373228,0.0251748581952224,0.0017089340305276,0.032366583654940495,-0.026989408532842485,-0.02535691057262346,-0.01646081164317925
2018-01-31,-0.0445249701281569,0.08328204587092,0.0042457865267673,0.1241051131577297,0.06857516659546348,-0.041186261426398696,-0.006517714137749486,-0.011591390826520831
2018-02-28,-0.0696501241037894,-0.0671932702250219,-0.014665029765766,-0.0827391558137145,-0.054897096239050924,-0.06044703640857252,-0.04631460296576573,-0.01104011644603442
2018-03-31,0.1146322611115584,-0.0431175824141105,0.0080528931814625,-0.0515470087102531,-0.02056236390733246,0.038863808699170166,-0.0028755384711107723,0.03396815102853079
2018-04-30,-0.0424562733638046,-0.0285926304958686,-0.033396721498229,-0.0165646955815497,-0.04320363504719449,-0.04379226951026549,-0.03666649665286281,-0.041969554420144384
2018-05-31,0.0093826856955068,0.0073190890317662,0.0565989806575761,-0.0217235053350022,0.047084484303863805,-0.032632433742100564,-0.011742862910556706,-0.021983414636412513
2018-06-30,-0.1107410507694551,-0.0636246430394528,-0.0589526819065576,-0.0601420067460695,-0.049711895601403544,-0.1183699441126792,-0.10969700906542357,-0.08644637591200932
2018-07-31,0.0344570586298891,0.0251126796615825,-0.0337949677236167,0.067479799840957,-0.011634024614776806,0.00505715924464889,-0.0087668522513632,-0.006848103351364432
2018-08-31,-0.0930384536487122,-0.0419851836726307,-0.0769778825636813,-0.0272071645990634,-0.07272938779196358,-0.08469080097568982,-0.05596600774568661,-0.09129816578818173
2018-09-30,0.0129329756946781,0.0446137911099604,0.0160814404519349,0.0435712442819415,0.035019567901670934,0.018072923421151854,0.0033720871589588697,0.0008650818428055373
2018-10-31,-0.0545747809400215,-0.074043314128788,-0.1654708985641398,-0.0229602391800283,-0.13117328395202654,-0.10472460876197454,-0.10692909859745037,-0.10949602342601295
2018-11-30,0.0865952683788799,-0.0137862674488687,0.0343330959269643,-0.0307515532408928,0.02018183924318051,0.06631293425748908,0.08072808031912837,0.01795785263297911
2018-12-31,-0.0280646552469776,-0.0406774633684793,-0.0400995502923081,-0.0339874684748011,-0.04310340651279776,-0.0596072106248845,-0.04459881124759291,-0.0516699587471684
2019-01-31,-0.0441973284879607,0.0556799260363451,0.0352445166182047,0.0553264223176752,0.07173431904979721,-0.06585328166193583,-0.03687735809777193,0.005850324818277741
2019-02-28,0.2416676633048267,0.1175801430123242,0.1857763919597896,0.084264434417606,0.12925249980742204,0.30130890773811836,0.2752766465466421,0.1956966796939943
2019-03-31,0.1150942382417834,0.0361373602213721,0.1057174275986054,0.0006804038002536,0.08762391961083438,0.09945870928763645,0.10060148034555949,0.07003347137263805
2019-04-30,-0.0239180889702127,0.0117697376385139,-0.0080245015655506,0.0125692037724192,0.020093990878635948,-0.037721368793076304,-0.02481588532135559,-0.0352865761513077
2019-05-31,0.0011516329282772,-0.0608805538481079,-0.0517360472741423,-0.0548791968762431,-0.061610044512481754,-0.04973305130086836,-0.06545281977163908,-0.06391402218991071
2019-06-30,0.0214852790690325,0.0514924649156465,0.0571571621081499,0.0342178962257631,0.07039539587696386,-0.030578523696169424,-0.021693345993867408,0.05411578433671749
2019-07-31,-0.0098427850458981,0.0092081270580255,0.0094084455447387,-0.0033465651466744,0.005747520290189323,-0.029763120571525525,-0.006297965831969288,0.0020604076888841583
2019-08-31,-0.0233563963690518,-0.0121382695513547,0.0890819505353222,-0.0529182973116085,0.02536263438861308,-0.0032250945930125674,-0.009555700560814562,0.04451356099417669
2019-09-30,0.0200884426192047,0.0057260452201501,0.0006049240553647,0.0175425900631189,0.00460198257641764,0.001601151623608743,-0.0002903305517637511,0.01715733720836954
2019-10-31,0.0082163861323081,0.0229759468820451,0.0408545080820124,0.0216720516264066,0.021369837767513777,-0.01026942540940079,-0.012562235125160526,0.019739656052139898
2019-11-30,-0.0277800787144316,-0.0129923117011649,-0.0254766809255271,-0.0168793823202934,-0.017043685848479262,-0.018133974061179337,-0.02149872030426314,-0.02165385500414696
2019-12-31,0.0915748913316008,0.0609680714079565,0.0483059911988581,0.0348370962656718,0.06960978783375404,0.09587427129286907,0.08503128692498718,0.06604728583840314
2020-01-31,-0.0264962113040532,-0.0197091280900458,0.0378964777704895,-0.0395210713600886,-0.0138498793930949,-0.025235382749115964,-0.00679490587354592,0.006698635012044152
2020-02-29,-0.0302825951919964,-0.0221764204596197,0.0366697017864465,-0.0531526855317595,-0.006461618621305898,0.011958314348563315,0.007529036454514637,0.009585418290776637
2020-03-31,0.026424903331913,-0.0592164350936241,-0.0502965880796039,-0.0314990506247242,-0.0487508780297895,-0.08540968434637275,-0.0763853825601537,-0.0560552644087271
2020-04-30,-0.0059674665977715,0.0534684141448948,0.0995526818417598,0.0077864648310457,0.07875730338124809,-0.0021671527647656452,-0.0009227751031494202,0.08294233016967323
2020-05-31,0.0408034602855242,-0.0106757544931865,0.0468970520203528,-0.0172035410055222,0.017393166038355945,0.02359054383217285,0.03329568639962566,-0.00526218664533562
2020-06-30,0.0318086187462141,0.0722301410138017,0.1505840455151408,0.0069537140952025,0.0948059454040373,0.043667209355678915,0.0335346186647314,0.12517981302356485
2020-07-31,0.1473587708354249,0.1190414975564801,0.1465050042171776,0.0526952595248919,0.1380981060298092,0.14855763365318309,0.15324893408536688,0.13631177707219155
2020-08-31,0.0855658526904565,0.0249987645641045,0.0122496855235478,0.0159331565786118,0.034553509322446274,0.045165930665719944,0.05247662384885454,0.008037114155545533
2020-09-30,-0.0558653889693949,-0.0421566277435618,-0.0618004811698156,-0.0315781607404292,-0.059686338660550065,-0.0675421885592219,-0.07180817615747725,-0.06656439042315754
2020-10-31,0.0302397819435369,0.0219124572712006,0.0286131618106553,0.0087572658152457,0.02356150888337405,-0.009924998458232248,0.0010264582424688307,0.010475636107074138
2020-11-30,0.0420937562349286,0.05001634862115,-0.0210676837547484,0.0831758153393584,0.024650827748209148,0.04292340308027609,0.030505993086768823,0.009892685327629769
2020-12-31,-0.079937885208447,0.0409909243713826,0.1587243764298116,-0.0537041007297864,0.09496106264281656,-0.03709681052255143,-0.02682729628809788,0.07522259316313251
2021-01-31,-0.1006191103543939,0.0309934979955786,0.0515736508157596,-0.0015222641235588,0.03277875405883823,-0.06646072359341648,-0.059356715904889557,0.0476570899196449
2021-02-28,0.0581365346022038,-0.0077471840365683,-0.0576154939553728,0.0559717493898153,-0.013413824962013376,0.01933495830615506,0.015283492691899658,-0.02559300422059163
2021-03-31,0.0412096264456613,-0.0405633277188304,-0.0649592282630902,0.0325772945635962,-0.05682710790079515,0.008905273876917086,0.0130587673943372,-0.05931016132871003
2021-04-30,-0.0028400331397716,0.013612878521505,0.083385220633759,-0.0444867921446827,0.038107192468282536,0.017637906457374175,0.008287991028296693,0.07692195103607102
2021-05-31,0.0869148113734912,0.0439971031920785,0.0654027881449983,0.031021341294942,0.028316105363624278,0.06637847785670958,0.0540161089611102,0.04140666186484476
2021-06-30,0.0526470725272902,-0.0010307777430667,0.0295874343613258,-0.0081188695342649,-0.017326476225712595,-0.011093241804814635,-0.01582849978540113,0.07813032015647581
2021-07-31,-0.0054858406629406,-0.0611549195091097,-0.0536934968775961,-0.0561850038970139,-0.1121589536332398,-0.015764042333205275,-0.01550150185915844,-0.01885688607514935
2021-08-31,0.089534511239796,0.0145757136305155,-0.0381524335397169,0.0578914381929007,-0.01385032479622783,0.08317624073482266,0.0782453275554269,-0.01738061550471981
2021-09-30,-0.0024632259986485,0.006267092151686,-0.0088350289073093,0.0430686503247337,0.01603379056399379,-0.03998410144616138,-0.019098493683978868,-0.016913110258163555
2021-10-31,-0.0310334995458417,0.0074023932041615,0.0364724109645566,-0.0245707104774994,-0.008517192019557585,-0.00773863470357028,-0.04231683190420943,0.025342809175986192
2021-11-30,0.125192445591812,-0.0158876314215825,0.0119507782708816,-0.0294950563326786,-0.009224750046081476,0.060455597586773324,0.048550457399820335,0.01846929579979295
2021-12-31,0.0775951337118017,0.009980153040296,-0.0379526191748195,0.0459549064681295,0.02702925136979495,0.04929748409553292,0.08640182355857284,-0.013733931064484173
2022-01-31,-0.0353180884534862,-0.0731254453456129,-0.1260900646360148,-9.607224151786388e-05,-0.09331284644043569,-0.07115328360681328,-0.07294819032888789,-0.12740558300033078
2022-02-28,0.0635672246066048,0.0159772659925199,0.0119690019709088,0.0256130448955742,0.029839000417164918,0.03134465546447229,0.028533240331364063,0.054479892838117605
2022-03-31,0.0044455837928381,-0.0691006448158215,-0.1044277331969401,0.0081494991752959,-0.08870025913212898,-0.029668375732827212,-0.04301273875598721,-0.11061606586874295
2022-04-30,0.0174222241237775,-0.0410328685587007,-0.0047243864382497,-0.0303684986822835,-0.03647970515968557,0.22916496192822522,-0.12635997957198886,-0.10582703053869202
2022-05-31,0.1192639944977471,0.0253143987228323,0.0540654465220968,-0.0034122281238957,0.03197063865085026,0.06517555720810009,0.07674665591212437,0.08026929631026514
2022-06-30,0.0742862811519999,0.0879085098609606,0.1454709586186469,0.0271144420652602,0.12072562531020825,0.0941670491263027,0.07946690795953426,0.1267495667488996
2022-07-31,0.0566311478016476,-0.0545578102380099,-0.0541650648712973,-0.0305744115393175,-0.0728746726195374,0.00816093888707714,0.02511483442839557,-0.049649944265164114
2022-08-31,-0.0091197946093275,-0.013382739119962,-0.0477220748557438,0.0066083793887867,-0.016152265668293975,-0.012348160990916957,-0.007627527976819204,-0.022770372975124298
2022-09-30,-0.0773245120239513,-0.0538039319313343,-0.0664281242458669,-0.0304255669457933,-0.059819295331459355,-0.07706786319172132,-0.07429853804317343,-0.09115615832739632
2022-10-31,0.0616916520596879,-0.0668163883210354,-0.0712390479748926,-0.0520904835480579,-0.10955131587217448,-0.01887724241734512,-0.0165101386034191,-0.02782149685079638
2022-11-30,0.1061785513582518,0.0881494290980764,0.0371147753251326,0.1234608032817654,0.09115796822225142,0.09908716430000952,0.10150420403642557,0.0446819967354366
2022-12-31,-0.0395229365066012,-0.005028967713817,0.0121043524773829,-0.0181593453581114,0.0009480794433038842,-0.026382938773413578,-0.038761049566226835,-0.03237747153339565
2023-01-31,0.104189833549491,0.0563273372628827,0.0700030131808153,0.0422732184083722,0.0758266079593597,0.04144931189377088,0.04744356347207579,0.08252001127113928
2023-02-28,0.0493618642390871,-0.0084370252842078,-0.0340071835358664,0.0088949674925666,-0.016455606085681862,0.01722036801570903,0.0334763709073822,-0.041068018478894186
2023-03-31,-0.0063740232497502,0.0053972211393238,-0.0187772135794893,0.0145228409482327,-0.024223269643262824,-0.0036872820744103807,0.006573329940071426,-0.03663048200468211
2023-04-30,-0.0486665567159864,0.0194459530915256,-0.052180687245499,0.0822066391436893,-0.042668170613728296,-0.010760361085236259,0.01806258582529363,-0.038679870948302164
2023-05-31,0.0485893431019213,-0.0427503989083615,-0.0512141985101322,-0.0234684326094873,-0.06362860786736801,-0.05905318712772434,-0.05221707324959357,-0.05711738845504899
2023-06-30,0.0503638627624207,0.0090379851198558,0.0082247620151909,-0.0018633565192307,0.030734219197890322,-0.01871857019990808,-0.021172742737249117,0.016429734179696176
2023-07-31,0.058618976577577,0.0461848008612322,0.0052037137563192,0.0831209850214611,0.03784848787579498,0.053457585623984505,0.05121487323057439,0.006593810950010992
2023-08-31,-0.0011883095513114,-0.0488884338501592,-0.0437459499335317,-0.0558434092052561,-0.05347846888386132,-0.058646386957724506,-0.05903885970454614,-0.08331190290073276
2023-09-30,0.0146269297613628,-0.0077891200098298,-0.0418255827569274,0.0167145757763187,-0.01665521691445304,-0.0017042993126824557,-0.008629663161097922,-0.022067773995499862
2023-10-31,0.0106085594524409,-0.0304418498364693,-0.0251808831282592,-0.0354525033694766,-0.03444148534717173,0.030157605977567004,0.029861328562724276,-0.01975076398083686
2023-11-30,0.1103465874575782,-0.0112921264101865,0.0114910877508203,-0.0070938177994305,-0.011396738128984785,0.027374833365028328,0.028700276564434635,-0.021864107315230807
2023-12-31,0.0355085440749831,-0.010911092024655,-0.0310881319750346,-0.0117122984678486,-0.007020524702124886,-0.04621879804427009,-0.03638058845401815,-0.007235917887908783
2024-01-31,-0.2131169718800661,-0.0336261113376527,-0.1724779026512461,0.0426709074335147,-0.07348633531588633,-0.1969249413841503,-0.16855000866050496,-0.16181571328904998
2024-02-29,-0.0367768072186901,0.0835201361181414,0.1421167742849201,0.0425741012281004,0.10556114934379712,0.1029220432258997,0.09621269607072347,0.11506182847283042
2024-03-31,0.0854413473974333,0.0109024599976186,0.0017654799119068,-0.0092709737854191,0.022115014232127583,0.019161349582971,0.008889333171759217,0.012964565580792398
2024-04-30,-0.0598674382018796,0.0240016478732223,0.0034637475690542,0.0292329774324666,0.024254636133794083,-0.03997598481756959,-0.03804662186142882,-0.0017150715416338613
2024-05-31,-0.0071591662629515,-0.0033137186671611,-0.0460436457279417,0.0127642739350484,-0.008504921060955573,-0.02949925123086161,-0.013652520028618165,-0.015378557503016532
2024-06-30,-0.0772051478856986,-0.0069571176410996,-0.0545687624028616,-0.0112111084643786,-0.03389836732150486,-0.08342532508239497,-0.09535195270875552,-0.04469991644596161
2024-07-31,0.0345703610540681,-0.0010435278447001,-0.0125937823961058,0.0429134456897524,-0.03616610167682921,0.029390568033644815,0.012247208919608843,-0.018157186983089102
2024-08-31,-0.0151963027943818,-0.0225066810737594,-0.034757871180336,-0.0158949947380315,-0.02167588768949502,-0.0417487886460014,-0.032007879077567414,-0.043107364465269304
2024-09-30,0.2670026609077685,0.1703783665384279,0.2500479910880062,0.1413532460029054,0.20620669910822942,0.274685554107833,0.27043626281412325,0.22294189504459783
2024-10-31,0.2390730306430377,-0.0328393584714772,0.0040558079121639,-0.0191280559829076,-0.06483322502604616,0.137090575153467,0.13834273723164392,-0.015277515244377149
2024-11-30,0.1441958858065883,0.0055338273096936,0.0022509871231588,0.0198416618284191,-0.00095480357108646,0.04231430580268225,0.02938946677649601,0.005697245570379206
2024-12-31,-0.127718549857899,0.0235728725069466,-0.0328316041873411,0.0479531262852079,0.012433451116454552,-0.07953131182969142,-0.07341144238364106,0.002060147855424743
2025-01-31,0.014274274848183,-0.0301346536669158,-0.0287709312942984,-0.0180171436111592,-0.025811659546911003,-0.05255348402248283,-0.04666195249084093,-0.005928078472098752
2025-02-28,0.1395119856625961,0.0117271619673624,0.0730843882261378,-0.0013594369869658,0.005882210586662495,0.14636295997887183,0.13980693223068696,0.031087567734956023
2025-03-31,0.0240898841271757,0.0015535004311248,-0.0219639588358456,0.0140357957964605,0.014813076929375502,-0.050258673699859036,-0.03881016654260139,0.010534660481094527
2025-04-30,0.0307484280264953,-0.0190740556126884,-0.0031133142560307,-0.0036932902155555,-0.03639695952272515,-0.01671187187418932,-0.013314123102367015,-0.043240911390890036
2025-05-31,0.0998026894230563,0.0191187688038012,-0.0057209535206094,0.0322009910671756,0.025384472324783802,0.02321865545702262,0.0379107682422386,0.026671920809034688
2025-06-30,0.0857563572140083,0.031429848428583,0.0317294386695559,0.0442790631697345,0.02270468974451534,0.06159851416975237,0.05840756650862522,0.046177725170738926
