,Small,Big,Robust,Weak,Conservative,Aggressive
2003-12-31,-0.058384455722992445,0.12490595559239659,0.08071057845098273,-0.06029689042559383,-0.011627895242185549,0.05460183460834367
2004-01-31,0.11883105010264727,0.04115684126201358,0.04137120520878668,0.09516438207131972,0.08674481709827009,0.10204261317066843
2004-02-29,0.12549602593338838,0.03698107846217202,0.052750147157617944,0.12227995195474683,0.0968291906631018,0.04487783835827219
2004-03-31,0.059239562603203844,0.044462420916263845,0.05380933164521928,0.04247577214223397,0.03698554420767963,0.027555324965291117
2004-04-30,-0.12172243364182067,-0.09135626012604214,-0.09734099587074385,-0.1379501877317708,-0.14087459023458826,-0.09834275741137688
2004-05-31,0.00955677702928992,-0.025009687927712854,-0.035024205533099484,-0.011405719555215965,0.010112881974251087,-0.03261689228989795
2004-06-30,-0.12902614653646216,-0.07807582481249731,-0.056727381974413627,-0.1385703385650081,-0.1286779340059342,-0.11290884142072843
2004-07-31,-0.052207447258208806,-0.009770651102571803,-0.010129501839653221,-0.03015555920610491,-0.03360437645589287,0.0003831905140265768
2004-08-31,-0.04652175462144048,-0.017327347261417936,-0.0072303851131313435,-0.06540150406898604,-0.048885264337364065,-0.03714057580030239
2004-09-30,0.03465853530630847,0.04550995211580067,0.07916696120009092,0.026715362417447652,0.04805509772559047,0.09124791956283596
2004-10-31,-0.09019449079842146,-0.06093822237654267,-0.058268674242136664,-0.11055424456668073,-0.06392081835757868,-0.020693000580829124
2004-11-30,0.0868797927731002,-0.002539249995992643,0.0018058216346168443,0.09214447866504605,0.049102682207013304,0.010599237308884568
2004-12-31,-0.09187159105355891,-0.03849253783004336,-0.027287690663920117,-0.13489121143909055,-0.10518021620087403,-0.050856909691981644
2005-01-31,-0.047371353380134984,-0.04723483588669897,-0.05349045182968726,-0.08111135151355264,-0.09211035283251767,-0.03870521287582818
2005-02-28,0.11098062997301983,0.08701849078892043,0.10036335097129467,0.1130976976566529,0.10059208169492218,0.10071815991731636
2005-03-31,-0.1448865031324834,-0.07200632070598667,-0.059722686283205095,-0.15650257360182473,-0.16026434776782006,-0.07527910540190197
2005-04-30,-0.12981088733620538,-0.0011257880337135484,-0.01152653146521676,-0.11778517825422952,-0.06132133432644893,-0.011410100861850125
2005-05-31,0.0058275402850473945,-0.10667116372386376,-0.13456685215784336,-0.010224259860360685,-0.031883668850447355,-0.12533293212774277
2005-06-30,-0.0029708440798944524,0.03441590286336216,0.025465977445853438,-0.033137904884205094,0.004188110590061633,0.01818496138180503
2005-07-31,-0.09064069187596957,0.050624026590057936,0.06660061047497812,-0.08542874594231542,-0.06818957811504311,-0.008623321744509749
2005-08-31,0.19726419619361768,0.050117717754116775,0.05539538784930431,0.16067939537991038,0.15469158567978591,0.06675438873587436
2005-09-30,0.02516907434061766,-0.023219787320138408,-0.003195632243767066,-0.009573931590993734,-0.006079078309105257,0.011365970697839956
2005-10-31,-0.07053358937472953,-0.053684896583044095,-0.05267814562546902,-0.06700282072034469,-0.06894893571064298,-0.058616713972032275
2005-11-30,0.05824696983825284,0.009147440492692116,-0.013256668201583,0.03911387997089366,0.01714166579866183,-0.0141376208462346
2005-12-31,-0.011236824087130781,0.08103693628927955,0.06288770010175981,0.00622079736784098,0.017149562270825314,0.062241461870182535
2006-01-31,0.025331668655239614,0.07232263748284873,0.08008511078495517,0.051520389757695906,0.07065165599325618,0.10132039554451477
2006-02-28,0.05375605031606656,0.05533418426937198,0.06411884160833381,0.09813034818010569,0.07331796850850347,0.038208959683171395
2006-03-31,0.0006919038994170901,-0.0019151617229624662,0.018831978842412278,-0.027615373858626446,-0.013417384259063025,0.01867968720968416
2006-04-30,-0.023950495246906844,0.11753113103345636,0.1306029663492505,0.04003608647971579,0.02008203673746345,0.1083835520312455
2006-05-31,0.30634849857148483,0.10591241475662061,0.08903568813578566,0.24154509864222629,0.27276655698862373,0.17692455632840676
2006-06-30,0.07468095771273031,0.014388675094295866,0.05139776994923628,0.026019885593359104,0.022953037434871648,0.023385498349649758
2006-07-31,-0.015553581417197315,-0.08006770557370768,-0.06759495536378912,-0.03689770227210931,-0.0694864304020113,-0.07281595549980036
2006-08-31,0.04010860017765716,0.04228431714378966,0.031888338516307346,0.03762913887412345,0.061133403697345434,0.041939104695239315
2006-09-30,0.06049903654895794,0.05032380059509611,0.0389096187165503,0.08558098206334752,0.05443017412392348,0.036481076465860074
2006-10-31,-0.004314320307140296,0.05041368888160824,0.03791332444426687,-0.010651718372202246,-0.020056738524179774,0.027732164525323455
2006-11-30,-0.009032960834738923,0.20431684461297572,0.22471672079074656,0.02600782332700491,0.032281624101879514,0.1922007514167985
2006-12-31,0.017867591642403813,0.183507452023274,0.15811676541948305,0.025181177621868667,0.060345438083307945,0.17425945197670822
2007-01-31,0.24218885141846824,0.14566383510991088,0.16391662051241096,0.20816925344774928,0.24280056245327586,0.18031664666861857
2007-02-28,0.2372778960741453,0.02300086842325877,-0.0018008038086380074,0.27168250497984725,0.21646695765023827,0.07412076216302554
2007-03-31,0.25973222303808696,0.08310496429907022,0.08332393013141659,0.1934098697072446,0.1578115158274731,0.1253457381480585
2007-04-30,0.3265515323323238,0.22480350673380678,0.226377530208417,0.31690924907168183,0.3494651685228032,0.3053440736713213
2007-05-31,0.08436361459784081,0.14640732934275502,0.18118191435243647,0.13106236463028242,0.0376492016640797,0.14785505471894278
2007-06-30,-0.2248064281937856,-0.04354416494771807,-0.03271995405487527,-0.24808150173886345,-0.1806422143919213,-0.051628301072190186
2007-07-31,0.33227669741337373,0.1723538447837425,0.15088796465263132,0.2829584923014441,0.238284394140011,0.2533956042427745
2007-08-31,0.13685577608910693,0.1654804610295475,0.15212117155884486,0.21425021217504536,0.0988452511492679,0.15122902336538147
2007-09-30,0.025861061269673247,0.08120205319623253,0.06613454348630143,0.009561634718244338,0.07396082296774287,0.040802249075541086
2007-10-31,-0.12494184775632344,0.08524057026318044,0.02888274080533626,-0.08907307688820743,-0.13250572295477414,0.029009701783286657
2007-11-30,0.017715299639001758,-0.1631989638808925,-0.19288941990989505,-0.12907042483666542,-0.09288973593205019,-0.21681145123030976
2007-12-31,0.20268938336341336,0.09952983211807331,0.19275483753026879,0.16542272564121907,0.17974546924678503,0.11952792332465734
2008-01-31,-0.04619324901095656,-0.1699856937387917,-0.1319584153436325,-0.0949196696440322,-0.12067999331053403,-0.1190333969059777
2008-02-29,0.12752619236849072,0.0044569123398698895,0.01506572921620486,0.06539629863673935,0.06917827830796264,-0.008745393427705972
2008-03-31,-0.15803898577179842,-0.17851494244548094,-0.2164754533961466,-0.19602005360578778,-0.1957807295332462,-0.2117584536655842
2008-04-30,-0.09382084653161005,0.07813626349044589,0.07759367622029512,-0.10130860504216821,-0.07137442636271618,0.0827174454678632
2008-05-31,0.014759169095179159,-0.09052515379958914,-0.0957181745486817,-0.022390178033014463,-0.0591239324714351,-0.10308765836317813
2008-06-30,-0.24592213237128557,-0.19404110346825165,-0.21680231011954498,-0.2541007776568023,-0.2609249614465783,-0.2248391937553389
2008-07-31,0.14711430299045758,0.015305100546515016,0.023979163994820585,0.05824071577156209,0.07431612532651388,0.018885176370571966
2008-08-31,-0.21399053760581255,-0.10584665227617218,-0.18204902449677862,-0.22669334674448294,-0.22777260458057158,-0.20652706620592842
2008-09-30,-0.08572888854775385,-0.05493229203619154,-0.11987983019302062,-0.007704433320242399,-0.03944211222749816,0.001495746676150933
2008-10-31,-0.2314609072060495,-0.2547380833371553,-0.3127047315782143,-0.24340253775455634,-0.2801312297426283,-0.2658972571695043
2008-11-30,0.24682293276956813,0.07689342947484534,0.07305335933312707,0.1589832286986137,0.15190953874215385,0.1357686249687473
2008-12-31,0.12264886975451095,-0.04674640587819057,0.04653338983551536,0.02618846765505989,-0.011046174778021944,0.04417837502974309
2009-01-31,0.15415658659281384,0.07312861592592323,0.1368405745877772,0.07363339315959871,0.16592445811045042,0.16380044795387327
2009-02-28,0.0985216573488703,0.03869713718790169,0.028728017093894387,0.08465987502464634,0.053741563024496175,0.05388647202768038
2009-03-31,0.24958848859281924,0.11841753584254944,0.18065737853610053,0.18983457958204664,0.2234054860546606,0.2254955546018973
2009-04-30,0.08505966657268882,0.04066721811360563,0.05398791113737289,0.021934919424797528,0.00435539141186303,0.08326511075672527
2009-05-31,0.08663558319966391,0.06268229130280245,0.04830493359264798,0.07193883747782093,0.0775377026576074,0.06470472402871286
2009-06-30,0.08671998150027904,0.1706378104412527,0.2243221370991244,0.09158577931602019,0.07359345823173902,0.08960750738546386
2009-07-31,0.13227804553834321,0.1539474657118871,0.12116479457887386,0.35785311173020595,0.24450772245536956,0.168497584992632
2009-08-31,-0.1180075097102562,-0.2307430060449629,-0.21995768882573152,-0.2694690232710073,-0.2331651464288933,-0.22771498436645643
2009-09-30,0.052360114456829976,0.05296794149543271,0.07423989621406801,-0.0038747730423438487,0.013500275803336459,0.07129101930531268
2009-10-31,0.1339730124814238,0.07025599557208762,0.07876093784048366,0.07748134484189562,0.10130661086914383,0.0910339895272998
2009-11-30,0.17369436188108778,0.0455251445118825,0.08537424728574616,0.12435854481528708,0.14256930306674165,0.06998004556290649
2009-12-31,0.05560546228314367,0.03431590095305315,0.014459452305841891,-0.004528202592821828,-0.0049120336269933285,0.008854699451585901
2010-01-31,-0.009409659993579678,-0.10765058738140532,-0.0970942000817181,-0.04755801163403961,-0.05323127727383181,-0.08120396339785763
2010-02-28,0.09014654559382662,0.008936839300340838,0.03746083779232223,0.04763122508302664,0.05131063638025646,0.03616672820404809
2010-03-31,0.08622856600299023,0.015661274067532815,0.006871361051030922,0.021466012299827142,0.021473512786268856,0.015837332822697725
2010-04-30,-0.06283818730139967,-0.08028766326194048,-0.07938118499214764,-0.08505535525099839,-0.09812331867618318,-0.07584746252790187
2010-05-31,-0.08593451498299876,-0.08552605831204929,-0.0705614101799048,-0.11558240701580391,-0.09871808399782978,-0.09571150465216494
2010-06-30,-0.08603924359898818,-0.05969482470126097,-0.061156598573199106,-0.1243736164308945,-0.11232031037280976,-0.0693469087673626
2010-07-31,0.18250166462080974,0.09506436868605705,0.1119753082506929,0.1546029637426538,0.17846948302354915,0.1516668337234166
2010-08-31,0.11632296538442888,-0.02076140213368005,0.001393199592227834,0.0815235294844614,0.07313088839891257,0.05379975872756626
2010-09-30,0.016861261004570194,0.0017175951415338009,0.033661630126595954,0.03106893712547021,0.01520801896840207,0.00820325817808465
2010-10-31,0.07925198914841713,0.1347724882836845,0.17478373777804523,0.13105834360007407,0.08761706572858752,0.19665399943842354
2010-11-30,0.038538118584714454,-0.07012090503019697,-0.03958618829571803,-0.07497868076578174,-0.030549612204809118,-0.06354583799165159
2010-12-31,-0.010473303428395253,0.002472175388940512,-0.0018910434544614496,-0.027735455722299407,-0.040019281599949164,0.02457133830555369
2011-01-31,-0.04376225930979294,-0.003266535334073062,-0.025943908398431748,-0.014962424847702716,-0.01829374002295281,-0.0650961889578563
2011-02-28,0.11535764425934314,0.023964158363516175,0.05249837762456444,0.07378476046075422,0.09652264838567315,0.08502949219756961
2011-03-31,0.03256010929402664,0.008848751594561,-0.005255640145286011,0.007453005362554999,-0.009438786885003325,-0.009377716408893955
2011-04-30,-0.02932286809218665,0.002215033090042562,-0.007727268302279433,-0.03177421739625219,-0.017102385438475642,-0.02154108924946596
2011-05-31,-0.048717282342706114,-0.050960804945202165,-0.051650602203369256,-0.07158535135044308,-0.07080868294694376,-0.0659191688049876
2011-06-30,0.038918678375818416,0.0188853271003957,0.03817634619735233,0.012409875691230088,0.027943270976146017,0.0686338748077433
2011-07-31,0.011474526036198363,-0.029779830541591057,-0.01971482882457709,-0.013207304245119178,-0.026902732833234744,0.010121782150149583
2011-08-31,-0.01034791430558335,-0.04960571271759162,-0.02635326491310419,-0.054149797597307314,-0.06222705312659149,-0.036249811947626887
2011-09-30,-0.10717356995379157,-0.0665021764429291,-0.0863118234008412,-0.11324587810412456,-0.08560534001032949,-0.13272457220187928
2011-10-31,0.05194961053738667,0.05080580222338926,0.04267802930042697,0.04451376057884482,0.053422478596951706,0.024047318994417477
2011-11-30,-0.02682944962411027,-0.054031197290140276,-0.04936774364440677,-0.07188722540638359,-0.0756696528010734,-0.06545844769468334
2011-12-31,-0.1660044316240532,-0.02776094469385848,-0.04396000449813586,-0.1637716241574798,-0.12225858122968136,-0.11664697975942862
2012-01-31,0.005659005365570069,0.04800300236988431,0.039290489893405,0.028038742186406562,0.059597119239674035,0.038218791062938795
2012-02-29,0.15044659799352522,0.04378146436184149,0.05688820385310245,0.13033644524235588,0.0933776453092574,0.10991109012819855
2012-03-31,-0.07429889705459758,-0.06121840534290501,-0.04797557654865259,-0.0822893377729319,-0.053158907622877005,-0.07808037525793587
2012-04-30,0.07218382033202597,0.04847635771395531,0.052788045938170436,0.0800065930714493,0.10509546391950741,0.06779187162097933
2012-05-31,0.03717254134715242,-0.01569619349164819,0.016482056042891102,0.0002188221369954224,0.03204858360329865,0.04138061752338218
2012-06-30,-0.04062194730833635,-0.03567395042395938,-0.03300815315220007,-0.09588263787879969,-0.1004278331689995,-0.03787888293014363
2012-07-31,-0.11154135867112325,-0.037494228228476256,-0.03879060369963738,-0.10920943298398378,-0.08393967756592058,-0.054170499252167104
2012-08-31,0.05124971615359897,-0.03498292568995276,-0.022308253006356638,-0.022267319864068713,-0.026508631386635062,-0.04178421457801573
2012-09-30,0.018477587165243392,0.023463204243506564,0.017521577677609868,0.007198570590727149,0.03535549378343439,0.04729206722413659
2012-10-31,0.005356116080853512,-0.007224654535862296,0.0030674882515022706,-0.0019986658039302663,-0.020765914119278306,-0.032567657135475714
2012-11-30,-0.10501873193526579,-0.02855885671955316,-0.0287100810259594,-0.06419407615751527,-0.12858507486191462,-0.08757697540042908
2012-12-31,0.1602473446961732,0.13864344346923518,0.13078389128063983,0.16702323096754212,0.18940320013847622,0.16614170091255298
2013-01-31,0.06191210735394104,0.05056030616268914,0.062139559523569865,0.00962044334892087,0.05995404950739602,0.06151004859204945
2013-02-28,0.05692327550075893,-0.018794096362952484,-0.019195513462053615,-0.0183195535205678,0.01203989442133424,0.030947647243973808
2013-03-31,-0.03403782498002372,-0.056199272468814954,-0.04005333647631981,-0.07654008984785265,-0.0685348644386432,-0.03878927351151029
2013-04-30,-0.02943006588116448,-0.01911014153799906,-0.008537783369720664,-0.02602800284674378,-0.03610656071299889,-0.0027420332894640964
2013-05-31,0.17131361337349205,0.04461052847672664,0.08429562486164799,0.12485710736180411,0.09578355978002318,0.12675511811353135
2013-06-30,-0.14648375744498165,-0.11368430493034565,-0.08422128123802775,-0.19641799562520224,-0.17639462227219327,-0.14476598045255296
2013-07-31,0.12199296026819417,0.009864907991500749,-0.006700743833274014,0.034568649675078555,0.04448085411534919,0.043615106339777165
2013-08-31,0.09367297427474486,0.03608273286117858,0.0330805657606934,0.10190131592472707,0.08414483155133068,0.060635152956507676
2013-09-30,0.07695917678877495,0.03573288499498051,0.02804869297940571,0.06326711487396319,0.05035251204920521,0.056865942240559075
2013-10-31,-0.0008779556729520133,-0.015305061374110362,-0.01908780058163373,-0.032042939834891704,-0.03441125116334898,-0.054143967472715326
2013-11-30,0.13610663900070308,0.02879321345075847,0.014561671967938006,0.06627658882112808,0.05429006534406233,0.07509256061688663
2013-12-31,-0.017323686570354324,-0.047951919878430505,-0.04128413384239338,-0.058733198213021365,-0.04932207442046477,-0.03693275795434825
2014-01-31,0.04081236557258583,-0.045273850184674336,-0.03705088984748439,-0.026819396974169685,-0.017567884013669266,0.013465919062222609
2014-02-28,0.06461951827014767,-0.0011413497955660157,-0.0077653895211157176,0.05665469860986394,0.033107898684529014,-0.014832773019154089
2014-03-31,0.007725351934495972,-0.013357539324489687,0.0007267075459069794,-0.03013834337357979,-0.030811397078506664,-0.05166746565288016
2014-04-30,0.012831241078238742,0.002154069970355943,-0.0010507546322777728,-0.018074785148513905,-0.008285868393311357,-0.007863717558043493
2014-05-31,0.05820947607907501,0.008300442705225786,0.009524549371479285,0.02649388705707878,0.022495616186963385,0.010803799747536535
2014-06-30,0.07645315126689556,0.017149084271102844,0.018015019152872735,0.021639284261570912,0.025110477612746207,0.02725547654081062
2014-07-31,0.08895560665145696,0.08490414967664428,0.09091908122404035,0.08266935872147574,0.09814304264432261,0.044702861356729295
2014-08-31,0.09039930491154813,-0.009703808260194458,-0.01760530550261097,0.07184045672313988,0.043817422648170457,0.03624508327179665
2014-09-30,0.21446165363860215,0.03670934392630931,0.032453230128872024,0.1453033103388437,0.1115647016206689,0.08200198500872591
2014-10-31,0.010091585986934826,0.023911021727635262,0.020728987105501195,0.005741945151672034,0.016229758149358897,0.007366628052040136
2014-11-30,0.05601258834795653,0.1214194662652397,0.0918455972267962,0.0667177626744817,0.06911832183797939,0.14628334911619278
2014-12-31,-0.12682141833347782,0.2836034290894558,0.22943720831041525,-0.018137086182264173,0.02163568778304148,0.10909672649946289
2015-01-31,0.10601316159748198,-0.03584134418511087,-0.03734994268295877,0.07020926920268078,0.030663550770437142,0.0024180296249391997
2015-02-28,0.09076812593177208,0.022147287463256893,0.016303175096652467,0.05144821232195973,0.04943309826404896,0.10719018483263065
2015-03-31,0.26347475414300336,0.10838199069589316,0.11974520872663441,0.21006852396943998,0.2115731695908758,0.18791130507210752
2015-04-30,0.20117677166432602,0.16529091558893683,0.13980410166563773,0.18898808170865244,0.21493994939408356,0.12392316016655136
2015-05-31,0.3393301041089014,-0.024704726721114012,0.029360899626153403,0.19827807977527767,0.13370704222837437,0.09652867412270671
2015-06-30,-0.07401900910863579,-0.03832991848681977,-0.016973836873799608,-0.07596964834523101,-0.05658987533856019,-0.13703257643012057
2015-07-31,-0.19863192164681787,-0.12628663349501335,-0.11458627576522018,-0.21811843748709503,-0.22781674706898658,-0.16267227641241555
2015-08-31,-0.09475929661464766,-0.1301757371542951,-0.13329887148870068,-0.1273889097073695,-0.10710794035543492,-0.2087357050076567
2015-09-30,-0.006197136575182727,-0.03844882099841318,-0.027421007067365166,-0.06078865414505341,-0.062202058841282604,-0.016921636573404397
2015-10-31,0.29054108479157037,0.08757161622025378,0.1460579376931641,0.18171343893359526,0.20943164175341544,0.20460319531151372
2015-11-30,0.18446950765433923,0.0048600445160782435,0.03493717119784745,0.047227424015086505,0.051173347805730574,0.07798090070332275
2015-12-31,0.1560392172591789,0.028197520370167872,0.04699088272418006,0.02812164321970223,0.04233777482701884,0.040303093578389015
2016-01-31,-0.31666846175062224,-0.20017099217162104,-0.22085467117514412,-0.30198784779797483,-0.29471982857639734,-0.2761137121866595
2016-02-29,0.0033449003036334357,-0.021274760825721217,-0.01572217794782771,-0.0035203474904046406,-0.007546978662639425,-0.041203118436318076
2016-03-31,0.2587170968696979,0.10921570090132549,0.16308833467886874,0.13863474603409776,0.1759882381449791,0.20258014336279162
2016-04-30,0.05745807457196195,-0.02436800290231511,-0.024683187086232627,-0.007445241045765716,-0.01504704746882446,-0.04073130442576178
2016-05-31,-0.0369923008246853,0.0035191554490461296,0.003838743107316578,-0.022839152396154083,-0.025779337979146333,-0.0037012569206453794
2016-06-30,0.06961970578032872,0.004593179918948032,0.020173054096405352,0.004273864254203286,0.012540270202658022,0.03867643438609214
2016-07-31,0.0006619783754449049,0.031149711391384782,0.04288091475068301,-0.0041044810135297816,0.010278585204095414,-0.026214943656866052
2016-08-31,0.07864854211684214,0.037869530463318535,0.020824268385282174,0.05116781539000259,0.03864107257583149,0.0325693161434959
2016-09-30,0.052719486923482606,-0.02563690875204072,-0.014067094761665344,-0.009310600226656418,-0.030146239889074722,-0.018793627409206093
2016-10-31,0.049109820717011754,0.02280570790687353,0.01940035457706535,0.03763098432163248,0.04175444271921536,0.01812139597950546
2016-11-30,0.05007512360239885,0.05275186678914334,0.03222718177948303,0.037617759851973354,0.05814522388349119,0.013058738889521582
2016-12-31,-0.00929733481324313,-0.047552265444884,-0.05003350958413122,-0.039530158790960335,-0.060657905009411706,-0.08182843007318696
2017-01-31,-0.041409886783731586,0.0360976608638468,0.007645324046267055,-0.03450450147925277,0.0003880461553944503,-0.030453448425780905
2017-02-28,0.05031789183712343,0.020848376342142316,0.03574362141048848,0.042606361960076056,0.027651555457271826,0.0341458887104269
2017-03-31,-0.050824490126721744,-9.54527849461595e-05,0.032312297999819384,-0.044479581650076705,-0.04016127011466286,-0.012908189834825667
2017-04-30,-0.09486516184973237,-0.0015003020100814446,0.0028826405113888676,-0.066730296286454,-0.06411290422258464,-0.04034518161140399
2017-05-31,-0.08226536264600215,0.028202827896566474,-0.0069797198407177685,-0.053248332355577466,-0.042447920754181134,-0.05307599752449266
2017-06-30,0.04709275529392687,0.0366323081301283,0.06678322646412349,0.027169331518730244,0.03228902985713855,0.047339000552235166
2017-07-31,-0.021720940065432126,0.041214025186558256,0.04072069860360128,-0.021609032704199338,0.017792546574715074,0.003382369698476273
2017-08-31,0.055953730921711964,0.026035936783589175,0.025513248477944783,0.03563441684734259,0.0371501344366898,0.035642913109636964
2017-09-30,0.023479654421826313,0.00018192863079136146,0.027468651490908602,0.031200623880484946,-0.0032990964169062886,0.026856911326454735
2017-10-31,-0.02794624240402732,0.03765066756754987,0.08140575779609738,-0.05022696046345221,-0.036975006142705547,0.013277406216325227
2017-11-30,-0.09119694702484882,-0.006007471626279237,-0.015269750097722246,-0.07760938735089895,-0.04460885049337626,-0.06729064561504194
2017-12-31,-0.025558694203407284,0.011150215337323521,0.030522106989856912,-0.028564133553216298,-0.026585923984973392,-0.008688422630969028
2018-01-31,-0.04452497012815604,0.08328204587092025,0.04193446501440068,-0.04924744289671701,-0.0025704409228813896,-0.026776979405979895
2018-02-28,-0.06965012410378923,-0.06719327022502208,-0.03143328969034598,-0.051003451127082045,-0.06119554592456078,-0.008524658233902693
2018-03-31,0.114632261111558,-0.04311758241411057,-0.02107555738769562,0.05205232000010196,-0.031620292212336754,0.04001845977642238
2018-04-30,-0.04245627336380431,-0.028592630495868465,-0.036110840016381096,-0.042771307647536116,-0.038941045158748855,-0.04507300148431115
2018-05-31,0.009382685695506376,0.007319089031766035,0.03812544512853688,-0.020039792587887906,-0.0340044637649215,-0.0219537659307516
2018-06-30,-0.11074105076945506,-0.0636246430394527,-0.053113044083078265,-0.12907437209792516,-0.09714009664971579,-0.0896590717003809
2018-07-31,0.034457058629889126,0.02511267966158237,0.0019852527033392686,0.008514989723376276,0.02861313426099632,-0.020337388249743737
2018-08-31,-0.093038453648712,-0.041985183672630266,-0.07451238628129586,-0.050347077424114706,-0.05631083996771924,-0.09027874519410617
2018-09-30,0.01293297569467744,0.04461379110996044,0.026691636630594262,0.015124206043607202,0.005722654018906592,0.0011579208078993375
2018-10-31,-0.05457478094002177,-0.07404331412878828,-0.13145037510128088,-0.0791634428372846,-0.09401412260162689,-0.12411442372155257
2018-11-30,0.08659526837888043,-0.01378626744886935,0.026088969989574107,0.07686562299937338,0.05226523347544276,0.037100729852203695
2018-12-31,-0.0280646552469771,-0.04067746336848044,-0.024698988955652812,-0.06303779693677503,-0.04949176798529631,-0.045476069971358446
2019-01-31,-0.04419732848796021,0.05567992603634564,0.06245315396201656,-0.06938143502060568,-0.02244412262072859,-0.00710461894676262
2019-02-28,0.24166766330482803,0.11758014301232445,0.1393202113977614,0.31039854377442744,0.26252459301492603,0.21435799268619649
2019-03-31,0.11509423824178455,0.036137360221371706,0.10574512306233785,0.11779179091778258,0.09801578219865714,0.08897992366608776
2019-04-30,-0.023918088970212525,0.011769737638513966,0.021720649410680748,-0.02189511265632016,-0.03534824745558052,-0.04827271609474937
2019-05-31,0.0011516329282781346,-0.060880553848107644,-0.05932147444959701,-0.05584603968051283,-0.069109567087283,-0.06897384014775221
2019-06-30,0.02148527906903208,0.051492464915646075,0.07305494766069165,-0.030365791501983597,-0.013210714843669091,0.034728162337723356
2019-07-31,-0.00984278504589775,0.00920812705802665,0.002254066502018981,0.026391525623092882,-0.017212885692298285,0.00611765370913786
2019-08-31,-0.023356396369051513,-0.012138269551355219,0.025028761654388942,0.020201910115120292,-0.012391304680215653,0.010324916358930292
2019-09-30,0.020088442619204283,0.005726045220150411,0.002156805571823517,0.008465825396388293,-0.001072661287549681,0.018778931666901366
2019-10-31,0.008216386132307685,0.02297594688204474,0.02308748010989925,-0.010846227294107003,-0.007279899120225641,0.020348796931705104
2019-11-30,-0.027780078714431222,-0.01299231170116466,-0.020628026152926582,-0.016712205078838638,-0.03195134043586623,-0.000822063797564887
2019-12-31,0.09157489133160057,0.06096807140795679,0.06196090223125972,0.06653375566405262,0.07512814112550092,0.09189795888924612
2020-01-31,-0.026496211304052775,-0.019709128090046435,0.0005991833056688822,-0.022967997793529094,-0.018430880660763704,0.05611967221025904
2020-02-29,-0.030282595191996164,-0.022176420459620427,0.0016313032716068765,0.026576284653234916,0.004946619910206618,0.04065275515038236
2020-03-31,0.02642490333191372,-0.059216435093623954,-0.04848829941888477,-0.08629650980260772,-0.07181430427143498,-0.07157758911781209
2020-04-30,-0.005967466597771809,0.053468414144895116,0.08101491196925692,0.004622812612085525,0.016873769809456984,0.08043915266893364
2020-05-31,0.04080346028552451,-0.010675754493186251,0.01925680506832972,0.010259246123878851,0.004926618610923583,0.0034494022723232654
2020-06-30,0.0318086187462141,0.07223014101380176,0.09951464197572601,0.03592524158699617,0.056352317406245245,0.1316505302761064
2020-07-31,0.14735877083542515,0.11904149755648175,0.1565026430247527,0.10204501250250853,0.1658886037100582,0.15362738285616895
2020-08-31,0.08556585269045591,0.024998764564105214,0.044716117205691575,0.025147338821648768,0.04047797115399554,0.005537521463315542
2020-09-30,-0.05586538896939519,-0.04215662774356199,-0.051427007825435744,-0.06169384544212053,-0.05755216681266273,-0.06355247888890425
2020-10-31,0.030239781943538047,0.021912457271199948,0.014380351498115118,-0.01191877040980538,-0.017189063875857946,-0.001186149736528086
2020-11-30,0.04209375623492928,0.050016348621149564,0.009039758228305272,0.05479762859756798,0.021074272104447456,0.0021311260995580117
2020-12-31,-0.07993788520844747,0.04099092437138241,0.10880359408909812,-0.0343439711503446,-0.0306136558079948,0.09235249299628046
2021-01-31,-0.10061911035439375,0.030993497995577934,0.06147128814841363,-0.06949860080739168,-0.05751436887170358,0.0400058967689676
2021-02-28,0.058136534602202916,-0.0077471840365683775,-0.02261121935968713,-0.00525028141436279,0.018727583325901298,-0.03457353187033152
2021-03-31,0.04120962644566184,-0.04056332771883053,-0.05531671202878741,0.004788222924029251,-0.022418389318161647,-0.06543971592671627
2021-04-30,-0.0028400331397721024,0.0136128785215055,0.04439709316589191,0.0069580285956185595,0.01310250656849532,0.07570454535914561
2021-05-31,0.08691481137349144,0.0439971031920785,0.04074597397332713,0.06717425932084176,0.0685120491822735,0.053927304330462666
2021-06-30,0.05264707252729073,-0.001030777743066591,-0.0019155719442817132,-0.018728963005634203,0.04264242339804647,0.06100954471033049
2021-07-31,-0.005485840662939556,-0.06115491950910912,-0.09459990299658572,-0.05152961773764164,-0.04116087821006209,-0.0255131058217144
2021-08-31,0.08953451123979583,0.01457571363051513,0.007063854319522944,0.05948430647170366,0.08174639900104785,-0.03410629218710948
2021-09-30,-0.002463225998648566,0.006267092151686082,-0.0014889058775898745,-0.011173704790256367,-0.032527486725840604,-0.007880780694829559
2021-10-31,-0.031033499545841225,0.007402393204162472,-0.01862937509601681,-0.0032244666660931065,-0.04661028488398533,0.03781546596524343
2021-11-30,0.12519244559181164,-0.015887631421583004,-0.009285251214520174,0.019778961286358143,0.07146647126129135,0.027905080478260347
2021-12-31,0.07759513371180216,0.009980153040295647,0.015388386090406048,0.07147218147766488,0.03904253962407811,-0.03387064805239637
2022-01-31,-0.0353180884534855,-0.0731254453456126,-0.10465890215605,-0.08241383802308833,-0.09720625877001421,-0.10167588313102927
2022-02-28,0.0635672246066048,0.01597726599252014,0.039350581316362154,0.020332181795958526,0.05456997971823929,0.02329345996496479
2022-03-31,0.0044455837928374375,-0.06910064481582123,-0.0965364805431086,-0.050241411078911447,-0.02536853726423438,-0.09895518331301911
2022-04-30,0.01742222412377803,-0.04103286855870125,-0.04611682619111501,0.17671991910177098,-0.17287408788488756,-0.10138489702806386
2022-05-31,0.11926399449774738,0.025314398722832143,0.03879695397293803,0.07693229538822477,0.09677607337289817,0.08417154610485111
2022-06-30,0.07428628115199909,0.08790850986096088,0.11777837814082637,0.11605474298772256,0.058068818982770054,0.15529648837218057
2022-07-31,0.05663114780164724,-0.05455781023800943,-0.07058211856281182,-0.022149505951100767,0.010211214533608626,-0.037368300784313635
2022-08-31,-0.009119794609327658,-0.013382739119961795,-0.015990879031232308,-0.017970166413493915,-0.020533960329330858,-0.040621167372416944
2022-09-30,-0.07732451202395119,-0.053803931931334814,-0.053800151326583334,-0.07139554802568848,-0.08534158934932079,-0.09917086079012571
2022-10-31,0.06169165205968752,-0.06681638832103576,-0.09121844770152421,0.014947798247342048,0.00476489293749216,-0.013617716372105515
2022-11-30,0.1061785513582516,0.08814942909807644,0.05800084820185836,0.10008484911115545,0.10325857653295545,0.03354562358046809
2022-12-31,-0.039522936506601436,-0.005028967713817445,0.001969145021438745,-0.027229463971639833,-0.03275730630489593,-0.045570682718322986
2023-01-31,0.10418983354949019,0.056327337262882304,0.07716379078388313,0.04409103398864911,0.05633792078726496,0.1079962028877659
2023-02-28,0.049361864239087616,-0.008437025284207644,-0.023695601046370363,0.021711778416487748,0.03496771227868467,-0.051396088889696934
2023-03-31,-0.006374023249751004,0.005397221139323838,-0.026424649839266068,0.0008185170625796268,0.01239857870261929,-0.03985388650914434
2023-04-30,-0.04866655671598652,0.019445953091526524,-0.03915424672750345,-0.01367306402304147,-0.013513637379576782,-0.04461761176371948
2023-05-31,0.04858934310192109,-0.042750398908361076,-0.057578718456832934,-0.042216528878527004,-0.029551750825454137,-0.050334760869957584
2023-06-30,0.050363862762420775,0.009037985119856096,0.03036607134951952,-0.01461176627727978,-0.017726618226837965,0.028396062051265103
2023-07-31,0.058618976577576865,0.04618480086123178,0.041098119277940715,0.04406540919607482,0.04857474542311402,-0.002094434187640215
2023-08-31,-0.0011883095513107733,-0.048888433850159285,-0.05429901220699507,-0.061192188350108756,-0.05369036694993956,-0.07606086464257567
2023-09-30,0.014626929761362817,-0.007789120009830897,-0.021163578292777818,-0.013193719566651718,-0.016386076399826033,-0.04060318261432361
2023-10-31,0.010608559452440547,-0.030441849836469914,-0.03929779975017822,0.019268167873384145,0.014848459920745238,-0.024524702683429656
2023-11-30,0.1103465874575773,-0.011292126410186842,-0.012520650711371095,0.03451098873150027,0.023929214331534165,-0.020149386152896076
2023-12-31,0.03550854407498316,-0.010911092024654567,-0.010079577464391809,-0.03708402947104916,-0.03409966921153573,-0.013104578786050092
2024-01-31,-0.21311697188006684,-0.033626111337652254,-0.08398581989410026,-0.22826710197822642,-0.17240134394066287,-0.15751203293943827
2024-02-29,-0.03677680721869048,0.08352013611814124,0.11442057608556411,0.10779659458906332,0.09196059146009206,0.10706416605204838
2024-03-31,0.08544134739743292,0.010902459997617964,0.03129350024604438,0.009011337729046831,-0.00430366227293455,0.020542868959750438
2024-04-30,-0.0598674382018799,0.0240016478732219,0.027659944890706,-0.039314007541609186,-0.03108628027313387,-0.0003927798292249207
2024-05-31,-0.007159166262951322,-0.003313718667160237,-0.011649050920912285,-0.023652521530834525,-0.00038402174207574635,-0.01677574817335392
2024-06-30,-0.07720514788569899,-0.006957117641098964,-0.03971271237941143,-0.0927108341453946,-0.09738253046820011,-0.04937319695159437
2024-07-31,0.03457036105406819,-0.0010435278446998542,-0.02334848045546689,0.028698003063559296,0.027967709230330318,-0.021419300059032698
2024-08-31,-0.015196302794381888,-0.02250668107375997,-0.017061916638169805,-0.05404671647321713,-0.03484563511355743,-0.054481837762313745
2024-09-30,0.26700266090776825,0.1703783665384282,0.22089467145028352,0.2756252502164831,0.2822210035462229,0.2324758611862947
2024-10-31,0.2390730306430373,-0.032839358471477564,-0.0572255293138304,0.1278616484366486,0.06781804220066712,0.014884424199006707
2024-11-30,0.1441958858065886,0.0055338273096923185,-0.004942122575452901,0.042229434082929895,0.023398750932057233,0.01741217272064688
2024-12-31,-0.12771854985789866,0.023572872506946396,0.013627173747023047,-0.07731193285883164,-0.07646637283701119,-0.009773537323747195
2025-01-31,0.014274274848183444,-0.030134653666915923,-0.023996829467672676,-0.041822185519835964,-0.05083621269844174,-0.015551069620652558
2025-02-28,0.13951198566259615,0.011727161967362454,0.007736114831375707,0.16597080437384482,0.09539511751102081,0.06352156462024161
2025-03-31,0.024089884127175498,0.001553500431124677,0.016274987154372145,-0.04388381550046072,-0.0458434213047304,-0.006739891066235737
2025-04-30,0.030748428026495578,-0.019074055612688157,-0.038671153264224545,0.001447878502942812,-0.03413816974701844,-0.03858899524615156
2025-05-31,0.09980268942305615,0.019118768803801478,0.01488620366279303,0.02467755015628259,0.03683291249735898,0.020879494164137924
2025-06-30,0.08575635721400787,0.03142984842858354,0.023725222643080413,0.05186835332696682,0.05652497809813628,0.07223822914542932
