,SmallLowPERF,SmallMiddlePERF,SmallHighPERF,BigLowPERF,BigMiddlePERF,BigHighPERF,SmallLowMGMT,SmallMiddleMGMT,SmallHighMGMT,BigLowMGMT,BigMiddleMGMT,BigHighMGMT
2002-05-31,-0.0999180182477144,-0.08427365636485606,-0.0826230455069712,-0.08544665261745354,-0.0845601304838699,-0.08802787174709215,-0.09733779841306711,-0.08558549649239744,-0.07787509962590522,-0.09100370675561464,-0.08394985862029491,-0.0816534516208689
2002-06-30,0.10161635633488642,0.11060295038552681,0.11921950286605476,0.1202332999213378,0.14974468413794217,0.16978735365620246,0.11780225085057472,0.11086211514887867,0.10951920991224529,0.15996393505309903,0.13738138547078194,0.13491650334172545
2002-07-31,-0.017301013962588763,-0.03181475453033766,-0.0446629247385093,-0.034549547330964936,-0.04252339257546345,-0.046768451439783476,-0.033593322919289625,-0.034354174638992596,-0.030171057242035948,-0.043590364065688614,-0.0383945786709029,-0.04011939441805745
2002-08-31,0.020773878724810624,0.010846912903660577,0.00910246937132908,0.010546775422931809,0.005387254175892142,-0.0019058568508277807,0.021427294260710106,0.007362711286343471,0.014945179822675625,0.01088119223177153,0.004659017389573972,0.006880780362700456
2002-09-30,-0.04097287552835527,-0.05307694320146594,-0.06993970673038319,-0.043400045285983735,-0.05277504268427757,-0.0676053786539016,-0.05619849790356257,-0.05721333477694901,-0.054516173582185745,-0.04961702282473779,-0.05275281720474978,-0.04144700864824202
2002-10-31,-0.044713259126447635,-0.059690307613514015,-0.07184550714759208,-0.041227843807943865,-0.04894473829483703,-0.05094721783287326,-0.059580366407867014,-0.06367211325254252,-0.0568852038312857,-0.04886224753961099,-0.04475580569521764,-0.04383823950258181
2002-11-30,-0.08449050904172406,-0.08400205629609914,-0.09391416231820593,-0.027812739011763066,-0.06138297657795644,-0.06516771948127476,-0.09138153437819174,-0.08476461840729743,-0.08844078962837698,-0.03404402257662631,-0.05697812109236977,-0.04348439652922409
2002-12-31,-0.03275517505656034,-0.05588464215280653,-0.05196117545753498,-0.03985113371501914,-0.053585941411403604,-0.0846121529693925,-0.049842519154054354,-0.050393091948012,-0.06052524967774431,-0.05443510986939237,-0.05004185699870867,-0.04264233606388024
2003-01-31,0.08796185157014835,0.10419784073681027,0.1278387450131504,0.08876130382661529,0.08978213607046426,0.12396158388185197,0.10093249329892529,0.11308668395684007,0.10370775509409369,0.10542669586459574,0.08628797335567917,0.08073304907612844
2003-02-28,0.018718276810488987,0.016261029894856893,0.023114227400186316,0.007755754523823377,0.007135858379210269,0.00433358915880766,0.01629857326344286,0.01789541321146948,0.021076263365259917,0.013687547245644582,0.002751398391610982,0.00807146677880799
2003-03-31,-0.02996576131311479,-0.03107787518467109,-0.04531296166061871,0.021599393598347616,-0.014642253681089734,-0.0008747415518515211,-0.02716201642680538,-0.03780407886890047,-0.029775827767249297,0.009593404946585116,0.003841722921213986,-0.020126315917258997
2003-04-30,-0.03954371319567895,-0.053194192872016544,-0.09296514016852075,0.04811158003787375,-0.010741032206325496,0.013265644339630622,-0.04953817657695314,-0.056493940801207176,-0.0888976978620244,0.042101423549323114,0.008493976876667197,-0.003437965237553575
2003-05-31,0.01648352541229614,0.031773808730458875,0.04357654410235301,0.04123884901659891,0.05003304222672411,0.02904989584753137,0.041561460910602976,0.031311598787564066,0.033782567461865254,0.04676140219878144,0.041026692507617035,0.04786497984998417
2003-06-30,-0.06130779648867202,-0.06884111902754186,-0.07544027900790284,-0.04107516353239127,-0.0752416644593783,-0.08712578396322546,-0.07194292374471267,-0.06906567689625986,-0.07106085056769262,-0.06690336834330968,-0.04916505485575817,-0.0768391606577623
2003-07-31,-0.023366368630832524,-0.04239316425249551,-0.0472567252270798,0.014109056572421563,-0.009809985170142088,-0.027720978344883074,-0.0492668209965893,-0.04135203789602415,-0.03676487132038886,-0.00920741328403507,0.006460913674331881,-0.0016622256406343405
2003-08-31,-0.039312971552102005,-0.01401607424350959,-0.018262374926184655,-0.0420357290902752,-0.03906211494199807,-0.013905773541516453,-0.022394934835692992,-0.014460285441322607,-0.022790391546472222,-0.03716931537656387,-0.0376853055897205,-0.044585058987856474
2003-09-30,-0.04265439498173895,-0.04831753217771784,-0.05071794088082593,-0.04161757848945502,-0.04414302250553204,-0.04669661578798723,-0.048033071349587675,-0.048227811591560865,-0.05051346522908384,-0.041894564558277225,-0.04180945796723945,-0.048864016218801876
2003-10-31,-0.060695352186446616,-0.07240974001444422,-0.10510317150117199,0.03401674807342148,-0.048861220491100976,-0.04198309732473904,-0.08201415731090655,-0.08047222538123355,-0.08038421710809074,0.01408616764471149,-0.010484048708320537,-0.01916563325969456
2003-11-30,0.0015488696469037055,0.02894858203274131,0.027631083429346504,0.04047995385846703,0.022566472273750415,0.01493870685996157,0.02105262941832753,0.024178420220005492,0.039732154943071585,0.04756880360844318,0.02794460728819037,0.01500903721716318
2003-12-31,0.029482126109111162,-0.0264172242402807,-0.05590748558309522,0.12372684159677139,0.02663390544934363,0.03618945548081154,-0.019740959838085992,-0.031764551446689215,-0.037625597727618976,0.12008573765181185,0.0640973346318019,0.05223491443930106
2004-01-31,0.1149623818272476,0.1035240270144584,0.1078139105344651,0.04637535021021666,0.0586028477845022,0.09332207112913782,0.09870328113545734,0.10804597391136972,0.10326547466170743,0.05073392171871416,0.04383560634359407,0.08734229067926536
2004-02-29,0.07787844234764774,0.0971875247469236,0.12264601265148678,0.044762196776213514,0.057213198244779884,0.1293278154871309,0.09658146838459314,0.1022326866309955,0.11072088118595214,0.03803254011142587,0.06628629303272215,0.0455805756790737
2004-03-31,0.0417708694724368,0.04818947929432227,0.05613307416104152,0.05704671498168956,0.020178985841187824,0.03496077932164998,0.054579335038733134,0.04812563831070227,0.05162285169385816,0.042144736005315986,0.04484861792776473,0.02795310807107354
2004-04-30,-0.06472805740778809,-0.09341790607187062,-0.1352893153280541,-0.07901527110546858,-0.10514775761720085,-0.10586566389598073,-0.09385293492151747,-0.10211590616754174,-0.11503359290981385,-0.07954747153359998,-0.09178939765738736,-0.1092277461541834
2004-05-31,-0.018901374449203923,-0.012423304191978346,0.0021116105672258634,-0.027873943364139064,-0.018031864167922018,-0.009628602316988477,-0.0121836510179415,-0.00290404938719635,-0.020293805270679033,-0.027428563173110043,-0.01994446535045069,-0.021376799029684368
2004-06-30,-0.08509092397007267,-0.12923747531290541,-0.14515912975161416,-0.07117169799085532,-0.1254776706154852,-0.13162192048740662,-0.12325167406420168,-0.1352420644662944,-0.12272942102532003,-0.07596867702383014,-0.11139173401371005,-0.09680015021706256
2004-07-31,-0.020956216501281877,-0.02977355825754857,-0.04743375149748863,-0.004237521658599919,0.0010812476338337706,0.017061758460586773,-0.030697708186020356,-0.03974777327600865,-0.01922366530841657,-0.014751902261920913,0.003922366995903204,0.014023562970450154
2004-08-31,-0.03952801460450084,-0.04179447555398241,-0.04634820724165323,-0.01934705374270751,-0.05145676881996053,-0.023323430963373526,-0.03146140451788748,-0.0447185221979608,-0.04856205449164164,-0.019374605137585488,-0.042541714744267156,-0.024251378111109445
2004-09-30,0.08372919700008152,0.04426363867671146,0.03553830245438516,0.06145139070201533,0.04055395335386791,0.013703338679187382,0.05008312593467523,0.04166582199810964,0.048135669588233565,0.044581758643261526,0.04896471149902104,0.05721808889753488
2004-10-31,-0.0003748815831822183,-0.06300884755663572,-0.11173340281049526,-0.05260867173466799,-0.047722261764722496,-0.11309790230732908,-0.07319837039067778,-0.0743783915439502,-0.06863419563696582,-0.04761123300321257,-0.0479241576149525,-0.0754564820143504
2004-11-30,0.033426851222867926,0.04934060511699512,0.0858653013600914,-0.005179800664638745,0.0258913071836826,0.020547128991083463,0.0715371156591158,0.055590069465544234,0.05702035225184132,0.016933935723163263,0.012897153586358012,-0.00821230772915904
2004-12-31,-0.06497816315825822,-0.07530515422754702,-0.1143354388150486,-0.03327617421033524,-0.07446139386311246,-0.07988535040648304,-0.09296738390098447,-0.08435428116725896,-0.08295065246731848,-0.06465150691525612,-0.0477021543763263,-0.06249774661169416
2005-01-31,-0.07374713766029117,-0.07479840860014697,-0.06562166269339698,-0.04914646184458282,-0.07202206044417025,-0.033303510966516625,-0.07436863090056445,-0.07118066436842152,-0.07319466831635812,-0.08724357920145609,-0.057311948843993155,-0.03705138627001858
2005-02-28,0.12118896961060943,0.10170145906323369,0.1122331973518993,0.09435779527571264,0.09558082691248448,0.08274388641768238,0.10325452708427951,0.1054632015723298,0.11337751168188737,0.09785800667876599,0.09380442201130323,0.09157558193150361
2005-03-31,-0.11324784486310191,-0.13926816155462374,-0.1466395815338286,-0.05681981981256712,-0.12460495824141848,-0.1113969566630455,-0.148835994393556,-0.14352416273108304,-0.11214907743689562,-0.10865783302483001,-0.08941305303792313,-0.07318373003509837
2005-04-30,-0.01440799751319366,-0.08603088748273868,-0.13890160232788518,-0.004366656186634232,-0.02707999738613509,-0.021574658315395512,-0.07748153597673313,-0.09429662611534229,-0.11605914337335921,-0.007403932139306013,-0.02491636350023896,0.009309529460088894
2005-05-31,-0.06966283119211913,-0.011657653430492743,-0.009191384553353776,-0.11990067144932104,-0.06454075404704696,-0.023530711672844373,-0.007953436011862491,-0.013380693154314116,-0.030171975011139995,-0.06280980734300123,-0.08808670247127348,-0.11410104347823646
2005-06-30,0.005006928428156199,0.0009588069038497515,-0.028304051827654497,0.029114214513618952,0.017935811109418776,-0.026331901907668098,-0.002026683582241229,-0.009050369843283224,0.0017452147152072772,0.004430567917444339,0.0158860880958962,0.04044736445698405
2005-07-31,-0.029447733557798283,-0.08627810137082925,-0.09730184768986627,0.04813548045516125,-0.01262862651034169,-0.07282332932039814,-0.07176118561455791,-0.09222830626424527,-0.07729585389813753,-0.010942184204889904,0.02362191530047353,0.010160626415679719
2005-08-31,0.1342664971896983,0.16783857234655986,0.20774557577689756,0.057306362565797686,0.09487898488912183,0.12888512215868309,0.19206535177382467,0.17428487055840924,0.16565807327503568,0.08237037321074148,0.08536488691573973,0.06044609471195428
2005-09-30,0.054744837670910096,0.020655001232119163,0.0029868895547915386,-0.015344358141648473,0.007212604581535054,-0.012792443463447878,0.0312363003250391,0.010676456208738472,0.038423837244857095,0.013215852604301359,-0.009629553683617176,-0.009681842844707411
2005-10-31,-0.023232096529394064,-0.05985809497634287,-0.08290586628228058,-0.05460289901760507,-0.05727575161925336,-0.050122031399249534,-0.07053916980380637,-0.061117001961155215,-0.0583310842005782,-0.04301888943083443,-0.05462471338234631,-0.06392831857593761
2005-11-30,0.04247840353551835,0.019079192907362597,0.030514031028801014,-0.003303456385488013,0.009529177949164414,0.029029398977741705,0.02678655311687672,0.024628306585866344,0.01963950694494443,0.005432398302395169,0.007811975760539047,-0.0027610604677945627
2005-12-31,0.011455569085368822,0.013915949382033554,-0.0074684654830716735,0.09139437691627417,0.05109724288637607,0.01836197019886887,0.012914949058143277,0.004452461114906603,0.015954799523630214,0.054769691290073697,0.08345238913949093,0.05373188269996354
2006-01-31,0.038360638228226884,0.0893624497505976,0.055959862037487484,0.07269304094324269,0.11168640597892976,0.0741904841785872,0.07515126795001659,0.0751233085119618,0.08022663012708398,0.07611688423029106,0.09189338261793312,0.08484883492364204
2006-02-28,-0.0007396339809773167,0.01795923582017256,0.07543692271106184,0.04593732896526781,0.02890683953545925,0.07159546586054932,0.036816766610496154,0.033130906661785975,0.013481315687421835,0.022280326328327105,0.0448827757478063,0.04139949591076042
2006-03-31,0.030190903667513425,0.003111228273055433,-0.026797468814461545,0.004553713029240569,0.024151349132380817,-0.02818822816511013,-0.008972973047083999,-0.00026223154012006145,0.006264291026574442,0.03229178010633316,0.0048515712234464825,0.014258795521394196
2006-04-30,0.11402465081691693,0.07984705154974248,-0.007578351516986381,0.1317220597189912,0.11082307467175778,0.021389099865253502,0.04464498369869019,0.05773239792200835,0.09549220190007035,0.10533118395152341,0.1389308777701388,0.08376361011981825
2006-05-31,0.21688089100801689,0.26319245686860526,0.34515089375462726,0.11340728057649274,0.1757570490936493,0.2595672602013832,0.2603110740300152,0.2943195084252146,0.26021480071017167,0.17266069063014555,0.1410530603188458,0.1523912192209338
2006-06-30,0.11232044029428234,0.07246205006166351,0.049950176248225064,0.02017530971552528,0.024924919196804174,0.026162186819500555,0.058953536906713344,0.07284901450318215,0.08480691722305189,0.053625683174808314,0.019996630899766776,0.01408586743318696
2006-07-31,-0.0392597394495261,-0.03842607905389994,-0.0076171557740758455,-0.07002533570664837,-0.07297566634720432,-0.07073499287861451,-0.030982495802942767,-0.03252179861265825,-0.03496669883270398,-0.06673273203002339,-0.06836327758757366,-0.08162373736135098
2006-08-31,0.029999547731775378,0.03695207907969267,0.027911714732235637,0.04348650228853024,0.030351598374514177,0.0694601878088823,0.03629310193891788,0.03401612395730602,0.030749362374258737,0.04913466551943246,0.04124933426754929,0.035117315048309505
2006-09-30,0.06097155148036215,0.04329449273279873,0.06661043443686232,0.03029426206629182,0.037688453098256414,0.11672194084682452,0.04185321380241458,0.05894190416291756,0.03677657901238374,0.0321527695980548,0.051772149203069384,0.03996882998707618
2006-10-31,0.03158116126322952,-0.001416542127048892,-0.017384645724180747,0.03064658505462936,0.019267049894301724,0.06368549392225686,-0.0013013445954280778,-0.0020170033233075646,-0.001259123537695639,0.0174350962579648,0.029471461054043635,0.03590847644573003
2006-11-30,0.020804479466901782,0.009697130364573425,0.008188088263134441,0.20680306784368052,0.12380810020538457,0.1203413788686587,0.006376712064051215,0.011349653769998413,0.013665747629498348,0.09105408999238795,0.16338951127431067,0.1843874352210284
2006-12-31,0.08217820761439554,0.03233112477977973,0.030585874582953698,0.15199334418321975,0.1552082094691447,0.0431924370577883,0.030024863581973316,0.039034148095788535,0.03791778226747611,0.15571027071259258,0.12808792727607066,0.1865227194737502
2007-01-31,0.2928576360307722,0.253455749364772,0.2539964182370955,0.16655700552020525,0.1730914011527256,0.25528182682106104,0.2714494970510499,0.2550269963904832,0.24009853070431242,0.16706932873642089,0.17170415845136167,0.17462933296720706
2007-02-28,0.175054053391962,0.2106637239815219,0.2580597570617198,0.027731222733749616,0.1092446038704562,0.17315480253853677,0.23661604164090932,0.2185439960818103,0.1981283856340592,0.15351195596456435,0.051076795441749034,0.07651598109859958
2007-03-31,0.13607828051018633,0.19808055244282996,0.2227523384144403,0.07093694367676329,0.12054992633435968,0.18031587123091408,0.19342948330120113,0.19963225250670913,0.20121050902639115,0.08767731462412831,0.09842196591783936,0.10183641074255978
2007-04-30,0.3336942633541389,0.3528984443817995,0.3744856111706909,0.22139817268062845,0.34828472878422123,0.2141688661519221,0.37699352498637717,0.3622110061753203,0.3011809236132814,0.23991141176143782,0.2660510964249292,0.29274979177458804
2007-05-31,0.06811056206997046,0.06061946040219368,0.07727452807694779,0.15810136244045503,0.09888900153731295,0.12664761269645242,0.06301370153827102,0.07042687092877453,0.04918307567505997,0.09710542992276161,0.1341228663074221,0.1359224466907225
2007-06-30,-0.13437659150484937,-0.19906581667821222,-0.22617063249287694,-0.04828062047707549,-0.10497338805554413,-0.043707765947006094,-0.2281850561493085,-0.19804824649911612,-0.16069591532877125,-0.09684703659436567,-0.0778624106103406,-0.04799957854771264
2007-07-31,0.27034153025878016,0.2788376009210005,0.29901213757194856,0.15753734232864858,0.21121756544715664,0.2141664073018703,0.2996665370892162,0.28204345986050816,0.2652011386357038,0.1536937871172006,0.17601736291529346,0.21476396393285913
2007-08-31,0.07802515873880145,0.09799652204119758,0.1169966598407004,0.15383811304220463,0.1530570317591604,0.15018254232358474,0.0997269529712892,0.10797697866470868,0.0739026845995896,0.18286595073454648,0.14156485650209927,0.17155997624678632
2007-09-30,0.043227472875349005,0.033571771079871526,0.050819979889005884,0.11086699531503008,0.05347259320851849,-0.010849123916813252,0.024275690944981276,0.042367529949458804,0.04395490883476505,0.08822021208784747,0.07748791025621315,0.046037592356380275
2007-10-31,-0.11408453828536691,-0.11875735063616699,-0.13761938896487746,0.06998237492801462,-0.038198504798556465,0.12204599378187786,-0.13887392228535078,-0.11590545842665956,-0.13170942977452005,-0.05056436188102953,0.06960731923944241,-0.01177354917707818
2007-11-30,-0.05885829122657704,-0.048873477394521525,-0.013404314672429085,-0.18141661190121527,-0.12749920832082373,-0.1077957555767497,-0.043896755112156294,-0.03984600508160041,-0.03818944085928799,-0.10043985518603948,-0.14353640773657494,-0.18800535580862165
2007-12-31,0.23370148030936133,0.21235914139408907,0.19330550256058476,0.17205025954198105,0.14635317631143963,0.02665796673675236,0.2175819797909384,0.19940121514679499,0.23577424986451012,0.083811408811574,0.13130446692626285,0.15046596194450435
2008-01-31,-0.056051422244676186,-0.06688525109196419,-0.048260294393398184,-0.1571565008384409,-0.10099629576306424,-0.17747629740268278,-0.06816663747530416,-0.05832091829917796,-0.06195565744673315,-0.16309610549602738,-0.15593711551434108,-0.09558887122162496
2008-02-29,0.08328669868731509,0.11736102824409178,0.12402562151734142,0.012192516614687232,0.03146701682439623,0.008247221690675932,0.11979972691016849,0.1209005262571341,0.08585248041521032,-0.003023848844448729,0.025592363766006487,0.029403719541947204
2008-03-31,-0.1834633611141172,-0.18796246124997906,-0.17717950280933392,-0.23679865569431757,-0.21008684684998846,-0.09559060779694217,-0.19178599426596155,-0.18257162098933666,-0.18477217866403928,-0.15172086242437932,-0.19899357547960994,-0.21622743448727866
2008-04-30,-0.026758196575562332,-0.06823492629768457,-0.09822487383098755,0.05774783474471623,0.05633219588182614,0.06838566445082517,-0.0948243728047139,-0.06594480988909945,-0.06099649803044016,0.09483460004066191,0.059465288190380994,-0.009619679116711022
2008-05-31,-0.030721785575263505,-0.021637344072441556,0.0038604957537007323,-0.031522752578546864,-0.10206864596427945,-0.10475279045831842,0.007982168530251021,-0.020015290903089178,-0.034275561661891274,-0.1068688117086718,-0.06614462353411332,-0.08491969808017164
2008-06-30,-0.24184634395699467,-0.25988020387077515,-0.2717729403806234,-0.2152954865476997,-0.20267674452648077,-0.17720374569654374,-0.25581490721436784,-0.2619460751069871,-0.265396728162252,-0.21004271564685095,-0.19016985197628322,-0.2574224365931912
2008-07-31,0.13127633806527306,0.1151568202078661,0.10133822030207518,0.0296858819787309,0.02191185223645098,0.04447133997942854,0.1137118007554998,0.11010511546545665,0.1301083557439784,0.01832887663027094,0.03124169397092591,0.029781193257278238
2008-08-31,-0.24186866243658445,-0.22614040762053444,-0.22681386647468105,-0.17970627873674394,-0.1203151955710382,-0.0946515786862091,-0.23893586829091118,-0.22114326735383394,-0.24193149366849243,-0.07010447998269032,-0.14975782954219963,-0.22068723675049562
2008-09-30,-0.09531017102535178,-0.07642880711560851,-0.08274250942669492,-0.04887310664701061,-0.015328602262743796,-0.10242216423706862,-0.08577215507585811,-0.07926555217635967,-0.0790603300071473,-0.0862727976570743,-0.031675949779843116,-0.03868013052535324
2008-10-31,-0.2289305050451147,-0.26081300845978594,-0.24988361911874746,-0.2750536918217622,-0.2580053116705696,-0.23669006185708075,-0.2461674474444634,-0.2568882005176292,-0.2523764407975875,-0.21377661876545118,-0.2910186368115897,-0.2920704590867249
2008-11-30,0.2089597345683445,0.21447704332374662,0.268921965933238,0.0843558066126946,0.09226301091029465,0.10175272376266586,0.21589352707702503,0.2256119596862176,0.24214000642802236,0.05526818197553873,0.11902746011521104,0.09864085913044485
2008-12-31,0.1228154549606486,0.0688641716017242,0.04961158135578558,-0.03173403505599215,-0.041597549957985924,-0.012048214766472776,0.05039757225839847,0.06911945804310538,0.11306441885123109,-0.025679728081385855,-0.04237154712894409,-0.00029957109450617914
2009-01-31,0.1454228030461313,0.17941178940662517,0.1490301668408267,0.05081017424459522,0.10564017333236464,0.0976467956609266,0.1670745860546341,0.16869760155518154,0.16530999188432394,0.06661410332057205,0.08382431023128056,0.1722292819219864
2009-02-28,0.05277938415789052,0.09025982663543641,0.13135520327226335,0.030448283829516587,0.04784593437936158,0.061501153896752925,0.10221103501424178,0.0895157510088267,0.10431857664839406,0.04023918380590219,0.044801879436003667,0.051085550933969825
2009-03-31,0.2262051560986451,0.23127320146501495,0.2389934951035435,0.1109863877671462,0.13502441588245695,0.2022088730833722,0.2310746970716988,0.22830854759627206,0.24851649040771862,0.12203689839267562,0.1267090103532309,0.21189954973430258
2009-04-30,0.10001497026845496,0.07499400204589879,0.07630174788041133,0.04392170142708829,0.04469857039790193,0.0283956694728138,0.07278664990231443,0.07884879870062678,0.08776678302842278,0.03746397013087499,0.04264316997958151,0.04980070845854767
2009-05-31,0.03638126147011134,0.08720608630003057,0.11432659562072867,0.09737868740451106,0.04416521968472442,0.05189636524028929,0.09582530412173162,0.08512503076559397,0.07489650335330356,0.03133841813071858,0.07808569861023984,0.03822566774136571
2009-06-30,0.028033872209242805,0.05644463561867252,0.06526246846804362,0.09667446630172094,0.10601238761045062,0.2591198482579,0.06940454221994363,0.04729699026393441,0.056212562254690956,0.15797528688003815,0.15984288225640553,0.08321328317294263
2009-07-31,0.1483663829811226,0.1303452673852743,0.16769209369905003,0.13564490509907445,0.20206599521162216,0.12250774144002552,0.13725326089653866,0.13772179641617965,0.16466332903445546,0.2017761689778077,0.13751941261025258,0.15001456992509943
2009-08-31,-0.1234924809872383,-0.15070572964412943,-0.14965314649826456,-0.19679892997296766,-0.23847192910797887,-0.21770761785856452,-0.13963373213509744,-0.15050224451782435,-0.13352553572200998,-0.23340675535225996,-0.21966195845059167,-0.1999299787315525
2009-09-30,0.07943408005312924,0.03533799214305833,0.023538237702400933,0.045094786550706756,0.04562579783699072,0.06214902566183378,0.032679704259934494,0.041647615996827536,0.04319074785076915,0.07609701856287421,0.04595802171535568,0.047901139091334866
2009-10-31,0.13730003902552457,0.12462244421508539,0.1265370915900994,0.08519365706556159,0.08425168190257915,0.06599286608148769,0.12827230913151544,0.1302171384160904,0.11590478951067129,0.08833103007498266,0.07586242545972777,0.07806569752122416
2009-11-30,0.17508288519293047,0.16334873163916863,0.18587853207926242,0.0998338618625747,0.063447305605427,0.03788872589237724,0.14875117889105383,0.17429051907700677,0.17822637513617878,0.05954700760959519,0.05707520555093226,0.08328081804338461
2009-12-31,0.06314195595591743,0.04045222574796248,0.02022698997970873,0.004481512971717505,0.027172328340018703,0.04157710451519181,0.038028979856334466,0.0437684985525979,0.031236882305121227,0.0328326137355337,0.03354270185011243,-0.013679559280401321
2010-01-31,-0.006007830676707182,-0.02121006648788093,-0.027486633933924365,-0.09228652394941639,-0.09194296847541517,-0.09806818590385613,-0.01657542439657811,-0.022503508034081188,-0.016500795982167138,-0.11512232016885238,-0.09504294926141721,-0.05347472297432887
2010-02-28,0.04672786582546129,0.07162671461378345,0.0855998316860549,0.015146233026595901,0.021510905601519248,0.013598544436241866,0.0750650107208628,0.07014285060049974,0.06690271311181473,0.016427399535069442,0.014141792441281886,0.0394731179862009
2010-03-31,0.04743900087270014,0.0414431799982693,0.045494699783096504,-0.0037854282396582173,0.016808918116799187,0.023039306719812025,0.0414372281560893,0.0443707304589569,0.04155557100229945,0.03160075830947151,0.012863816838618147,0.009020395236764234
2010-04-30,-0.05105879897167953,-0.06797049562377211,-0.08273817459723698,-0.02859462055735318,-0.0847480671552252,-0.08582158177365717,-0.07417696575790611,-0.06769393775547894,-0.06329321744790095,-0.07760058844992257,-0.07721565152272336,-0.08346800703759116
2010-05-31,-0.061963153299588014,-0.08725909030281231,-0.09494261081330613,-0.06268002682918716,-0.10215047639031927,-0.06763400364119221,-0.08653643941636935,-0.0873669417753794,-0.07700151214546802,-0.07103504862262877,-0.09311834757978765,-0.08229725642616181
2010-06-30,-0.08658966898429532,-0.09941775501556116,-0.09546268378735445,-0.09134153521373511,-0.06367068873799064,-0.06665860862733075,-0.08795837384616978,-0.10120483896273946,-0.0903994579063937,-0.04893192448112549,-0.07330294922080993,-0.08754705712174671
2010-07-31,0.15226266522870735,0.16863119343273114,0.1877758740516282,0.12100612350137507,0.11060925182888637,0.09307123029330322,0.16740507733710985,0.1724214066005778,0.16939207257734523,0.07836454149164651,0.11129336464126505,0.14140481024494034
2010-08-31,0.10887964602884281,0.1117624539788733,0.0867826463866308,0.047024482177961735,0.012728417435233563,-0.04741220374730293,0.10656178356839452,0.10409355627451022,0.11129146272271995,-0.02193804816191003,0.000460466471333687,0.05280426056665699
2010-09-30,0.008935699938490416,0.015133167707713113,0.018950353745122994,0.054347280010041965,0.008475175599716112,-0.01845968288296418,0.011998124344710703,0.01859274487938034,0.005764589939108777,-0.010381956428406114,0.009397086289851586,0.034139844709200284
2010-10-31,0.08615865050571014,0.08295984435464954,0.09966049994872406,0.0948707600793175,0.14536207608177643,0.1216062095558903,0.0733206943689182,0.08927969277567493,0.09464450535351854,0.11611325782787807,0.13463994311549587,0.1404035419574714
2010-11-30,0.05650832170007902,0.008433281321928998,-0.026774541217174153,0.014632695799037476,-0.0674439033581915,-0.08147196523429134,0.0032571137147459073,0.011664576065234078,0.002241563854857853,-0.056210539168006446,-0.06358558627595268,-0.04257740112036923
2010-12-31,-0.01388876766688596,-0.028261955960881435,-0.03018565163773168,-0.007066639106816597,-0.0010448236195099714,-0.006629582714017701,-0.02607836084332471,-0.03280948193821487,-0.006430802773718991,-0.001689627324620302,-0.010661178859704634,0.01370918374240504
2011-01-31,-0.08005640367400457,-0.04286949416963748,-0.031807964149697665,-0.07232144728626966,-0.011252416295340684,0.007865677473875676,-0.04793651637445173,-0.04281607329645143,-0.05589162926302871,0.0031045829029126004,-0.01266263675600654,-0.06648498964506677
2011-02-28,0.10536476638085057,0.10837147923972301,0.11318878945506139,0.053269073989225424,0.04926677744870522,0.019206047459369158,0.10269999376501682,0.11174927718470062,0.10625329485432888,0.024191033522048544,0.041824895084422,0.07965043621329215
2011-03-31,-0.04802747228035387,0.0004145618523636596,0.0348331459149136,0.006148136697178508,-0.024741655468709767,0.027073310467603973,0.014664928026377977,0.0010046497157558676,-0.016717060181160592,0.019844635915549524,-0.005920602309395395,-0.021876293124793222
2011-04-30,-0.04352759654674332,-0.043048249613784395,-0.015337460421945948,-0.018672207604108926,-0.012303869250796295,0.017784869043206086,-0.033667333365225205,-0.03721504931658404,-0.041332768050968194,-0.00505357715503707,0.00079488960827101,-0.025180551718347433
2011-05-31,-0.06677545902782911,-0.06843218787602257,-0.05978036617645621,-0.05768546551056475,-0.07455689131368048,-0.0387114959091881,-0.06618205727997539,-0.06874228145041761,-0.05946791559133169,-0.046288594402419836,-0.06083836513127794,-0.0794452537143907
2011-06-30,0.03539041352832051,0.038744705925862766,0.021668955400967027,0.04089093556537593,0.02971989435314648,-0.015463754253675077,0.033737783471845306,0.02994777667654236,0.049513297543058776,0.014891617756346065,0.023025130342836153,0.039117436919412274
2011-07-31,0.029055934308711118,0.019258796149605573,0.0053939641643681036,-6.661785895523131e-05,-0.02266532416068434,-0.04282886540586728,0.010802412930455585,0.017561849643263683,0.02462775626797864,-0.031654499726204155,-0.016571074419372223,0.007071396587819967
2011-08-31,-0.020629952370153304,-0.030001034573987284,-0.03454763883578449,-0.04612572364146761,-0.06242364364520203,-0.03664087663195881,-0.03709484314650735,-0.03046680637019117,-0.020619763548238135,-0.05206997834773963,-0.04329856029791068,-0.05414051565832234
2011-09-30,-0.12279005748976779,-0.12324859480323169,-0.11746451940192071,-0.07561402925358518,-0.10703426190579945,-0.05796763884275169,-0.11443187935834054,-0.12397595275831408,-0.12243986501757542,-0.04917713239774579,-0.09678631236090995,-0.13060235609728743
2011-10-31,0.04768228067982627,0.04501000766540941,0.03843809296962619,0.02090285034651851,0.05505129696246658,0.07134376980876578,0.04375156646962286,0.04155222877869136,0.05246965670413095,0.05371655736955305,0.04844138147031396,0.02768285313271779
2011-11-30,-0.02626366755270826,-0.03713865690057361,-0.04959858020256269,-0.04109603934454742,-0.05720639052266929,-0.056369572122692,-0.03510377392390829,-0.03823918218228961,-0.038052208563749024,-0.04531073137413366,-0.05783103045979132,-0.05362420664572298
2011-12-31,-0.14030081201097266,-0.16438464871634795,-0.1852449037396211,-0.04716688233360666,-0.05191991173525745,-0.055858527313198625,-0.166588766293417,-0.16704086849995214,-0.15775014558792488,-0.013593292038869609,-0.07313134512299846,-0.11787214142370006
2012-01-31,-0.03990133265003293,-0.0063445976173258645,0.016206924988772853,0.025594756129445617,0.03992167186663487,0.05293985408252433,0.006959757060573057,-0.006188952177021756,-0.01970564786094864,0.03716949923621926,0.040581711127297915,0.01828293740186826
2012-02-29,0.1257303066284723,0.13776955713282502,0.15446653868242666,0.06014993342157959,0.05384551636726309,0.09140339671420206,0.14535755407441786,0.13502958744699867,0.1463698844259831,0.037804018236167636,0.07519369315790603,0.11459863547069027
2012-03-31,-0.05371098413887376,-0.07545141885277085,-0.08586831483257518,-0.06431170774439077,-0.05967014714862906,-0.09516648590402843,-0.07527640290194737,-0.07195284494349041,-0.07949103310107863,-0.054242293621065696,-0.07099580638720493,-0.08721144951276671
2012-04-30,0.04372640439531805,0.07584316277316194,0.11164021691085169,0.04483747903511315,0.05055868613488235,0.08766209036527983,0.09896290801198937,0.08184368472806813,0.05144889110880979,0.040059109333802745,0.0645764085579772,0.06261983796763126
2012-05-31,0.0320403851962241,0.02099682933895286,0.0032572756543627346,-0.00048308199738555935,-0.009625090477295872,0.009246846857526414,0.007336772974806172,0.018149052801939902,0.033454505973669946,-0.02802537797045679,0.009309105864063971,0.050595810476805614
2012-06-30,-0.015708040958726577,-0.0665126028979579,-0.09825014588419512,-0.04382718176559375,-0.03883881712235515,-0.06944128812602102,-0.06924533806807509,-0.06652019572463097,-0.058209348956112406,-0.022177643858841245,-0.05925278543959389,-0.060825088497839075
2012-07-31,-0.08079445734856083,-0.09698045864549909,-0.10193553132053879,-0.03455481694565454,-0.04929187872593477,-0.08208822934058602,-0.09455089972414488,-0.09446273715957176,-0.09964871015590171,-0.03819785990367697,-0.051600627993672155,-0.07145473302606009
2012-08-31,0.04673690086269122,0.03242793955101719,0.027329197712804287,-0.031231586285270674,-0.02714600265383138,-0.05297173060979088,0.026157252213148796,0.033002510041372446,0.043306910290084044,-0.019002521926759663,-0.04045523704989895,-0.043510850755733466
2012-09-30,-0.010810469506337017,0.00682289512874612,0.019888227448490614,0.040167284657460334,0.015928184237614662,0.004533007716986059,-0.00020020960510336305,0.009644927876139242,0.0055942024391339995,0.005776500004163632,0.026168219795188463,0.06434069323422609
2012-10-31,-0.015413865323053444,-0.0008877802684112979,0.011453090269758937,-0.011807313501779437,-0.00905264991742094,0.009182621776683941,0.003474694333784223,0.00029877645938980457,-0.007452830406575961,-0.0033148768969473164,-0.00653877559942273,-0.03420713158583222
2012-11-30,-0.12587786964364123,-0.12082350310818346,-0.1113465731013169,-0.06830445372914418,-0.03112075901660849,-0.06107159561085129,-0.116293156356165,-0.11748853296434314,-0.13031475705029893,-0.01031834624571204,-0.06586041636252526,-0.0872423989516996
2012-12-31,0.17559673587314717,0.16282376733704718,0.14758219650148718,0.11349514945398842,0.15990217225017167,0.1626761245904138,0.15892735254976387,0.15803735788514017,0.17506493000778578,0.1253066372368543,0.16305752505786542,0.17801617215079157
2013-01-31,0.08299481623722804,0.06718246569346231,0.06552668417568341,0.021671598393388836,0.06347738966036176,0.07618006147501255,0.0631968435150132,0.07102966286488144,0.07041308541161828,0.0598407526980238,0.04144211359045147,0.0559770113755762
2013-02-28,0.05625635539602469,0.04077446686957886,0.021984059696405156,0.022514346708928157,-0.0075997358375141655,-0.028795220731286264,0.02986028528281537,0.04131379605110341,0.04467097468579517,-0.029148295372484867,0.00731427438977672,0.03079375092121861
2013-03-31,-0.011698708475509134,-0.0347098822054791,-0.03310344272973553,-0.01803107218915434,-0.0614755812227723,-0.07196261088464828,-0.02891262095856162,-0.03324685031567309,-0.023114187937292252,-0.05866515972405317,-0.0590322802676595,-0.013372725876184766
2013-04-30,-0.014690551543536046,-0.03225220051975464,-0.05219853081961101,-0.024190223715102266,-0.017744157127472793,-0.02771012640839776,-0.031347516024546884,-0.036105009145519285,-0.02797811368508507,-0.01558675784005159,-0.023203825715521376,-0.024157255657325738
2013-05-31,0.18003412201115143,0.15356284542885468,0.13584346070242015,0.08514278143472631,0.059451742312903955,0.06187909462540353,0.14342874762976665,0.15159970184060656,0.1706333424663582,0.045602182220249254,0.07029138119256273,0.11340980657616573
2013-06-30,-0.143548123583484,-0.15837644354087932,-0.17687463573322015,-0.10534030355247226,-0.12569970617112414,-0.20111755164301404,-0.14450582466242268,-0.16370227060671094,-0.16416547261712489,-0.1131956997576331,-0.12761985793556763,-0.13819771183127527
2013-07-31,0.11660877454123764,0.08087211835352126,0.03973169712148783,0.052993255929895566,0.01747565378973781,-0.0065875756866183854,0.06845787104853396,0.08053004352452975,0.07966581449600607,0.005416151014681958,0.026785211674120513,0.04591557244003841
2013-08-31,0.048366117668606545,0.09285896685297423,0.11841737891962922,0.04569399236152605,0.04054697690228104,0.08430642472966499,0.11855547649850906,0.09280957560586311,0.06105540584942548,0.04500268699308707,0.0438175897697799,0.05240514266873686
2013-09-30,0.09185770363045087,0.05524244286808644,0.02230934032070153,0.07520753859984874,0.028234047904343917,0.043991701623107504,0.05645682981006739,0.05811340134168086,0.04271488105328114,0.03122508222334308,0.04315069879825639,0.05265578088490819
2013-10-31,-0.03591728735831301,-0.01803484978151948,-0.015629980376759778,-0.06697304985564845,-0.01350783282473178,-0.0014197789073162603,-0.02219076391173269,-0.01890568961670369,-0.02327199995813778,-0.001732919468383054,-0.028577815573500365,-0.04584247166046229
2013-11-30,0.1516165388542463,0.09757951985729907,0.06666446143685878,0.06192136413708038,0.039479451434236035,0.019200649267137493,0.08313225291250248,0.10615826293860975,0.09822290812962464,0.041496043403072,0.03154530963118218,0.05928640559628562
2013-12-31,-0.031073233855828164,-0.026304956735143326,-0.046370321175423834,-0.014907769145331096,-0.048604892402943856,-0.05727136099947916,-0.028223696708894463,-0.03137278493207252,-0.03457791227640361,-0.04467041040470121,-0.046804681969432105,-0.033071573547882815
2014-01-31,0.10736307249590826,0.033980948662525545,-0.02669447265901881,0.023891658383979664,-0.035702552005784094,-0.05191468751217798,0.022610484153516852,0.032906655455581024,0.046669542416682974,-0.04705188748619615,-0.029388875694973282,0.011470885162626177
2014-02-28,0.022259131108752328,0.050866145488647874,0.051598534210415714,-0.016960384350481195,0.012955704630134068,0.004546218603374674,0.052272703508178475,0.045674864298768325,0.04458072081487141,-0.004033645006326636,0.008829314300268454,0.001223821582781781
2014-03-31,-0.06726309664560604,-0.023474789809184715,0.02867675584567464,-0.0606775999898328,-0.030925213723146938,0.018342183104348653,-0.00358934863852034,-0.022219554228835814,-0.030591583744911,0.005065531769532949,-0.02477346399009195,-0.05582364722782418
2014-04-30,-0.016917094491456286,-0.018970924086553986,-0.01736855201729126,-0.007397144323164295,-0.0029951973159214607,-0.0017486781762527936,-0.01290778402220838,-0.018994462818779367,-0.02190760174367601,-0.0009111192601984897,-0.0024255316296485363,-0.014355566727790259
2014-05-31,0.04859045468732148,0.03580776193701163,0.015187448850756402,-0.0015169833532513444,0.015291922496259769,0.014226761629143603,0.022762525023191538,0.036592888354610276,0.03596848402225472,0.01809667928550507,0.006861296010266971,0.015251991117024577
2014-06-30,0.07608329812358261,0.056810131506097816,0.04374314491182152,0.027382425850025482,0.02032094618316238,0.018618772018980545,0.04490369815097717,0.05931981647284035,0.06414746448086928,0.01910471770729183,0.01988201878794582,0.03068070820766655
2014-07-31,0.03834508241541723,0.07550412910307669,0.11492325155233751,0.04900257407649744,0.08101385278986761,0.09983507358269028,0.0683030130850264,0.08093806633282474,0.07743044734833471,0.09313038144195418,0.08469308291965305,0.03618960944116045
2014-08-31,0.06346631199654218,0.06707448537402483,0.05471798511975412,0.023853261515419888,0.018605361472746607,-0.02231210907574177,0.0593211681592023,0.06191471771957713,0.07651433373698158,-0.015518319545691717,0.0121483038441339,0.04062346968451713
2014-09-30,0.1518076504103718,0.15033480644367003,0.17020679696358032,0.05751125860785389,0.06725612189055585,0.04345240834242259,0.1501637685426953,0.15635796639166633,0.1553994713570266,0.038760398218691705,0.06628685542219959,0.07627083355761166
2014-10-31,0.013775581020646133,0.014655609996124586,0.012180046641675935,-0.009890747343784811,0.01627636760502793,0.04089955428164305,0.012411659813530429,0.014934486030469873,0.012499673153321122,0.029759494986465462,0.018635606187374476,0.0015772157720543856
2014-11-30,0.04946573260870091,0.0519375306186467,0.07570517053921222,0.0334825366481275,0.09389209939499521,0.14313977547463907,0.05382429665353139,0.057780338204004744,0.05289653630064883,0.1327939690842186,0.09425602436044644,0.05168813015789997
2014-12-31,-0.11341527723720446,-0.08196116181434654,-0.039279485216048626,0.023548472419495647,0.19409875685905664,0.2936129233631073,-0.046222854643678035,-0.08373301717318005,-0.10987473838470174,0.30693345973646236,0.18122848597418106,0.03838398739441584
2015-01-31,0.13065816749932568,0.08799953844158237,0.05311777774312687,0.06576613804662101,-0.008090716682499055,-0.053086974410269105,0.07635308492610338,0.08951027518277055,0.1081902035410709,-0.018736717326295227,-0.02008661675099732,0.043646357697001426
2015-02-28,0.0938906786092426,0.07859196858255557,0.06622883812904945,0.057654833063199185,0.02789225040649912,0.03912033785900837,0.06550104702217485,0.08180730727938079,0.0828745494077947,0.0054187178105638,0.04504924095912499,0.0920016112065587
2015-03-31,0.2609768430231485,0.24898734129052014,0.23333737339339988,0.09580299072230858,0.15034662656500886,0.18653751771928317,0.24054240225892154,0.24533194615245768,0.26436411462503506,0.09800987599232291,0.15164260904428994,0.18962797715388757
2015-04-30,0.14929578322603976,0.1618239693757091,0.18018845869709033,0.13983727225241505,0.17482904028678403,0.13808122605610063,0.16551815127599556,0.16453457270644645,0.15904240044652984,0.15919262784438004,0.1690700973008732,0.12939484717618388
2015-05-31,0.3390024131873086,0.2796730126515836,0.2133391578016226,0.11931388779840812,0.03099387139789256,-0.03152870949353448,0.2565777289726503,0.269569326685027,0.3123829841196648,-0.038982631490771635,0.044485099985049015,0.20513620389391507
2015-06-30,-0.1373640583236978,-0.11067142454025347,-0.10478170239841755,-0.1302047792535237,-0.07605349479240164,0.042347992730753514,-0.0889052699433397,-0.1196656515775103,-0.11933075765818124,-0.015954133998627218,-0.06499609752530255,-0.15501441052022225
2015-07-31,-0.17642537248419754,-0.2074091090858884,-0.23321494905252182,-0.11700873864715855,-0.1512308960591865,-0.10955796554461306,-0.21979678471641773,-0.20972480253203152,-0.1802674672336667,-0.11279547980048477,-0.15027227592766013,-0.12329854865185563
2015-08-31,-0.17913877645863407,-0.12842150141012976,-0.11353136037427636,-0.15354723866087527,-0.14225174348628655,-0.10787145184161107,-0.11662710322774139,-0.13728303027311362,-0.1412423743329142,-0.12006061780716393,-0.1390408181496755,-0.18269049497876866
2015-09-30,0.022889709675925074,-0.02528007000441579,-0.027088251804719188,-0.02369862336883921,-0.05501710618325317,-0.013800296182384542,-0.03711510741773627,-0.016369955564307426,-0.0012863433882526198,-0.03543762585725585,-0.046894346217858485,-0.02822368291762367
2015-10-31,0.2603206945494556,0.2652647621833324,0.2330069437910225,0.1539877459551764,0.13059263699261314,0.07359863250232546,0.24018439237782818,0.2537016754021115,0.2876546124237922,0.08372670921753267,0.1356755050384828,0.18431438197914596
2015-11-30,0.15227005166543184,0.11906569379394649,0.11393954453796828,0.03073346488291606,0.015557854345533473,0.045560630873419994,0.10092330788865822,0.12269896859967466,0.14841221457863885,0.005399318287606647,0.02435155561628055,0.04043270452610215
2015-12-31,0.07147133805244898,0.08653953976278927,0.09140370284858701,0.045429690271285184,0.031174623530890067,0.010658376533203118,0.08243458987097951,0.08525402321635545,0.08884736788418701,0.0372447530561173,0.027988171420464614,0.02438924286513311
2016-01-31,-0.30196334301008865,-0.31509925217028845,-0.3046676357337572,-0.2619107019605784,-0.24917018828074755,-0.19259825730677327,-0.3017303992107283,-0.31425900790268935,-0.3093548729856833,-0.19052801856379376,-0.24233912709707883,-0.29237554743803684
2016-02-29,-0.03041534234962462,-0.020796837529523438,0.0027721181015794016,-0.02851285004843873,-0.022982420740490617,-0.013833189898141418,-0.006651394272512823,-0.020642282757949104,-0.02204840327166291,-0.01836432384206732,-0.01954052335498302,-0.03110031287698556
2016-03-31,0.23869418402715503,0.21430887744838545,0.19954348396381638,0.17214395295164286,0.13925832436090801,0.09904946143157223,0.20279224505498816,0.21155194943572098,0.24877699497068817,0.10099212677025737,0.1394405732324031,0.18587701996407557
2016-04-30,-0.003781864258356027,-0.0039050517198937484,0.021666611139546266,-0.026315978291927777,-0.02492604036790802,-0.028812166293000985,0.008662539926310941,-0.0009463468778433404,-0.0023472463560795243,-0.010773458476457498,-0.03360347954162146,-0.03808878290023088
2016-05-31,0.00945803127210354,-0.02221576829190497,-0.048369653781433986,0.011883451640893883,-0.004264932413251099,0.004814455887686142,-0.03990240044836957,-0.021629302341804046,0.0014561329543871793,0.008109243060412163,-0.0008529220874938792,-0.005408668861314525
2016-06-30,0.08369885579449088,0.07959298492249345,0.04220759955140818,0.044136689475138935,0.0127666767830934,0.0009958269193088842,0.05372382523386854,0.07237707465993304,0.10203246644941921,0.006776443907655194,0.01883344975371326,0.03413119016987998
2016-07-31,-0.020644276182015142,-0.016563168313036614,0.0027277471524955743,0.03157160858626984,0.01587744026964355,0.006721449506665866,5.468544180309287e-05,-0.0099641032150396,-0.042700763166438116,0.029350901851480815,0.02294847905155617,-0.020063742447832822
2016-08-31,0.039839443214727766,0.05514379621035381,0.07556648314271519,0.011822433951880651,0.03902089971086453,0.05011337892214174,0.06414210497687689,0.052883247985859416,0.05672363343379172,0.04178974379372691,0.03624147874528738,0.030137413151971826
2016-09-30,-0.012551723602928555,-0.002708283355523533,0.0170166515329202,-0.021506628747912093,-0.023927831926367715,-0.03299511114296494,0.00940263790070639,-0.0005200680875709907,-0.013607983168765658,-0.026011996077082267,-0.02532891615095878,-0.021404142121844494
2016-10-31,0.04953005021899237,0.042878151806821085,0.03822978998227011,0.021931078652376534,0.02533355119714198,0.02013911194260154,0.037661058829794314,0.04382827469481221,0.04787706862126595,0.02475704187598393,0.023971596270508266,0.015828005951866952
2016-11-30,0.0222071117157967,0.028249000059939577,0.034582657550949136,0.015555539735650603,0.04302597209690773,0.053467146201162,0.038629196941762034,0.026433140448104187,0.021923828653359845,0.056651291732396025,0.03787314071838921,0.012480549489718884
2016-12-31,-0.051148337039774505,-0.04396058403364522,-0.027773054239280226,-0.047190590935487275,-0.055729023903141495,-0.04568119071096943,-0.019881850431774928,-0.04269695649062366,-0.06709288016086346,-0.03892835432735331,-0.05795035064213738,-0.07015637395660368
2017-01-31,-0.04049084424408467,-0.027457375170205967,-0.02332456997522958,0.009832465872394058,0.023224220505479565,0.012242742815039342,-0.026093536868742828,-0.026760308636044616,-0.039831482364858894,0.039332667674863986,0.01295583942001266,-0.024654323960747626
2017-02-28,0.043877717268180794,0.04137258465336502,0.052045447267916156,0.035454993660047895,0.02245558729934638,0.025752625996518397,0.05191827477373967,0.04090963167736783,0.044251784305794795,0.010917557069169304,0.02979942684690351,0.058841339728473274
2017-03-31,-0.009634899408085262,-0.031099385680704472,-0.03349461375610763,0.034246920347233756,-0.011745507577445857,-0.016564571630682035,-0.03642880160709827,-0.025311179989405574,-0.025678291495933814,0.004887039324838138,-0.008804871970588324,-0.010615172860328648
2017-04-30,-0.06065125278976713,-0.07860108667598509,-0.07220598498312314,0.002067465242048705,-0.0087619845337783,-0.02693061029891708,-0.07742535266024997,-0.07203666862196867,-0.07682542967462003,-0.009382069428403361,-0.008094816045637443,-0.029075532968121265
2017-05-31,-0.07429405690636492,-0.08083776573919499,-0.0759219276614006,0.015633780770106354,-0.0073372830313007675,0.00026714068897160104,-0.07016510419885424,-0.08327898022801905,-0.072241584926802,0.03432845139990781,-0.017785730548872114,-0.05151283945010021
2017-06-30,0.046373970738078585,0.037126381016192145,0.04121695803354375,0.07188938769443176,0.03154527235084581,0.02371253045924049,0.03865859708242514,0.04172411674790766,0.03347848894039651,0.022616044610058506,0.05674660989175462,0.04962904850032346
2017-07-31,-0.004041493250322659,-0.005902390893387954,0.007696061477195704,-0.010551029088752384,0.053998491173318675,0.04251646465839176,0.010545288183316126,-0.004140301987738848,-0.011232953375826304,0.0591631584848098,0.02115350256851123,0.01217031333360552
2017-08-31,0.027958280777242717,0.037326835227204036,0.02958972374747737,0.017023151662831415,0.02992351638705837,0.024144049072163165,0.03474514142962848,0.03295031559400585,0.037072283010096685,0.030454768979601976,0.018924544451944803,0.03807205471283748
2017-09-30,0.012571438316054673,0.020101617303098562,0.017453787134607213,0.036447914059890785,-0.004558035076701161,-0.00816354065521585,0.011508432651720746,0.018719893361253126,0.023406775912398814,-0.0038137868456500357,0.007068723027776835,0.025981829833782166
2017-10-31,-0.013285454154827847,-0.02938003142726109,-0.04057338504255281,0.0686977834360527,0.012306530847191022,-0.024327715480109036,-0.02782464902982673,-0.02951910957407955,-0.028883667063180796,0.03488089826547047,0.014742701616399012,0.009427488805400008
2017-11-30,-0.07231209410929251,-0.07420726780037135,-0.08495883680164085,-0.02869111055311746,-0.010876263508361794,-0.02297841078878593,-0.06804941079127369,-0.07815310677107756,-0.0787416747673022,-0.0045621690712065455,-0.02022307927996625,-0.04659751947880453
2017-12-31,-0.013272755050872442,-0.025501385520346975,-0.027434689637477305,0.031132621006598304,0.0003336367508155469,-0.03647183090619388,-0.023700523100396942,-0.02499711053591458,-0.020758880641907895,0.01683757826198251,-0.003218289096448501,0.0045207918620875365
2018-01-31,-0.03427686764963489,-0.037367668960241684,-0.04205520147708208,0.023463849562078032,0.07591339089626303,0.045929504438565694,-0.02773954963388836,-0.04101856733971698,-0.03861363000346618,0.11107243347097828,0.026038088461907805,-0.017284051839152048
2018-02-28,-0.03316992484501047,-0.0517477479744165,-0.05868759707322968,-0.020015938569520886,-0.07055214483571948,-0.06993521731015284,-0.06186058062701649,-0.05112029372442006,-0.03631582517504128,-0.08498380887772605,-0.03868551069021464,-0.007984305193707963
2018-03-31,0.07195467477541695,0.06294370626402368,0.04766373325006157,-0.0048978386672740015,-0.03766385464066879,-0.0031525035046024996,0.05150397540000862,0.06286541481395269,0.0648271322988474,-0.04824037169280648,-0.01730817844344279,0.027440284998330844
2018-04-30,-0.032502100782910825,-0.04192243519308514,-0.06292837057576828,-0.03198825489398427,-0.02962172713505029,-0.04455206087526942,-0.05201051420856728,-0.047645661296725095,-0.031551735796337965,-0.022340750548575983,-0.03716225134531981,-0.04564920411284279
2018-05-31,0.018074246738150945,-0.020230562921545903,-0.021351434919446355,0.0608895414775954,-0.021817950030518896,-0.022551615532303226,-0.02530959504047181,-0.014280903011671064,-0.006580912594385646,-0.0017269263189337858,0.007348357601363098,0.0019529168367291572
2018-06-30,-0.09625719173006397,-0.11943900582477984,-0.1243112858559352,-0.05672642611934409,-0.07704848236762107,-0.11003308202332851,-0.12180177324088981,-0.11976124447906955,-0.10556646563229388,-0.06343947091316848,-0.07713341486265501,-0.0889289410413503
2018-07-31,-0.002676728857138655,0.006662718736581086,0.027096760424017763,-0.016671802893825416,0.0359823340479517,0.032665838989795803,0.029953228648742725,0.007983498641733089,-0.0033722628183002756,0.045812028076065214,0.0004451508114120539,-0.02323106875518821
2018-08-31,-0.07781692795222994,-0.07577468853984237,-0.08861211385452084,-0.0786467994140736,-0.037631489592837575,-0.04549824100289035,-0.07580848607053603,-0.0779738307558353,-0.08450817641836827,-0.026663769391696346,-0.06305876318768522,-0.09205872738941423
2018-09-30,-0.027235385754431518,-0.007634076814025392,0.01521802112703008,0.021877204091166336,0.03833740715028289,0.01864784344128334,0.0026937033615503925,-0.0045883916662000646,-0.01459454684339212,0.060485940915544045,0.014952779638880642,-0.010938567496026175
2018-10-31,-0.08808007354839265,-0.09385270011210434,-0.10054115018319554,-0.13911149559494584,-0.06019471638448304,-0.04293451532631232,-0.09082301067557319,-0.09548289853325587,-0.09494139760579479,-0.06122181241659752,-0.09140666712195267,-0.12294359238157271
2018-11-30,0.04873106404860028,0.07110379891750962,0.0826732280564435,0.01418404893154257,-0.010760854105240525,0.04096394320703678,0.07755841978815115,0.07444612177120646,0.05350839322693246,-0.029145735741507695,0.020976438315454482,0.027443422161924858
2018-12-31,-0.037629016977801744,-0.043619874475791964,-0.05225120418538798,-0.03899155724797776,-0.039628926047585944,-0.06530602361805615,-0.04679442066122563,-0.04743060261326559,-0.03445189516627667,-0.04409017459838638,-0.03281121687585553,-0.0661301869069475
2019-01-31,-0.021993032657080414,-0.024277607608238716,-0.05708080147786254,0.053315344492532946,0.04210520201140988,-0.008036576700921172,-0.024581360433570953,-0.028934517220032263,-0.04434352563828459,0.06043437884633618,0.032035242596007096,0.0013962031194596491
2019-02-28,0.20211923008199784,0.2258357769138295,0.2822281346040407,0.13956761265479134,0.1255404237800608,0.24080402478861584,0.22945723734368983,0.23576815789436223,0.23261271465202205,0.10140576440852045,0.16039303641563984,0.2156364920448215
2019-03-31,0.10532347555526633,0.11783684334287647,0.09273392203069086,0.10485391610352801,0.050066166245361865,0.01994773242063541,0.12161780536480071,0.10949752394830048,0.10457713752894437,0.024154432415698368,0.07358601361786654,0.08324372262309976
2019-04-30,-0.049000931876024056,-0.039169483375440795,-0.03972616700140763,0.010136895449723848,-0.0017148618153463024,-0.04573378512973025,-0.02847505694827923,-0.040772406981314235,-0.051736387569292885,0.0146787256305978,-0.009536193732570308,-0.03726009116487139
2019-05-31,-0.047118177565643404,-0.03412268040088118,-0.037516607997334916,-0.0634405306637067,-0.06352969721459656,-0.057136447643396204,-0.03838524077800476,-0.038873953605950695,-0.030904257279136038,-0.05617618761766463,-0.06346733528031845,-0.08045795676509127
2019-06-30,0.00792140329342339,0.001961096537334228,-0.0006686932795664235,0.06625156586353476,0.03475154924309232,-0.0007866451277122044,0.00015828437695941666,0.005266048350765384,-0.003811113641983388,0.04785817782369817,0.03691030020750752,0.041349950520451983
2019-07-31,-0.0015744837310723847,-0.02116859305299057,-0.04541109786619646,0.007156543633194845,0.004158503484064768,-0.0020118303165962415,-0.03216996027679908,-0.023182849815402085,-0.014966119286333068,0.0007678979735290525,0.003930831170297688,0.01579353319849708
2019-08-31,0.001824510620979547,-0.01667584313678805,-0.01290198935495801,0.04497278734741639,-0.029100349304870265,-0.04075099251786951,-0.009714713852475021,-0.013571611480668988,-0.013605306341730294,-0.0372351748883577,-0.003952606206313991,0.027133506763017845
2019-09-30,0.028281386071292935,0.01952649648829885,-0.002078946385420166,0.004152095920203269,0.005713750943385554,0.0134819015312031,0.014524753653496258,0.011530718826535002,0.030358869433118496,0.010380450609594805,0.003261627818063051,0.013668375533203658
2019-10-31,0.0016860754411511802,0.0009136008246088956,-0.012840853279925013,0.02448817777919987,0.006187046629756665,0.029766639409288365,0.004481097815540291,-0.00627305381650467,0.003791519212036576,0.022337495273571983,0.015280542014772136,0.011009110614705442
2019-11-30,-0.01504123594150153,-0.0318165160617464,-0.02019819036035342,-0.018570744887838053,-0.010597843159443676,-0.015403617373594414,-0.018899218990479416,-0.024494263746893896,-0.03930350674826533,-0.019923616646407627,-0.010419548576919846,-0.016280614826954865
2019-12-31,0.09506647254103462,0.08513325331089194,0.0763363654479452,0.0640596969134859,0.07074455443036043,0.045830116155190614,0.07950074205926083,0.08278008722625141,0.09568655368827028,0.047219380028926006,0.0711618724420755,0.07843293810686647
2020-01-31,0.03699820165952672,0.008355855885134433,-0.03669122738759589,0.015366955613175248,-0.014783310480121936,-0.03593444254384126,-0.00795054380886584,0.0017828173227001365,0.01517631842298317,-0.02699831465692437,-0.015023303454045012,0.03796719449074737
2020-02-29,-0.004641011000892203,0.01111021342507601,-0.008337295339430284,0.013832985426216249,-0.024707713493104855,-0.030600173507856376,-0.006392061498115109,-0.0011387182051271205,0.03138396641385954,-0.04562660850551292,-0.014709232284114027,0.04455160827536919
2020-03-31,-0.03747462773708676,-0.02524018245754256,-0.023074425289042466,-0.05122900236262673,-0.07528614155085256,-0.03692704667372426,-0.03431976735895648,-0.022970736811329218,-0.02962315402900051,-0.0549632173058312,-0.054546690803423115,-0.09035693269291023
2020-04-30,0.03897363593475012,0.01346685733394204,-0.025253883703744817,0.09781680734254516,0.04277368759013056,0.009695791565584644,-0.0008504327145413271,0.010266596987582144,0.015067091825823997,0.02916440715049151,0.05569851149487004,0.08483779905684807
2020-05-31,0.04852475366352604,0.02483309156979696,0.011799559380092806,0.031568015233711444,-0.016268427550578113,-0.018684215293115702,0.020690966684861367,0.03027515425272731,0.015798030556123832,-0.016363467350228422,0.0020888199658175566,0.00978808232307804
2020-06-30,0.11165221245335522,0.06518112699095924,0.011619306938498664,0.13951612859605,0.04911860507192389,0.021570897414928236,0.057123207460866965,0.05767317605681965,0.06706468497350215,0.03239748330921044,0.08274387444833908,0.11542398723941583
2020-07-31,0.1487757839710797,0.13759501256459772,0.1480400371096371,0.15026958836685567,0.12248440400565541,0.06820268376978622,0.14866022172766935,0.138815356889616,0.14184956225280865,0.08199806987304048,0.14157347424218547,0.1348879113585837
2020-08-31,0.035675402795275035,0.04792776530637477,0.054156565786525945,0.023446755775464734,0.02312825391255835,0.014190473480187649,0.05415459326376593,0.0471605819738794,0.04210709639143939,0.02760309168045949,0.0219763678328333,0.013409886059030374
2020-09-30,-0.08305487643194986,-0.07466405031864831,-0.05364435270337764,-0.06410462151832508,-0.048925424010855645,-0.037850702557469806,-0.06944870255242974,-0.07151841522510072,-0.07259867793186237,-0.0289041153744648,-0.05646937391809004,-0.06660542599541985
2020-10-31,0.01642641997224925,0.01050160804037592,-0.016006770833990824,0.022521393291347502,0.008835569146794953,0.005229777755625609,0.025564497889668525,0.00036082027617223567,-0.0002477875143573893,0.012798674579581837,0.014690325054705689,0.007734195555224588
2020-11-30,-0.01332299461414499,0.023313016390163144,0.0516831709904626,-0.00466857858847658,0.06503609849603675,0.08029371401046759,0.00580268413047258,0.03241880672249087,0.017933070689850616,0.06912732775722041,0.04016801784664792,0.024340002885433698
2020-12-31,-0.06259181942867575,-0.058111411940529156,-0.040133770287595905,0.12450371438756913,0.002116667073203571,-0.04784208766745757,-0.06066375924146694,-0.050179509962405944,-0.06608441008077248,-0.029483352073017555,0.043828353977196643,0.08122953221190632
2021-01-31,-0.05277283586378756,-0.09301309182480089,-0.1143804189233043,0.048656422990556836,-0.010075296037017512,0.0028697168243261295,-0.09254398128905439,-0.09312310320124029,-0.08592065841577678,0.0011879465561202007,0.00937303566563319,0.03855997285155888
2021-02-28,0.03723934511562388,0.04074955844519157,0.04961356879802126,-0.038014060061332455,0.01245924690180944,0.043091154628518646,0.04556871482338565,0.04136218217224186,0.04088275978392253,0.02333181693836872,-0.007087840817414981,-0.018277375530991624
2021-03-31,0.0231617095119534,0.02518746294924301,0.036826241026571616,-0.0512843271878024,-0.03243674243631678,0.02115942292513706,0.024050312084482384,0.03037527960123132,0.021450921212290863,0.0028111347404096154,-0.03553335300483118,-0.05914439985347375
2021-04-30,0.0159911585555097,-0.0031821080362097742,-0.007139009735368074,0.05912007921789342,0.005183937567393437,-0.05480848695524376,0.008178160422765979,-0.0009769605932273828,-0.013280403935002849,-0.018720417477378293,0.024309248869354594,0.03359440819820936
2021-05-31,0.05897218905038626,0.05944998289291692,0.08355494151864118,0.04629365916843198,0.05013877711641701,0.04087917139548902,0.08168729731945823,0.06303440881551436,0.051981215190313845,0.03995916258700327,0.05015965340849626,0.050822277621888956
2021-06-30,0.03864954516768093,0.032491695776332596,0.024980305457465324,0.0123626381346158,0.011490379684635732,-0.027095668341389434,0.026058478847625244,0.025955617861213476,0.057614036803941726,-0.011069318522642146,0.01084508141117313,0.011406141853385732
2021-07-31,0.022673261422782698,0.012731412885952365,-0.012312880120521785,-0.07853744358540482,-0.011931987994754478,-0.05749316038263341,-0.010408346671758495,-0.002583805709445164,0.06742742337770591,-0.07730475136872461,-0.04519773963386653,0.00013050088537491789
2021-08-31,0.04225328573710918,0.06945624369301284,0.0639837326123387,-0.01863051084653289,0.05892298020105424,0.054156755422815506,0.06617647979734276,0.06365089608975971,0.06613342339312878,0.04122129254960072,0.033264428087752096,0.01129245531776446
2021-09-30,-0.027021358416217778,-0.02144273744999947,0.005951837220142808,0.0008405438359448958,-0.007580834107019818,0.017713246016330952,-0.010659046307957665,-0.016802123501748478,-0.022542639380636165,0.02238941494309077,-0.0010303778381358653,-0.024727213740042275
2021-10-31,-0.01452593023969495,-0.025224632910906597,-0.0444492066651635,0.0016985615548237298,0.005865712887357155,-0.007951678988329935,-0.036321884958417594,-0.031074407924300496,-0.0074081217920827225,-0.0184136486284886,0.007016428354708726,0.01649878070470212
2021-11-30,0.15888327783902167,0.1363097723099258,0.10107359445290154,0.013379949973480132,0.009689773604377283,-0.013259212529312947,0.10074573150837307,0.13562314042247436,0.15347323637779287,-0.02466981484566344,0.013361680140702381,0.033205399465536134
2021-12-31,0.020588051059622137,0.04732926517835967,0.07418303168754492,-0.0009851381601975184,0.010709783801254869,0.03249505064572045,0.07303051488154089,0.05117407140832064,0.01954357526310857,0.038614723044982924,0.013303988491766061,-0.03792796585364788
2022-01-31,-0.09553354914912804,-0.09037683109069106,-0.057397693036148056,-0.1235468230927832,-0.087653101425195,-0.0144176065950411,-0.06902456836126025,-0.08487224857809728,-0.09769814139964395,-0.02955912040081432,-0.0957734897150816,-0.13261215955687444
2022-02-28,0.03481073430906889,0.05105662041846548,0.06273958224270593,0.02775322253451451,0.03169354100784538,0.005272786529755047,0.052906342059528155,0.053638238556290574,0.039878166929344205,0.021997782767579244,0.016634893446769272,0.0508497913555197
2022-03-31,-0.065192760217327,-0.04353586183378677,0.0097452720655129,-0.09648197642203171,-0.08656891882426165,-0.018885979599641223,-0.015282217780746565,-0.03315820105132794,-0.06938277714103136,-0.02056072082568694,-0.08876011377218895,-0.10467507294089307
2022-04-30,-0.08873477141953401,-0.16037987731271952,0.4267518725347834,-0.05142010696992161,-0.08049529556782542,-0.05390046079618949,0.43620758302263374,-0.15799412269509117,-0.11747483921442925,-0.04635864447257987,-0.06334405011498168,-0.10136179470781848
2022-05-31,0.11539969566224073,0.12375861770946872,0.11215874637346523,0.045628666060400835,0.06697764846642484,0.0026151704390093844,0.11244433516769803,0.11819728220489423,0.13442363860082462,0.009182680038801294,0.05387462417991995,0.07660520947673999
2022-06-30,0.0999172643203936,0.07906501088237672,0.07872408855098167,0.10545997352201075,0.08005479615192801,0.07336102598181404,0.05653278542588058,0.07896884414088379,0.1185949925734413,0.0462423701599699,0.09706856939536768,0.130969615151302
2022-07-31,0.04785451766704463,0.04669043519928717,0.0463073316263769,-0.059718529267173026,-0.019713585518693955,-0.04135230645397037,0.032234656659618555,0.04565739998685814,0.06582719799282866,-0.042482553856056926,-0.03894965842464837,-0.030590454700035075
2022-08-31,-0.04491558120322425,-0.03053141164914497,-0.030372899636813666,-0.017445565028569088,-0.028651499207928643,-0.0077388083810090436,-0.018849768374291198,-0.031963158057564334,-0.04992459110230074,0.00739912653319319,-0.025615656735676895,-0.051761199014465076
2022-09-30,-0.08196893076940337,-0.09621951757122937,-0.09540980311701575,-0.048288703205741634,-0.07898558442124592,-0.04590703477206426,-0.09553603704923419,-0.0921866352959878,-0.0978171375607646,-0.03106958403714133,-0.06699086344879157,-0.09423166039635922
2022-10-31,0.06784025114344328,0.05200304950289003,0.023406958393155097,-0.07576250496518577,-0.02147365004901336,-0.04658482619416071,0.03657192309547286,0.05174908263677458,0.04895300120167989,-0.05530047853119524,-0.051496790183357066,-0.0008649546397286878
2022-11-30,0.056977034872595755,0.0834544694553172,0.10536563938118482,0.06467262483299874,0.07986566353779034,0.13093891971223548,0.10455485351625482,0.08213306269713017,0.06632837217803478,0.11877785393513118,0.08272761679271046,0.028590519977352624
2022-12-31,-0.048646374835756956,-0.0369225594926158,-0.03130994038775947,-0.0026899682737490105,-0.022346257488370047,-0.017027441578091218,-0.020382324571419974,-0.04103391279251101,-0.04533115559984924,-0.015560801989992323,-0.00831341158535559,-0.03693255038108523
2023-01-31,0.09166635124181965,0.08286631108756848,0.06908243613822407,0.06295917742266344,0.06073550048354526,0.06380739051831408,0.05993674760905843,0.082892271160941,0.0997095900033731,0.038991929591186913,0.06766217054731727,0.0825285168808414
2023-02-28,0.05197219485720517,0.04171985907253095,0.0343003042482557,0.004484698541556309,-0.0015875993615970252,-0.012714468427330483,0.0412483249478528,0.041920206230652735,0.04137254284626857,0.012911740813409844,-0.00017309477776983329,-0.027570264211519202
2023-03-31,-0.02106166392335429,-0.013406181906440051,-0.011147561106431447,-0.008927760035626231,0.009399821708967915,-0.004659290424198437,-0.0016880942377834884,-0.012518869202119975,-0.0328022667534853,0.0236511993063393,-0.0009828061340330096,-0.03328230609828753
2023-04-30,-0.03162103204349331,-0.03558112211533737,-0.04627740176416362,-0.027987091997214608,0.02799769003096042,0.028330969647740734,-0.027696100127600043,-0.03645230053948589,-0.049842230276185284,0.0757259842880944,-0.00835974256392713,-0.046162725342563715
2023-05-31,0.021309169084900548,0.02042428836395427,-0.013428222412956603,-0.04521314074284111,-0.039928249990625386,-0.019529612488563997,0.0017421303434814739,0.018193632664668558,0.010112995961703675,-0.027230086691322763,-0.04303646825034635,-0.03822468213357533
2023-06-30,0.034813939532078564,0.03533969657895564,0.027102474932243048,0.021746496566686035,0.003677772120875389,-0.007025577799671279,0.025156319016882644,0.033010035826524176,0.0438773611408958,0.003444662121878439,0.012028284257312505,0.007165985441925038
2023-07-31,-0.039809556190303685,0.0028901242031313945,0.05576428820168222,0.010660818451522891,0.036670405319610966,0.0885229781824175,0.03655539127483354,0.007642617167729071,-0.02480176409490098,0.05997086396388451,0.03450046946435492,-0.011461793665554554
2023-08-31,-0.03185139016151939,-0.03438913235637364,-0.05744121366435695,-0.027562539429831445,-0.06178935365001692,-0.0778885439605207,-0.041016747114042795,-0.03539309190804374,-0.0477562573031145,-0.04801328497516466,-0.04882845729534957,-0.07527246728937675
2023-09-30,0.0025334295257868344,0.004532864333530062,0.0013896100050314608,-0.0023787979255668334,-0.00868942578846521,-0.00940501461787946,0.004739595336045399,0.002798293297962884,0.0042052289324308045,0.01403196211039237,-0.014559754018470317,-0.019386802672116454
2023-10-31,-0.019373809866642833,0.0016368002383968516,0.006693643645415248,-0.04587248430735469,-0.01937875594364369,-0.01912269932139965,-0.004165002404373008,0.0022952581213830925,-0.007183841908710353,-0.03492938774595211,-0.027855550020178366,-0.012283429187090689
2023-11-30,0.05545163864050995,0.054370091053437486,0.043687648076407015,0.004350889159733917,-0.008214961853911795,-0.014516586453309333,0.04803070215546623,0.05229611726710304,0.0557744648035412,-0.004710318504577038,-0.0034513221865998256,-0.010252223951373485
2023-12-31,-0.006596860430602147,-0.01737857709365065,-0.024558594946690104,-0.007636932577373634,-0.015625499286759048,-0.03564450865398194,-0.015107712546099328,-0.01835960847756468,-0.015535858849933026,-0.017839085948079036,-0.012653648722077637,-0.020441900225577125
2024-01-31,-0.2068610920271523,-0.20936615258024605,-0.18868224054317873,-0.07289686922011296,-0.06938933905074873,-0.048638674415283245,-0.18644373281342863,-0.20380877540336806,-0.22375686509079473,0.007900432050363282,-0.08218716150211247,-0.17031254676541385
2024-02-29,0.07443736043750881,0.04344861253876542,0.006165401088767286,0.10974765691068877,0.08847610906307835,0.0679971545521687,0.03236857112093783,0.037968148457091955,0.057466570943801365,0.0685543428392712,0.09665256624212737,0.13083871570427452
2024-03-31,0.05812926279431152,0.06239870832228833,0.05152536012724629,0.024688704084179447,0.0037630369500833982,-0.023239068064045854,0.05377088719375078,0.06177862661011102,0.05718732149507533,0.008092769981387304,0.012214286213383607,-0.00494734620783388
2024-04-30,-0.01063326102454032,-0.022800720046288192,-0.05886839561611357,0.02165411104466819,0.02416900277294909,0.00030958084517163087,-0.028928395230124804,-0.02875420539649498,-0.03341319416283284,0.024478503012526742,0.024976301894373387,-0.002454118495704871
2024-05-31,-0.010359245146575935,-0.007537074490867379,-0.02386500749645193,-0.018719880710158288,1.615025763812561e-05,-0.0012753411337115272,-0.024390131156862283,-0.009047045338879234,-0.007095230945342035,-2.755336524717933e-06,-0.00790746836496814,-0.018663235250262256
2024-06-30,-0.0817076835680115,-0.08676051109376992,-0.12204943437010285,-0.012289305626942193,-0.021298301194263236,-0.1054550118802543,-0.09449176310219976,-0.09315414885585283,-0.09569524549300312,-0.007185872456434872,-0.024754334338804695,-0.05643014569992211
2024-07-31,-0.022169329047014852,0.004637188474509335,0.03181223342886508,-0.040738611995843166,0.022935082605848756,0.02973032686327781,0.02471292034103545,0.00796096022245818,-0.014170173225715899,0.008791773263386649,-0.0034595058605773055,-0.006821448007496622
2024-08-31,-0.03731806342631294,-0.03872966900078212,-0.024656810426104903,-0.02204662981483374,-0.03143436124306598,-0.05881492830670665,-0.027562886297370137,-0.03345230182902925,-0.047331384982847946,-0.01679679237492382,-0.03016066038536669,-0.05763560305456639
2024-09-30,0.21813530514113855,0.2290521697202128,0.28195041645519314,0.1748124837867251,0.180579379768127,0.29066047936816153,0.24277704791455013,0.24102887067590517,0.2330524191296477,0.15929226304833777,0.19255708765283797,0.2172065271777195
2024-10-31,0.07001769677234027,0.0821519493797036,0.1361476584595378,-0.05518031897427522,0.0036313569974235627,0.05901785018369199,0.0868845995455576,0.09791330937064546,0.08613723412109953,-0.028200357092799444,-0.017168243611442646,0.030551913895580096
2024-11-30,0.07087209124464167,0.06478392319572968,0.05688021809814625,0.0006855226603239561,0.011902033026908398,0.009288041100208977,0.07005537697685504,0.06378064492690005,0.0580795336615656,0.002687927928741951,0.009930051488564962,0.008276969480236707
2024-12-31,-0.05496486729193051,-0.04556617165321075,-0.08242855101864943,0.026711299297339952,0.004852044997108784,-0.07452535195748666,-0.0527377303803106,-0.057622906662459616,-0.05406246972126616,0.03598815445679482,0.0028690717377921615,-0.031208836048062127
2025-01-31,0.009588335917472213,-0.011016079793693678,-0.04101667087182437,-0.027014318238782975,-0.026264459610828683,-0.04751677222438755,-0.025566254371381936,-0.015987219087966853,-0.00133184778923634,-0.030254371969285265,-0.029807721986976676,-0.007309471715258642
2025-02-28,0.07563324304082486,0.09175644811424322,0.11122448669830387,0.01410154587314194,0.02718413568588418,0.09380715340578916,0.08241006347146751,0.09021424950804602,0.11611253776699892,0.01537961152258549,0.023782408123482313,0.05333453698401569
2025-03-31,0.01860542820445832,0.003965016200660587,-0.011638271210349882,0.006073255858817239,-0.0034921383217190183,0.001533105809594426,0.0006846374171673997,0.00224183465336103,0.009649708495841791,0.011347560982739369,-0.004198162646210424,-0.010000849811337642
2025-04-30,-0.01027840023107518,-0.02155858652086806,-0.027449138479769597,-0.02686375660747442,-0.021142204194662062,-0.02907952597809038,-0.019200759563172687,-0.017707692474401404,-0.03164314550862812,-0.016976018197339182,-0.02474872608439549,-0.03245929774797307
2025-05-31,0.05059484088055344,0.06333990016331015,0.07621458392529035,0.005058345582939827,0.022065746322124324,0.02563511900528148,0.06426657608757047,0.0648143345862855,0.05954585855204697,0.02476371593582627,0.019856150329150335,0.004215093733607844
2025-06-30,0.06780424189926681,0.06601094147225028,0.07470671496543368,0.013629190063319863,0.04663041464077833,0.04576478532485684,0.062267172807145554,0.07175733373680426,0.0634655559920676,0.042673090312401074,0.030094280364798554,0.04536655885011287
