净值日期,单位净值,日增长率
2019-01-02,0.8456,-1.7772
2019-01-03,0.8362,-1.1116
2019-01-04,0.8526,1.9613
2019-01-07,0.865,1.4544
2019-01-08,0.8658,0.0925
2019-01-09,0.8681,0.2657
2019-01-10,0.8638,-0.4953
2019-01-11,0.8703,0.7525
2019-01-14,0.8616,-0.9997
2019-01-15,0.876,1.6713
2019-01-16,0.8819,0.6735
2019-01-17,0.8772,-0.5329
2019-01-18,0.8957,2.109
2019-01-21,0.9009,0.5806
2019-01-22,0.8889,-1.332
2019-01-23,0.8922,0.3712
2019-01-24,0.8972,0.5604
2019-01-25,0.9005,0.3678
2019-01-28,0.9002,-0.0333
2019-01-29,0.9009,0.0778
2019-01-30,0.8889,-1.332
2019-01-31,0.8963,0.8325
2019-02-01,0.9123,1.7851
2019-02-11,0.9333,2.3019
2019-02-12,0.9397,0.6857
2019-02-13,0.9528,1.3941
2019-02-14,0.953,0.021
2019-02-15,0.9485,-0.4722
2019-02-18,0.9816,3.4897
2019-02-19,0.9748,-0.6927
2019-02-20,0.979,0.4309
2019-02-21,0.9836,0.4699
2019-02-22,1.0136,3.05
2019-02-25,1.0541,3.9957
2019-02-26,1.0512,-0.2751
2019-02-27,1.0414,-0.9323
2019-02-28,1.0454,0.3841
2019-03-01,1.0581,1.2148
2019-03-04,1.0811,2.1737
2019-03-05,1.0958,1.3597
2019-03-06,1.098,0.2008
2019-03-07,1.0796,-1.6758
2019-03-08,1.0774,-0.2038
2019-03-11,1.1074,2.7845
2019-03-12,1.115,0.6863
2019-03-13,1.0804,-3.1031
2019-03-14,1.0803,-0.0093
2019-03-15,1.0915,1.0367
2019-03-18,1.1242,2.9959
2019-03-19,1.1175,-0.596
2019-03-20,1.108,-0.8501
2019-03-21,1.1101,0.1895
2019-03-22,1.1057,-0.3964
2019-03-25,1.0931,-1.1395
2019-03-26,1.0793,-1.2625
2019-03-27,1.0992,1.8438
2019-03-28,1.1113,1.1008
2019-03-29,1.1494,3.4284
2019-04-01,1.1909,3.6106
2019-04-02,1.1768,-1.184
2019-04-03,1.1791,0.1954
2019-04-04,1.1924,1.128
2019-04-08,1.1829,-0.7967
2019-04-09,1.1852,0.1944
2019-04-10,1.1924,0.6075
2019-04-11,1.1657,-2.2392
2019-04-12,1.1678,0.1801
2019-04-15,1.1644,-0.2911
2019-04-16,1.1919,2.3617
2019-04-17,1.1998,0.6628
2019-04-18,1.1956,-0.3501
2019-04-19,1.2061,0.8782
2019-04-22,1.2124,0.5223
2019-04-23,1.2047,-0.6351
2019-04-24,1.2157,0.9131
2019-04-25,1.2016,-1.1598
2019-04-26,1.1904,-0.9321
2019-04-29,1.182,-0.7056
2019-04-30,1.188,0.5076
2019-05-06,1.1216,-5.5892
2019-05-07,1.1262,0.4101
2019-05-08,1.1062,-1.7759
2019-05-09,1.0956,-0.9582
2019-05-10,1.142,4.2351
2019-05-13,1.1319,-0.8844
2019-05-14,1.1287,-0.2827
2019-05-15,1.1539,2.2327
2019-05-16,1.1497,-0.364
2019-05-17,1.1214,-2.4615
2019-05-20,1.0906,-2.7466
2019-05-21,1.1113,1.898
2019-05-22,1.1121,0.072
2019-05-23,1.0829,-2.6257
2019-05-24,1.0799,-0.277
2019-05-27,1.1077,2.5743
2019-05-28,1.1234,1.4174
2019-05-29,1.1217,-0.1513
2019-05-30,1.1228,0.0981
2019-05-31,1.129,0.5522
2019-06-03,1.1383,0.8237
2019-06-04,1.1244,-1.2211
2019-06-05,1.1172,-0.6403
2019-06-06,1.089,-2.5242
2019-06-10,1.1053,1.4968
2019-06-11,1.1368,2.8499
2019-06-12,1.126,-0.95
2019-06-13,1.1297,0.3286
2019-06-14,1.1156,-1.2481
2019-06-17,1.1132,-0.2151
2019-06-18,1.1285,1.3744
2019-06-19,1.1394,0.9659
2019-06-20,1.1559,1.4481
2019-06-21,1.149,-0.5969
2019-06-24,1.1495,0.0435
2019-06-25,1.142,-0.6525
2019-06-26,1.1548,1.1208
2019-06-27,1.1748,1.7319
2019-06-28,1.1745,-0.0255
2019-06-30,1.1745,0.0
2019-07-01,1.2055,2.6394
2019-07-02,1.2167,0.9291
2019-07-03,1.1965,-1.6602
2019-07-04,1.1838,-1.0614
2019-07-05,1.2025,1.5797
2019-07-08,1.1965,-0.499
2019-07-09,1.1974,0.0752
2019-07-10,1.1915,-0.4927
2019-07-11,1.1935,0.1679
2019-07-12,1.1933,-0.0168
2019-07-15,1.2144,1.7682
2019-07-16,1.2122,-0.1812
2019-07-17,1.2139,0.1402
2019-07-18,1.2049,-0.7414
2019-07-19,1.2126,0.6391
2019-07-22,1.2014,-0.9236
2019-07-23,1.2072,0.4828
2019-07-24,1.2237,1.3668
2019-07-25,1.2369,1.0787
2019-07-26,1.2385,0.1294
2019-07-29,1.2478,0.7509
2019-07-30,1.2471,-0.0561
2019-07-31,1.2365,-0.85
2019-08-01,1.2355,-0.0809
2019-08-02,1.2319,-0.2914
2019-08-05,1.2202,-0.9498
2019-08-06,1.2122,-0.6556
2019-08-07,1.2082,-0.33
2019-08-08,1.2242,1.3243
2019-08-09,1.2024,-1.7808
2019-08-12,1.2296,2.2621
2019-08-13,1.2229,-0.5449
2019-08-14,1.2249,0.1635
2019-08-15,1.2207,-0.3429
2019-08-16,1.2252,0.3686
2019-08-19,1.2346,0.7672
2019-08-20,1.2345,-0.0081
2019-08-21,1.2285,-0.486
2019-08-22,1.2295,0.0814
2019-08-23,1.2326,0.2521
2019-08-26,1.2297,-0.2353
2019-08-27,1.2506,1.6996
2019-08-28,1.26,0.7516
2019-08-29,1.2563,-0.2937
2019-08-30,1.2494,-0.5492
2019-09-02,1.2654,1.2806
2019-09-03,1.2717,0.4979
2019-09-04,1.2674,-0.3381
2019-09-05,1.2762,0.6943
2019-09-06,1.2762,0.0
2019-09-09,1.2966,1.5985
2019-09-10,1.2943,-0.1774
2019-09-11,1.2769,-1.3444
2019-09-12,1.2821,0.4072
2019-09-16,1.2806,-0.117
2019-09-17,1.2717,-0.695
2019-09-18,1.2722,0.0393
2019-09-19,1.2837,0.9039
2019-09-20,1.284,0.0234
2019-09-23,1.2734,-0.8255
2019-09-24,1.2797,0.4947
2019-09-25,1.2704,-0.7267
2019-09-26,1.2378,-2.5661
2019-09-27,1.2514,1.0987
2019-09-30,1.2438,-0.6073
2019-10-08,1.2515,0.6191
2019-10-09,1.2565,0.3995
2019-10-10,1.2849,2.2602
2019-10-11,1.2915,0.5137
2019-10-14,1.2964,0.3794
2019-10-15,1.2798,-1.2805
2019-10-16,1.2771,-0.211
2019-10-17,1.2826,0.4307
2019-10-18,1.2776,-0.3898
2019-10-21,1.2759,-0.1331
2019-10-22,1.2906,1.1521
2019-10-23,1.2797,-0.8446
2019-10-24,1.279,-0.0547
2019-10-25,1.2978,1.4699
2019-10-28,1.3139,1.2406
2019-10-29,1.315,0.0837
2019-10-30,1.3065,-0.6464
2019-10-31,1.3021,-0.3368
2019-11-01,1.3104,0.6374
2019-11-04,1.3222,0.9005
2019-11-05,1.3262,0.3025
2019-11-06,1.3148,-0.8596
2019-11-07,1.3197,0.3727
2019-11-08,1.3119,-0.591
2019-11-11,1.293,-1.4407
2019-11-12,1.2971,0.3171
2019-11-13,1.3023,0.4009
2019-11-14,1.3126,0.7909
2019-11-15,1.3009,-0.8914
2019-11-18,1.3052,0.3305
2019-11-19,1.3168,0.8888
2019-11-20,1.3063,-0.7974
2019-11-21,1.2991,-0.5512
2019-11-22,1.2813,-1.3702
2019-11-25,1.2766,-0.3668
2019-11-26,1.2774,0.0627
2019-11-27,1.2713,-0.4775
2019-11-28,1.2705,-0.0629
2019-11-29,1.2579,-0.9917
2019-12-02,1.2574,-0.0397
2019-12-03,1.2619,0.3579
2019-12-04,1.2615,-0.0317
2019-12-05,1.271,0.7531
2019-12-06,1.278,0.5507
2019-12-09,1.2738,-0.3286
2019-12-10,1.2769,0.2434
2019-12-11,1.2765,-0.0313
2019-12-12,1.2761,-0.0313
2019-12-13,1.2938,1.387
2019-12-16,1.2981,0.3324
2019-12-17,1.3059,0.6009
2019-12-18,1.2993,-0.5054
2019-12-19,1.2971,-0.1693
2019-12-20,1.2868,-0.7941
2019-12-23,1.2716,-1.1812
2019-12-24,1.153,0.9122
2019-12-25,1.1552,0.1908
2019-12-26,1.1625,0.6319
2019-12-27,1.1714,0.7656
2019-12-30,1.1845,1.1183
2019-12-31,1.1963,0.9962
2020-01-02,1.2143,1.5046
2020-01-03,1.2149,0.0494
2020-01-06,1.2204,0.4527
2020-01-07,1.2294,0.7375
2020-01-08,1.2186,-0.8785
2020-01-09,1.2326,1.1489
2020-01-10,1.2396,0.5679
2020-01-13,1.2564,1.3553
2020-01-14,1.2477,-0.6925
2020-01-15,1.2462,-0.1202
2020-01-16,1.2544,0.658
2020-01-17,1.2568,0.1913
2020-01-20,1.268,0.8912
2020-01-21,1.2465,-1.6956
2020-01-22,1.2613,1.1873
2020-01-23,1.2198,-3.2903
2020-02-03,1.1329,-7.1241
2020-02-04,1.178,3.9809
2020-02-05,1.1905,1.0611
2020-02-06,1.2169,2.2176
2020-02-07,1.2209,0.3287
2020-02-10,1.2366,1.2859
2020-02-11,1.2429,0.5095
2020-02-12,1.2508,0.6356
2020-02-13,1.2392,-0.9274
2020-02-14,1.2476,0.6779
2020-02-17,1.2837,2.8936
2020-02-18,1.2867,0.2337
2020-02-19,1.2842,-0.1943
2020-02-20,1.3026,1.4328
2020-02-21,1.3112,0.6602
2020-02-24,1.3345,1.777
2020-02-25,1.3506,1.2064
2020-02-26,1.2999,-3.7539
2020-02-27,1.3137,1.0616
2020-02-28,1.2667,-3.5777
2020-03-02,1.3127,3.6315
2020-03-03,1.3191,0.4875
2020-03-04,1.3209,0.1365
2020-03-05,1.3432,1.6882
2020-03-06,1.3315,-0.8711
2020-03-09,1.2979,-2.5235
2020-03-10,1.327,2.2421
2020-03-11,1.3118,-1.1454
2020-03-12,1.287,-1.8905
2020-03-13,1.2729,-1.0956
2020-03-16,1.2101,-4.9336
2020-03-17,1.1908,-1.5949
2020-03-18,1.1701,-1.7383
2020-03-19,1.1758,0.4871
2020-03-20,1.188,1.0376
2020-03-23,1.1483,-3.3418
2020-03-24,1.1773,2.5255
2020-03-25,1.2098,2.7606
2020-03-26,1.2059,-0.3224
2020-03-27,1.2133,0.6136
2020-03-30,1.1945,-1.5495
2020-03-31,1.2112,1.3981
2020-04-01,1.2071,-0.3385
2020-04-02,1.2268,1.632
2020-04-03,1.212,-1.2064
2020-04-07,1.2489,3.0446
2020-04-08,1.2504,0.1201
2020-04-09,1.2631,1.0157
2020-04-10,1.2512,-0.9421
2020-04-13,1.2443,-0.5515
2020-04-14,1.2737,2.3628
2020-04-15,1.2654,-0.6516
2020-04-16,1.272,0.5216
2020-04-17,1.2785,0.511
2020-04-20,1.2963,1.3923
2020-04-21,1.2874,-0.6866
2020-04-22,1.2982,0.8389
2020-04-23,1.2971,-0.0847
2020-04-24,1.2813,-1.2181
2020-04-27,1.2821,0.0624
2020-04-28,1.2943,0.9516
2020-04-29,1.2863,-0.6181
2020-04-30,1.3063,1.5548
2020-05-06,1.3149,0.6583
2020-05-07,1.3166,0.1293
2020-05-08,1.3356,1.4431
2020-05-11,1.3317,-0.292
2020-05-12,1.3328,0.0826
2020-05-13,1.3493,1.238
2020-05-14,1.3349,-1.0672
2020-05-15,1.3329,-0.1498
2020-05-18,1.3385,0.4201
2020-05-19,1.354,1.158
2020-05-20,1.3441,-0.7312
2020-05-21,1.3322,-0.8854
2020-05-22,1.3026,-2.2219
2020-05-25,1.3038,0.0921
2020-05-26,1.3278,1.8408
2020-05-27,1.3111,-1.2577
2020-05-28,1.3076,-0.267
2020-05-29,1.3224,1.1318
2020-06-01,1.3624,3.0248
2020-06-02,1.3593,-0.2275
2020-06-03,1.3631,0.2796
2020-06-04,1.3662,0.2274
2020-06-05,1.3722,0.4392
2020-06-08,1.381,0.6413
2020-06-09,1.3864,0.391
2020-06-10,1.3918,0.3895
2020-06-11,1.3831,-0.6251
2020-06-12,1.3868,0.2675
2020-06-15,1.3722,-1.0528
2020-06-16,1.4051,2.3976
2020-06-17,1.405,-0.0071
2020-06-18,1.4148,0.6975
2020-06-19,1.4324,1.244
2020-06-22,1.4336,0.0838
2020-06-23,1.4399,0.4395
2020-06-24,1.4481,0.5695
2020-06-29,1.445,-0.2141
2020-06-30,1.4757,2.1246
2020-07-01,1.4865,0.7319
2020-07-02,1.4957,0.6189
2020-07-03,1.5068,0.7421
2020-07-06,1.5555,3.232
2020-07-07,1.5889,2.1472
2020-07-08,1.6165,1.7371
2020-07-09,1.6512,2.1466
2020-07-10,1.6324,-1.1386
2020-07-13,1.6817,3.0201
2020-07-14,1.6551,-1.5817
2020-07-15,1.6452,-0.5982
2020-07-16,1.5664,-4.7897
2020-07-17,1.6041,2.4068
2020-07-20,1.6313,1.6957
2020-07-21,1.6461,0.9073
2020-07-22,1.6629,1.0206
2020-07-23,1.6544,-0.5112
2020-07-24,1.5731,-4.9142
2020-07-27,1.586,0.82
2020-07-28,1.6099,1.5069
2020-07-29,1.6378,1.733
2020-07-30,1.6356,-0.1343
2020-07-31,1.6517,0.9843
2020-08-03,1.6709,1.1624
2020-08-04,1.6696,-0.0778
2020-08-05,1.6869,1.0362
2020-08-06,1.6925,0.332
2020-08-07,1.6786,-0.8213
2020-08-10,1.6722,-0.3813
2020-08-11,1.6573,-0.891
2020-08-12,1.6433,-0.8447
2020-08-13,1.6395,-0.2312
2020-08-14,1.6553,0.9637
2020-08-17,1.6878,1.9634
2020-08-18,1.6984,0.628
2020-08-19,1.6813,-1.0068
2020-08-20,1.6671,-0.8446
2020-08-21,1.6731,0.3599
2020-08-24,1.7045,1.88
2020-08-25,1.7103,0.34
2020-08-26,1.6938,-0.96
2020-08-27,1.7026,0.52
2020-08-28,1.7349,1.9
2020-08-31,1.7413,0.37
2020-09-01,1.7504,0.52
2020-09-02,1.7478,-0.15
2020-09-03,1.7382,-0.55
2020-09-04,1.7212,-0.98
2020-09-07,1.6835,-2.19
2020-09-08,1.6724,-0.66
2020-09-09,1.6247,-2.85
2020-09-10,1.6308,0.38
2020-09-11,1.6535,1.39
2020-09-14,1.6647,0.68
2020-09-15,1.6885,1.43
2020-09-16,1.6797,-0.52
2020-09-17,1.6735,-0.37
2020-09-18,1.7017,1.69
2020-09-21,1.69,-0.69
2020-09-22,1.6661,-1.41
2020-09-23,1.6666,0.03
2020-09-24,1.6244,-2.53
2020-09-25,1.6333,0.55
2020-09-28,1.6372,0.24
2020-09-29,1.6459,0.53
2020-09-30,1.6422,-0.22
2020-10-09,1.6783,2.2
2020-10-12,1.717,2.31
2020-10-13,1.7282,0.65
2020-10-14,1.7187,-0.55
2020-10-15,1.7079,-0.63
2020-10-16,1.6991,-0.52
2020-10-19,1.6904,-0.51
2020-10-20,1.7092,1.11
2020-10-21,1.7083,-0.05
2020-10-22,1.7015,-0.4
2020-10-23,1.6758,-1.51
2020-10-26,1.6796,0.23
2020-10-27,1.6921,0.74
2020-10-28,1.7258,1.99
2020-10-29,1.7313,0.32
2020-10-30,1.6931,-2.21
2020-11-02,1.7153,1.31
2020-11-03,1.7361,1.21
2020-11-04,1.7503,0.82
2020-11-05,1.7798,1.69
2020-11-06,1.7795,-0.02
2020-11-09,1.8121,1.83
2020-11-10,1.7957,-0.91
2020-11-11,1.772,-1.32
2020-11-12,1.7831,0.63
2020-11-13,1.7686,-0.81
2020-11-16,1.7955,1.52
2020-11-17,1.7907,-0.27
2020-11-18,1.7873,-0.19
2020-11-19,1.8021,0.83
2020-11-20,1.8237,1.2
2020-11-23,1.8447,1.15
2020-11-24,1.8444,-0.02
2020-11-25,1.8007,-2.37
2020-11-26,1.8011,0.02
2020-11-27,1.8076,0.36
2020-11-30,1.8029,-0.26
2020-12-01,1.82,0.95
2020-12-02,1.8122,-0.43
2020-12-03,1.8012,-0.61
2020-12-04,1.8195,1.02
2020-12-07,1.806,-0.74
2020-12-08,1.8063,0.02
2020-12-09,1.7838,-1.25
2020-12-10,1.7828,-0.06
2020-12-11,1.7679,-0.84
2020-12-14,1.7861,1.03
2020-12-15,1.7884,0.13
2020-12-16,1.8015,0.73
2020-12-17,1.8224,1.16
2020-12-18,1.8331,0.59
2020-12-21,1.8576,1.34
2020-12-22,1.8271,-1.64
2020-12-23,1.8427,0.85
2020-12-24,1.8517,0.49
2020-12-25,1.8798,1.52
2020-12-28,1.8898,0.53
2020-12-29,1.8713,-0.98
2020-12-30,1.8998,1.52
2020-12-31,1.9172,0.92
2021-01-04,1.961,2.28
2021-01-05,2.0099,2.49
2021-01-06,2.0219,0.6
2021-01-07,2.0576,1.77
2021-01-08,2.0478,-0.48
2021-01-11,2.0443,-0.17
2021-01-12,1.8983,2.4
2021-01-13,1.8786,-1.04
2021-01-14,1.8526,-1.38
2021-01-15,1.8661,0.73
2021-01-18,1.9086,2.28
2021-01-19,1.8772,-1.65
2021-01-20,1.8951,0.95
2021-01-21,1.9269,1.68
2021-01-22,1.9475,1.07
2021-01-25,1.9624,0.77
2021-01-26,1.9309,-1.61
2021-01-27,1.9339,0.16
2021-01-28,1.8681,-3.4
2021-01-29,1.859,-0.49
2021-02-01,1.8874,1.53
2021-02-02,1.9184,1.64
2021-02-03,1.9037,-0.77
2021-02-04,1.897,-0.35
2021-02-05,1.8742,-1.2
2021-02-08,1.9082,1.81
2021-02-09,1.9658,3.02
2021-02-10,2.0122,2.36
2021-02-18,2.0182,0.3
2021-02-19,2.007,-0.55
2021-02-22,1.9709,-1.8
2021-02-23,1.9485,-1.14
2021-02-24,1.8831,-3.36
2021-02-25,1.8927,0.51
2021-02-26,1.8422,-2.67
2021-03-01,1.8722,1.63
2021-03-02,1.847,-1.35
2021-03-03,1.8916,2.41
2021-03-04,1.8138,-4.11
2021-03-05,1.7984,-0.85
2021-03-08,1.731,-3.75
2021-03-09,1.7005,-1.76
2021-03-10,1.713,0.74
2021-03-11,1.7621,2.87
2021-03-12,1.7674,0.3
2021-03-15,1.7362,-1.77
2021-03-16,1.7542,1.04
2021-03-17,1.7646,0.59
2021-03-18,1.7872,1.28
2021-03-19,1.7301,-3.19
2021-03-22,1.7292,-0.05
2021-03-23,1.7048,-1.41
2021-03-24,1.6495,-3.24
2021-03-25,1.6658,0.99
2021-03-26,1.7029,2.23
2021-03-29,1.7028,-0.01
2021-03-30,1.7228,1.17
2021-03-31,1.694,-1.67
2021-04-01,1.7191,1.48
2021-04-02,1.7385,1.13
2021-04-06,1.7365,-0.12
2021-04-07,1.7225,-0.81
2021-04-08,1.7279,0.31
2021-04-09,1.701,-1.56
2021-04-12,1.6548,-2.72
2021-04-13,1.655,0.01
2021-04-14,1.6802,1.52
2021-04-15,1.6772,-0.18
2021-04-16,1.6796,0.14
2021-04-19,1.7321,3.13
2021-04-20,1.7314,-0.04
2021-04-21,1.7332,0.1
2021-04-22,1.7282,-0.29
2021-04-23,1.7454,1.0
2021-04-26,1.7505,0.29
2021-04-27,1.7435,-0.4
2021-04-28,1.7578,0.82
2021-04-29,1.7653,0.43
2021-04-30,1.7589,-0.36
2021-05-06,1.7472,-0.67
2021-05-07,1.7292,-1.03
2021-05-10,1.7263,-0.17
2021-05-11,1.7088,-1.01
2021-05-12,1.7117,0.17
2021-05-13,1.6885,-1.36
2021-05-14,1.7095,1.24
2021-05-17,1.7446,2.05
2021-05-18,1.7573,0.73
2021-05-19,1.7578,0.03
2021-05-20,1.7564,-0.08
2021-05-21,1.7437,-0.72
2021-05-24,1.7575,0.79
2021-05-25,1.7971,2.25
2021-05-26,1.8002,0.17
2021-05-27,1.8032,0.17
2021-05-28,1.8063,0.17
2021-05-31,1.8179,0.64
2021-06-01,1.8314,0.74
2021-06-02,1.8256,-0.32
2021-06-03,1.8085,-0.94
2021-06-04,1.8188,0.57
2021-06-07,1.8107,-0.45
2021-06-08,1.7842,-1.46
2021-06-09,1.7901,0.33
2021-06-10,1.7997,0.54
2021-06-11,1.7897,-0.56
2021-06-15,1.7648,-1.39
2021-06-16,1.7261,-2.19
2021-06-17,1.7295,0.2
2021-06-18,1.7313,0.1
2021-06-21,1.7348,0.2
2021-06-22,1.739,0.24
2021-06-23,1.7476,0.49
2021-06-24,1.7471,-0.03
2021-06-25,1.7773,1.73
2021-06-28,1.7657,-0.65
2021-06-29,1.755,-0.61
2021-06-30,1.7645,0.54
2021-07-01,1.7591,-0.31
2021-07-02,1.7199,-2.23
2021-07-05,1.7294,0.55
2021-07-06,1.7393,0.57
2021-07-07,1.7588,1.12
2021-07-08,1.7367,-1.26
2021-07-09,1.7471,0.6
2021-07-12,1.7776,1.75
2021-07-13,1.7818,0.24
2021-07-14,1.7756,-0.35
2021-07-15,1.798,1.26
2021-07-16,1.7866,-0.63
2021-07-19,1.791,0.25
2021-07-20,1.7787,-0.69
2021-07-21,1.7905,0.66
2021-07-22,1.8049,0.8
2021-07-23,1.7838,-1.17
2021-07-26,1.747,-2.06
2021-07-27,1.6963,-2.9
2021-07-28,1.6957,-0.04
2021-07-29,1.7246,1.7
2021-07-30,1.701,-1.37
2021-08-02,1.7403,2.31
2021-08-03,1.7372,-0.18
2021-08-04,1.746,0.51
2021-08-05,1.7298,-0.93
2021-08-06,1.7272,-0.15
2021-08-09,1.7471,1.15
2021-08-10,1.7585,0.65
2021-08-11,1.7537,-0.27
2021-08-12,1.7433,-0.59
2021-08-13,1.7472,0.22
2021-08-16,1.739,-0.47
2021-08-17,1.7179,-1.21
2021-08-18,1.7328,0.87
2021-08-19,1.7203,-0.72
2021-08-20,1.7051,-0.88
2021-08-23,1.7152,0.59
2021-08-24,1.7363,1.23
2021-08-25,1.7427,0.37
2021-08-26,1.7108,-1.83
2021-08-27,1.7198,0.53
2021-08-30,1.7131,-0.39
2021-08-31,1.7012,-0.69
2021-09-01,1.6968,-0.26
2021-09-02,1.7099,0.77
2021-09-03,1.7064,-0.2
2021-09-06,1.7308,1.43
2021-09-07,1.7492,1.06
2021-09-08,1.7415,-0.44
2021-09-09,1.7459,0.25
2021-09-10,1.7642,1.05
2021-09-13,1.7479,-0.92
2021-09-14,1.7394,-0.49
2021-09-15,1.7332,-0.36
2021-09-16,1.7051,-1.62
2021-09-17,1.7087,0.21
2021-09-22,1.703,-0.33
2021-09-23,1.7007,-0.14
2021-09-24,1.6954,-0.31
2021-09-27,1.695,-0.02
2021-09-28,1.69,-0.29
2021-09-29,1.6699,-1.19
2021-09-30,1.6871,1.03
2021-10-08,1.7109,1.41
2021-10-11,1.7164,0.32
2021-10-12,1.6998,-0.97
2021-10-13,1.7238,1.41
2021-10-14,1.7384,0.85
2021-10-15,1.7416,0.18
2021-10-18,1.7313,-0.59
2021-10-19,1.737,0.33
2021-10-20,1.7314,-0.32
2021-10-21,1.7364,0.29
2021-10-22,1.7315,-0.28
2021-10-25,1.7413,0.57
2021-10-26,1.7397,-0.09
2021-10-27,1.7301,-0.55
2021-10-28,1.7099,-1.17
2021-10-29,1.7201,0.6
2021-11-01,1.7147,-0.31
2021-11-02,1.7025,-0.71
2021-11-03,1.6871,-0.9
2021-11-04,1.7039,1.0
2021-11-05,1.6902,-0.8
2021-11-08,1.7018,0.69
2021-11-09,1.7056,0.22
2021-11-10,1.694,-0.68
2021-11-11,1.7108,0.99
2021-11-12,1.7229,0.71
2021-11-15,1.7106,-0.71
2021-11-16,1.7069,-0.22
2021-11-17,1.7134,0.38
2021-11-18,1.6945,-1.1
2021-11-19,1.7135,1.12
2021-11-22,1.7242,0.62
2021-11-23,1.7221,-0.12
2021-11-24,1.7195,-0.15
2021-11-25,1.7139,-0.33
2021-11-26,1.7076,-0.37
2021-11-29,1.7086,0.06
2021-11-30,1.7067,-0.11
2021-12-01,1.7097,0.18
2021-12-02,1.6996,-0.59
2021-12-03,1.7194,1.16
2021-12-06,1.704,-0.9
2021-12-07,1.7032,-0.05
2021-12-08,1.7271,1.4
2021-12-09,1.748,1.21
2021-12-10,1.7468,-0.07
2021-12-13,1.7505,0.21
2021-12-14,1.7379,-0.72
2021-12-15,1.7285,-0.54
2021-12-16,1.7369,0.49
2021-12-17,1.7147,-1.28
2021-12-20,1.6897,-1.46
2021-12-21,1.7041,0.85
2021-12-22,1.7106,0.38
2021-12-23,1.7182,0.44
2021-12-24,1.7173,-0.05
2021-12-27,1.7208,0.2
2021-12-28,1.7317,0.63
2021-12-29,1.7258,-0.34
2021-12-30,1.7395,0.79
2021-12-31,1.7574,1.03
2022-01-04,1.5254,0.11
2022-01-05,1.5027,-1.49
2022-01-06,1.4973,-0.36
2022-01-07,1.4844,-0.86
2022-01-10,1.4924,0.54
2022-01-11,1.4686,-1.59
2022-01-12,1.4917,1.57
2022-01-13,1.4642,-1.84
2022-01-14,1.4592,-0.34
2022-01-17,1.468,0.6
2022-01-18,1.4814,0.91
2022-01-19,1.4721,-0.63
2022-01-20,1.4714,-0.05
2022-01-21,1.4562,-1.03
2022-01-24,1.4649,0.6
2022-01-25,1.4381,-1.83
2022-01-26,1.4431,0.35
2022-01-27,1.4105,-2.26
2022-01-28,1.4111,0.04
2022-02-07,1.418,0.49
2022-02-08,1.407,-0.78
2022-02-09,1.4275,1.46
2022-02-10,1.4242,-0.23
2022-02-11,1.4017,-1.58
2022-02-14,1.3914,-0.73
2022-02-15,1.4147,1.67
2022-02-16,1.4193,0.33
2022-02-17,1.4232,0.27
2022-02-18,1.4252,0.14
2022-02-21,1.4191,-0.43
2022-02-22,1.4024,-1.18
2022-02-23,1.4203,1.28
2022-02-24,1.4003,-1.41
2022-02-25,1.4095,0.66
2022-02-28,1.418,0.6
2022-03-01,1.4292,0.79
2022-03-02,1.4169,-0.86
2022-03-03,1.407,-0.7
2022-03-04,1.394,-0.92
2022-03-07,1.3479,-3.31
2022-03-08,1.3224,-1.89
2022-03-09,1.3123,-0.76
2022-03-10,1.3361,1.81
2022-03-11,1.3326,-0.26
2022-03-14,1.2914,-3.09
2022-03-15,1.2451,-3.59
2022-03-16,1.2901,3.61
2022-03-17,1.309,1.47
2022-03-18,1.3158,0.52
2022-03-21,1.3178,0.15
2022-03-22,1.3086,-0.7
2022-03-23,1.3158,0.55
2022-03-24,1.3027,-1.0
2022-03-25,1.2863,-1.26
2022-03-28,1.2808,-0.43
2022-03-29,1.2798,-0.08
2022-03-30,1.3112,2.45
2022-03-31,1.2923,-1.44
2022-04-01,1.3072,1.15
2022-04-06,1.2945,-0.97
2022-04-07,1.2732,-1.65
2022-04-08,1.2734,0.02
2022-04-11,1.2391,-2.69
2022-04-12,1.2632,1.94
2022-04-13,1.2486,-1.16
2022-04-14,1.2644,1.27
2022-04-15,1.2636,-0.06
2022-04-18,1.2806,1.35
2022-04-19,1.2765,-0.32
2022-04-20,1.2576,-1.48
2022-04-21,1.2258,-2.53
2022-04-22,1.2192,-0.54
2022-04-25,1.1567,-5.13
2022-04-26,1.1403,-1.42
2022-04-27,1.1782,3.32
2022-04-28,1.1855,0.62
2022-04-29,1.2134,2.35
2022-05-05,1.2151,0.14
2022-05-06,1.1924,-1.87
2022-05-09,1.1846,-0.65
2022-05-10,1.2009,1.38
2022-05-11,1.2188,1.49
2022-05-12,1.2182,-0.05
2022-05-13,1.2249,0.55
2022-05-16,1.2248,-0.01
2022-05-17,1.238,1.08
2022-05-18,1.2278,-0.82
2022-05-19,1.2314,0.29
2022-05-20,1.2469,1.26
2022-05-23,1.2429,-0.32
2022-05-24,1.2196,-1.87
2022-05-25,1.2367,1.4
2022-05-26,1.2414,0.38
2022-05-27,1.2439,0.2
2022-05-30,1.2592,1.23
2022-05-31,1.285,2.05
2022-06-01,1.2825,-0.19
2022-06-02,1.289,0.51
2022-06-06,1.3125,1.82
2022-06-07,1.3186,0.46
2022-06-08,1.3286,0.76
2022-06-09,1.3081,-1.54
2022-06-10,1.328,1.52
2022-06-13,1.3172,-0.81
2022-06-14,1.3235,0.48
2022-06-15,1.325,0.11
2022-06-16,1.3363,0.85
2022-06-17,1.356,1.47
2022-06-20,1.3721,1.19
2022-06-21,1.3648,-0.53
2022-06-22,1.3597,-0.37
2022-06-23,1.3905,2.27
2022-06-24,1.4082,1.27
2022-06-27,1.4255,1.23
2022-06-28,1.4469,1.5
2022-06-29,1.4191,-1.92
2022-06-30,1.4495,2.14
2022-07-01,1.4333,-1.12
2022-07-04,1.4518,1.29
2022-07-05,1.4457,-0.42
2022-07-06,1.4217,-1.66
2022-07-07,1.4348,0.92
2022-07-08,1.4288,-0.42
2022-07-11,1.4117,-1.2
2022-07-12,1.3923,-1.37
2022-07-13,1.4043,0.86
2022-07-14,1.4218,1.25
2022-07-15,1.4087,-0.92
2022-07-18,1.4166,0.56
2022-07-19,1.4153,-0.09
2022-07-20,1.4235,0.58
2022-07-21,1.4145,-0.63
2022-07-22,1.412,-0.18
2022-07-25,1.4011,-0.77
2022-07-26,1.421,1.42
2022-07-27,1.4308,0.69
2022-07-28,1.4291,-0.12
2022-07-29,1.4201,-0.63
2022-08-01,1.4252,0.36
2022-08-02,1.4075,-1.24
2022-08-03,1.3876,-1.41
2022-08-04,1.3855,-0.15
2022-08-05,1.3974,0.86
2022-08-08,1.4023,0.35
2022-08-09,1.4041,0.13
2022-08-10,1.3934,-0.76
2022-08-11,1.4086,1.09
2022-08-12,1.3971,-0.82
2022-08-15,1.4024,0.38
2022-08-16,1.4149,0.89
2022-08-17,1.4246,0.69
2022-08-18,1.4198,-0.34
2022-08-19,1.4059,-0.98
2022-08-22,1.4208,1.06
2022-08-23,1.4264,0.39
2022-08-24,1.3924,-2.38
2022-08-25,1.4012,0.63
2022-08-26,1.3965,-0.34
2022-08-29,1.4001,0.26
2022-08-30,1.3938,-0.45
2022-08-31,1.3713,-1.61
2022-09-01,1.3596,-0.85
2022-09-02,1.365,0.4
2022-09-05,1.3658,0.06
2022-09-06,1.3847,1.38
2022-09-07,1.388,0.24
2022-09-08,1.3875,-0.04
2022-09-09,1.3887,0.09
2022-09-13,1.4008,0.87
2022-09-14,1.3906,-0.73
2022-09-15,1.3604,-2.17
2022-09-16,1.3451,-1.12
2022-09-19,1.3442,-0.07
2022-09-20,1.3506,0.48
2022-09-21,1.34,-0.78
2022-09-22,1.3352,-0.36
2022-09-23,1.3207,-1.09
2022-09-26,1.3216,0.07
2022-09-27,1.3444,1.73
2022-09-28,1.3231,-1.58
2022-09-29,1.3207,-0.18
2022-09-30,1.3052,-1.17
2022-10-10,1.2917,-1.03
2022-10-11,1.2961,0.34
2022-10-12,1.3164,1.57
2022-10-13,1.3168,0.03
2022-10-14,1.3426,1.96
2022-10-17,1.3454,0.21
2022-10-18,1.3465,0.08
2022-10-19,1.3311,-1.14
2022-10-20,1.3176,-1.01
2022-10-21,1.3166,-0.08
2022-10-24,1.2868,-2.26
2022-10-25,1.2922,0.42
2022-10-26,1.2949,0.21
2022-10-27,1.2808,-1.09
2022-10-28,1.2471,-2.63
2022-10-31,1.2467,-0.03
2022-11-01,1.2866,3.2
2022-11-02,1.3101,1.83
2022-11-03,1.3103,0.02
2022-11-04,1.3417,2.4
2022-11-07,1.3354,-0.47
2022-11-08,1.3237,-0.88
2022-11-09,1.3131,-0.8
2022-11-10,1.3029,-0.78
2022-11-11,1.3226,1.51
2022-11-14,1.3083,-1.08
2022-11-15,1.324,1.2
2022-11-16,1.3165,-0.57
2022-11-17,1.317,0.04
2022-11-18,1.3033,-1.04
2022-11-21,1.2998,-0.27
2022-11-22,1.2865,-1.02
2022-11-23,1.2849,-0.12
2022-11-24,1.2818,-0.24
2022-11-25,1.2806,-0.09
2022-11-28,1.2844,0.3
2022-11-29,1.3116,2.12
2022-11-30,1.3136,0.15
2022-12-01,1.3177,0.31
2022-12-02,1.318,0.02
2022-12-05,1.3159,-0.16
2022-12-06,1.3201,0.32
2022-12-07,1.3296,0.72
2022-12-08,1.3224,-0.54
2022-12-09,1.3281,0.43
2022-12-12,1.324,-0.31
2022-12-13,1.3244,0.03
2022-12-14,1.33,0.42
2022-12-15,1.327,-0.23
2022-12-16,1.3229,-0.31
2022-12-19,1.3033,-1.48
2022-12-20,1.2865,-1.29
2022-12-21,1.2929,0.5
2022-12-22,1.2944,0.12
2022-12-23,1.202,-0.49
2022-12-26,1.2225,1.71
2022-12-27,1.2327,0.83
2022-12-28,1.229,-0.3
2022-12-29,1.2226,-0.52
2022-12-30,1.2302,0.62
2022-12-31,1.2301,-0.01
2023-01-03,1.2247,-0.45
2023-01-04,1.2232,-0.12
2023-01-05,1.2369,1.12
2023-01-06,1.2334,-0.28
2023-01-09,1.2462,1.04
2023-01-10,1.2463,0.01
2023-01-11,1.2388,-0.6
2023-01-12,1.2376,-0.1
2023-01-13,1.2531,1.25
2023-01-16,1.2677,1.17
2023-01-17,1.2696,0.15
2023-01-18,1.2643,-0.42
2023-01-19,1.2673,0.24
2023-01-20,1.2745,0.57
2023-01-30,1.273,-0.12
2023-01-31,1.2723,-0.05
2023-02-01,1.2824,0.79
2023-02-02,1.2842,0.14
2023-02-03,1.2768,-0.58
2023-02-06,1.268,-0.69
2023-02-07,1.2631,-0.39
2023-02-08,1.2577,-0.43
2023-02-09,1.2721,1.14
2023-02-10,1.2705,-0.13
2023-02-13,1.2841,1.07
2023-02-14,1.2857,0.12
2023-02-15,1.274,-0.91
2023-02-16,1.2625,-0.9
2023-02-17,1.2522,-0.82
2023-02-20,1.271,1.5
2023-02-21,1.274,0.24
2023-02-22,1.271,-0.24
2023-02-23,1.2702,-0.06
2023-02-24,1.2623,-0.62
2023-02-27,1.2596,-0.21
2023-02-28,1.2644,0.38
2023-03-01,1.2667,0.18
2023-03-02,1.2628,-0.31
2023-03-03,1.265,0.17
2023-03-06,1.269,0.32
2023-03-07,1.2485,-1.62
2023-03-08,1.2457,-0.22
2023-03-09,1.2384,-0.59
2023-03-10,1.2188,-1.58
2023-03-13,1.2279,0.75
2023-03-14,1.2198,-0.66
2023-03-15,1.218,-0.15
2023-03-16,1.1932,-2.04
2023-03-17,1.1892,-0.34
2023-03-20,1.1846,-0.39
2023-03-21,1.2027,1.53
2023-03-22,1.2019,-0.07
2023-03-23,1.1992,-0.22
2023-03-24,1.1985,-0.06
2023-03-27,1.2084,0.83
2023-03-28,1.2064,-0.17
2023-03-29,1.2052,-0.1
2023-03-30,1.2207,1.29
2023-03-31,1.2292,0.7
2023-04-03,1.2398,0.86
2023-04-04,1.2408,0.08
2023-04-06,1.2433,0.2
2023-04-07,1.2509,0.61
2023-04-10,1.2484,-0.2
2023-04-11,1.2445,-0.31
2023-04-12,1.2346,-0.8
2023-04-13,1.234,-0.05
2023-04-14,1.2287,-0.43
2023-04-17,1.2364,0.63
2023-04-18,1.2363,-0.01
2023-04-19,1.2264,-0.8
2023-04-20,1.216,-0.85
2023-04-21,1.1935,-1.85
2023-04-24,1.1764,-1.43
2023-04-25,1.1686,-0.66
2023-04-26,1.1783,0.83
2023-04-27,1.1837,0.46
2023-04-28,1.1887,0.42
2023-05-04,1.1731,-1.31
2023-05-05,1.1655,-0.65
2023-05-08,1.1628,-0.23
2023-05-09,1.156,-0.58
2023-05-10,1.1546,-0.12
2023-05-11,1.1585,0.34
2023-05-12,1.1466,-1.03
2023-05-15,1.1606,1.22
2023-05-16,1.1567,-0.34
2023-05-17,1.1556,-0.1
2023-05-18,1.1443,-0.98
2023-05-19,1.1459,0.14
2023-05-22,1.1529,0.61
2023-05-23,1.137,-1.38
2023-05-24,1.128,-0.79
2023-05-25,1.1239,-0.36
2023-05-26,1.1264,0.22
2023-05-29,1.1192,-0.64
2023-05-30,1.1213,0.19
2023-05-31,1.1179,-0.3
2023-06-01,1.1165,-0.13
2023-06-02,1.1295,1.16
2023-06-05,1.1247,-0.42
2023-06-06,1.1137,-0.98
2023-06-07,1.112,-0.15
2023-06-08,1.1241,1.09
2023-06-09,1.1316,0.67
2023-06-12,1.1363,0.42
2023-06-13,1.1381,0.16
2023-06-14,1.1383,0.02
2023-06-15,1.1521,1.21
2023-06-16,1.165,1.12
2023-06-19,1.1648,-0.02
2023-06-20,1.164,-0.07
2023-06-21,1.1507,-1.14
2023-06-26,1.1389,-1.03
2023-06-27,1.1573,1.62
2023-06-28,1.152,-0.46
2023-06-29,1.1526,0.05
2023-06-30,1.1604,0.68
2023-07-03,1.1788,1.59
2023-07-04,1.1798,0.08
2023-07-05,1.1655,-1.21
2023-07-06,1.1668,0.11
2023-07-07,1.1668,0.0
2023-07-10,1.1731,0.54
2023-07-11,1.1776,0.38
2023-07-12,1.1713,-0.53
2023-07-13,1.1821,0.92
2023-07-14,1.1806,-0.13
2023-07-17,1.181,0.03
2023-07-18,1.179,-0.17
2023-07-19,1.1772,-0.15
2023-07-20,1.1709,-0.54
2023-07-21,1.1754,0.38
2023-07-24,1.1731,-0.2
2023-07-25,1.187,1.18
2023-07-26,1.185,-0.17
2023-07-27,1.1865,0.13
2023-07-28,1.1958,0.78
2023-07-31,1.2087,1.08
2023-08-01,1.1984,-0.85
2023-08-02,1.188,-0.87
2023-08-03,1.1897,0.14
2023-08-04,1.1927,0.25
2023-08-07,1.1906,-0.18
2023-08-08,1.1853,-0.45
2023-08-09,1.1752,-0.85
2023-08-10,1.185,0.83
2023-08-11,1.1651,-1.68
2023-08-14,1.1654,0.03
2023-08-15,1.156,-0.81
2023-08-16,1.1467,-0.8
2023-08-17,1.1527,0.52
2023-08-18,1.1375,-1.32
2023-08-21,1.1239,-1.2
2023-08-22,1.129,0.45
2023-08-23,1.1117,-1.53
2023-08-24,1.1238,1.09
2023-08-25,1.1148,-0.8
2023-08-28,1.1163,0.13
2023-08-29,1.1324,1.44
2023-08-30,1.1306,-0.16
2023-08-31,1.1259,-0.42
2023-09-01,1.1323,0.57
2023-09-04,1.1418,0.84
2023-09-05,1.1355,-0.55
2023-09-06,1.129,-0.57
2023-09-07,1.1166,-1.1
2023-09-08,1.1163,-0.03
2023-09-11,1.1264,0.9
2023-09-12,1.1264,0.0
2023-09-13,1.1163,-0.9
2023-09-14,1.1114,-0.44
2023-09-15,1.1059,-0.49
2023-09-18,1.1139,0.72
2023-09-19,1.1101,-0.34
2023-09-20,1.1052,-0.44
2023-09-21,1.0978,-0.67
2023-09-22,1.111,1.2
2023-09-25,1.1051,-0.53
2023-09-26,1.1021,-0.27
2023-09-27,1.1018,-0.03
2023-09-28,1.096,-0.53
2023-10-09,1.0809,-1.38
2023-10-10,1.0753,-0.52
2023-10-11,1.0716,-0.34
2023-10-12,1.0758,0.39
2023-10-13,1.0667,-0.85
2023-10-16,1.0604,-0.59
2023-10-17,1.0582,-0.21
2023-10-18,1.0456,-1.19
2023-10-19,1.0243,-2.04
2023-10-20,1.0167,-0.74
2023-10-23,1.003,-1.35
2023-10-24,1.0095,0.65
2023-10-25,1.0227,1.31
2023-10-26,1.0301,0.72
2023-10-27,1.0501,1.94
2023-10-30,1.0645,1.37
2023-10-31,1.0587,-0.54
2023-11-01,1.0566,-0.2
2023-11-02,1.0499,-0.63
2023-11-03,1.0593,0.9
2023-11-06,1.0647,0.51
2023-11-07,1.061,-0.35
2023-11-08,1.0552,-0.55
2023-11-09,1.0571,0.18
2023-11-10,1.054,-0.29
2023-11-13,1.0551,0.1
2023-11-14,1.0553,0.02
2023-11-15,1.0601,0.45
2023-11-16,1.0526,-0.71
2023-11-17,1.0549,0.22
2023-11-20,1.063,0.77
2023-11-21,1.0624,-0.06
2023-11-22,1.0536,-0.83
2023-11-23,1.0591,0.52
2023-11-24,1.0523,-0.64
2023-11-27,1.0535,0.11
2023-11-28,1.0514,-0.2
2023-11-29,1.047,-0.42
2023-11-30,1.0479,0.09
2023-12-01,1.0415,-0.61
2023-12-04,1.0479,0.61
2023-12-05,1.03,-1.71
2023-12-06,1.039,0.87
2023-12-07,1.0359,-0.3
2023-12-08,1.0361,0.02
2023-12-11,1.0484,1.19
2023-12-12,1.0477,-0.07
2023-12-13,1.0342,-1.29
2023-12-14,1.0308,-0.33
2023-12-15,1.0275,-0.32
2023-12-18,1.026,-0.15
2023-12-19,1.027,0.1
2023-12-20,1.0166,-1.01
2023-12-21,1.026,0.92
2023-12-22,1.0249,-0.11
2023-12-25,1.0275,0.25
2023-12-26,1.0189,-0.84
2023-12-27,1.0295,1.04
2023-12-28,1.0438,1.39
2023-12-29,1.0519,0.78
2023-12-31,1.0518,-0.01
2024-01-02,1.0476,-0.4
2024-01-03,1.0399,-0.74
2024-01-04,1.032,-0.76
2024-01-05,1.0212,-1.05
2024-01-08,1.0019,-1.89
2024-01-09,1.004,0.21
2024-01-10,0.9975,-0.65
2024-01-11,1.0052,0.77
2024-01-12,1.0054,0.02
2024-01-15,1.0011,-0.43
2024-01-16,1.0053,0.42
2024-01-17,0.9789,-2.63
2024-01-18,0.9891,1.04
2024-01-19,0.9862,-0.29
2024-01-22,0.9583,-2.83
2024-01-23,0.9642,0.62
2024-01-24,0.9725,0.86
2024-01-25,0.9902,1.82
2024-01-26,0.9842,-0.61
2024-01-29,0.9728,-1.16
2024-01-30,0.9562,-1.71
2024-01-31,0.9397,-1.73
2024-02-01,0.9441,0.47
2024-02-02,0.9326,-1.22
2024-02-05,0.9317,-0.1
2024-02-06,0.9696,4.07
2024-02-07,0.9901,2.11
2024-02-08,1.0025,1.25
2024-02-19,1.0092,0.67
2024-02-20,1.0153,0.6
2024-02-21,1.0205,0.51
2024-02-22,1.0291,0.84
2024-02-23,1.0267,-0.23
2024-02-26,1.0245,-0.21
2024-02-27,1.0445,1.95
2024-02-28,1.0225,-2.11
2024-02-29,1.0445,2.15
2024-03-01,1.046,0.14
2024-03-04,1.0504,0.42
2024-03-05,1.0596,0.88
2024-03-06,1.0591,-0.05
2024-03-07,1.0531,-0.57
2024-03-08,1.0609,0.74
2024-03-11,1.071,0.95
2024-03-12,1.0705,-0.05
2024-03-13,1.0639,-0.62
2024-03-14,1.0599,-0.38
2024-03-15,1.0669,0.66
2024-03-18,1.079,1.13
2024-03-19,1.0799,0.08
2024-03-20,1.084,0.38
2024-03-21,1.0884,0.41
2024-03-22,1.0839,-0.41
2024-03-25,1.076,-0.73
2024-03-26,1.0766,0.06
2024-03-27,1.0631,-1.25
2024-03-28,1.07,0.65
2024-03-29,1.0884,1.72
2024-04-01,1.1122,2.19
2024-04-02,1.1051,-0.64
2024-04-03,1.1069,0.16
2024-04-08,1.1088,0.17
2024-04-09,1.1048,-0.36
2024-04-10,1.099,-0.52
2024-04-11,1.1005,0.14
2024-04-12,1.1023,0.16
2024-04-15,1.1125,0.93
2024-04-16,1.0923,-1.82
2024-04-17,1.1082,1.46
2024-04-18,1.1086,0.04
2024-04-19,1.101,-0.69
2024-04-22,1.0985,-0.23
2024-04-23,1.0854,-1.19
2024-04-24,1.0971,1.08
2024-04-25,1.0941,-0.27
2024-04-26,1.1167,2.07
2024-04-29,1.1235,0.61
2024-04-30,1.1234,-0.01
2024-05-06,1.1416,1.62
2024-05-07,1.1401,-0.13
2024-05-08,1.1405,0.04
2024-05-09,1.1528,1.08
2024-05-10,1.1547,0.16
2024-05-13,1.1619,0.62
2024-05-14,1.1588,-0.27
2024-05-15,1.1456,-1.14
2024-05-16,1.1447,-0.08
2024-05-17,1.1504,0.5
2024-05-20,1.1677,1.5
2024-05-21,1.1589,-0.75
2024-05-22,1.1545,-0.38
2024-05-23,1.1402,-1.24
2024-05-24,1.1341,-0.53
2024-05-27,1.1491,1.32
2024-05-28,1.1372,-1.04
2024-05-29,1.1387,0.13
2024-05-30,1.1337,-0.44
2024-05-31,1.1276,-0.54
2024-06-03,1.1354,0.69
2024-06-04,1.1455,0.89
2024-06-05,1.1391,-0.56
2024-06-06,1.1439,0.42
2024-06-07,1.1405,-0.3
2024-06-11,1.1307,-0.86
2024-06-12,1.1316,0.08
2024-06-13,1.1199,-1.03
2024-06-14,1.1237,0.34
2024-06-17,1.1244,0.06
2024-06-18,1.1281,0.33
2024-06-19,1.1161,-1.06
2024-06-20,1.1114,-0.42
2024-06-21,1.1109,-0.04
2024-06-24,1.1008,-0.91
2024-06-25,1.0994,-0.13
2024-06-26,1.1042,0.44
2024-06-27,1.0913,-1.17
2024-06-28,1.1017,0.95
2024-06-30,1.1016,-0.01
2024-07-01,1.1189,1.57
2024-07-02,1.1033,-1.39
2024-07-03,1.0957,-0.69
2024-07-04,1.0953,-0.04
2024-07-05,1.0984,0.28
2024-07-08,1.0921,-0.57
2024-07-09,1.0999,0.71
2024-07-10,1.0995,-0.04
2024-07-11,1.1158,1.48
2024-07-12,1.1112,-0.41
2024-07-15,1.1165,0.48
2024-07-16,1.1211,0.41
2024-07-17,1.1128,-0.74
2024-07-18,1.1172,0.4
2024-07-19,1.116,-0.11
2024-07-22,1.1085,-0.67
2024-07-23,1.0796,-2.61
2024-07-24,1.0715,-0.75
2024-07-25,1.0575,-1.31
2024-07-26,1.0678,0.97
2024-07-29,1.06,-0.73
2024-07-30,1.0526,-0.7
2024-07-31,1.0802,2.62
2024-08-01,1.0674,-1.18
2024-08-02,1.0581,-0.87
2024-08-05,1.0387,-1.83
2024-08-06,1.0431,0.42
2024-08-07,1.0396,-0.34
2024-08-08,1.038,-0.15
2024-08-09,1.0362,-0.17
2024-08-12,1.0366,0.04
2024-08-13,1.0392,0.25
2024-08-14,1.0259,-1.28
2024-08-15,1.0317,0.57
2024-08-16,1.033,0.13
2024-08-19,1.0326,-0.04
2024-08-20,1.0202,-1.2
2024-08-21,1.0169,-0.32
2024-08-22,1.0134,-0.34
2024-08-23,1.0139,0.05
2024-08-26,1.0109,-0.3
2024-08-27,1.0025,-0.83
2024-08-28,1.0037,0.12
2024-08-29,1.0073,0.36
2024-08-30,1.0233,1.59
2024-09-02,1.0027,-2.01
2024-09-03,1.0106,0.79
2024-09-04,1.0003,-1.02
2024-09-05,1.0012,0.09
2024-09-06,0.9919,-0.93
2024-09-09,0.9859,-0.6
2024-09-10,0.9864,0.05
2024-09-11,0.9923,0.6
2024-09-12,0.9879,-0.44
2024-09-13,0.9886,0.07
2024-09-18,0.9934,0.49
2024-09-19,1.0016,0.83
2024-09-20,0.9997,-0.19
2024-09-23,0.9973,-0.24
2024-09-24,1.039,4.18
2024-09-25,1.0455,0.63
2024-09-26,1.0798,3.28
2024-09-27,1.1289,4.55
2024-09-30,1.2142,7.56
2024-10-08,1.2657,4.24
2024-10-09,1.177,-7.01
2024-10-10,1.1862,0.78
2024-10-11,1.1478,-3.24
2024-10-14,1.1668,1.66
2024-10-15,1.1379,-2.48
2024-10-16,1.1335,-0.39
2024-10-17,1.1149,-1.64
2024-10-18,1.1456,2.75
2024-10-21,1.152,0.56
2024-10-22,1.1662,1.23
2024-10-23,1.1639,-0.2
2024-10-24,1.15,-1.19
2024-10-25,1.1535,0.3
2024-10-28,1.1622,0.75
2024-10-29,1.1482,-1.2
2024-10-30,1.1488,0.05
2024-10-31,1.1417,-0.62
2024-11-01,1.1482,0.57
2024-11-04,1.1598,1.01
2024-11-05,1.1778,1.55
2024-11-06,1.1808,0.25
2024-11-07,1.1989,1.53
2024-11-08,1.1883,-0.88
2024-11-11,1.1959,0.64
2024-11-12,1.1813,-1.22
2024-11-13,1.1789,-0.2
2024-11-14,1.1574,-1.82
2024-11-15,1.1369,-1.77
2024-11-18,1.1269,-0.88
2024-11-19,1.1377,0.96
2024-11-20,1.142,0.38
2024-11-21,1.1397,-0.2
2024-11-22,1.11,-2.61
2024-11-25,1.0987,-1.02
2024-11-26,1.0969,-0.16
2024-11-27,1.1131,1.48
2024-11-28,1.1039,-0.83
2024-11-29,1.1168,1.17
2024-12-02,1.1295,1.14
2024-12-03,1.127,-0.22
2024-12-04,1.1204,-0.59
2024-12-05,1.1182,-0.2
2024-12-06,1.1272,0.8
2024-12-09,1.1235,-0.33
2024-12-10,1.1314,0.7
2024-12-11,1.1341,0.24
2024-12-12,1.1422,0.71
2024-12-13,1.1182,-2.1
2024-12-16,1.1075,-0.96
2024-12-17,1.1098,0.21
2024-12-18,1.1098,0.0
2024-12-19,1.1103,0.05
2024-12-20,1.1049,-0.49
2024-12-23,1.1011,-0.34
2024-12-24,1.1114,0.94
2024-12-25,1.1067,-0.42
2024-12-26,1.1152,0.77
2024-12-27,1.1139,-0.12
2024-12-30,1.1105,-0.31
2024-12-31,1.0894,-1.9
2025-01-02,1.0645,-2.29
2025-01-03,1.0523,-1.15
2025-01-06,1.0491,-0.3
2025-01-07,1.0583,0.88
2025-01-08,1.0582,-0.01
2025-01-09,1.0671,0.84
2025-01-10,1.0555,-1.09
2025-01-13,1.0524,-0.29
2025-01-14,1.0855,3.15
2025-01-15,1.0795,-0.55
2025-01-16,1.08,0.05
2025-01-17,1.0898,0.91
2025-01-20,1.0955,0.52
2025-01-21,1.1067,1.02
2025-01-22,1.1034,-0.3
2025-01-23,1.1,-0.31
2025-01-24,1.1155,1.41
2025-01-27,1.1089,-0.59
2025-02-05,1.1131,0.38
2025-02-06,1.1328,1.77
2025-02-07,1.1466,1.22
2025-02-10,1.1455,-0.1
2025-02-11,1.1426,-0.25
2025-02-12,1.1487,0.53
2025-02-13,1.1421,-0.57
2025-02-14,1.1439,0.16
2025-02-17,1.1512,0.64
2025-02-18,1.1401,-0.96
2025-02-19,1.1563,1.42
2025-02-20,1.1553,-0.09
2025-02-21,1.1723,1.47
2025-02-24,1.1645,-0.67
2025-02-25,1.1538,-0.92
2025-02-26,1.1647,0.94
2025-02-27,1.1581,-0.57
2025-02-28,1.1244,-2.91
2025-03-03,1.1288,0.39
2025-03-04,1.1333,0.4
2025-03-05,1.1415,0.72
2025-03-06,1.1574,1.39
2025-03-07,1.1534,-0.35
2025-03-10,1.1495,-0.34
2025-03-11,1.1443,-0.45
2025-03-12,1.1419,-0.21
2025-03-13,1.1316,-0.9
2025-03-14,1.1654,2.99
2025-03-17,1.1633,-0.18
2025-03-18,1.1646,0.11
2025-03-19,1.1584,-0.53
2025-03-20,1.1497,-0.75
2025-03-21,1.1304,-1.68
2025-03-24,1.139,0.76
2025-03-25,1.1317,-0.64
2025-03-26,1.1322,0.04
2025-03-27,1.1388,0.58
2025-03-28,1.1339,-0.43
2025-03-31,1.1267,-0.63
2025-04-01,1.1282,0.13
2025-04-02,1.1273,-0.08
2025-04-03,1.1147,-1.12
2025-04-07,1.0298,-7.62
2025-04-08,1.031,0.12
2025-04-09,1.0425,1.12
2025-04-10,1.0599,1.67
2025-04-11,1.0702,0.97
2025-04-14,1.0737,0.33
2025-04-15,1.0686,-0.47
2025-04-16,1.0631,-0.51
2025-04-17,1.0654,0.22
2025-04-18,1.0652,-0.02
2025-04-21,1.0785,1.25
2025-04-22,1.0734,-0.47
2025-04-23,1.0802,0.63
2025-04-24,1.0763,-0.36
2025-04-25,1.0781,0.17
2025-04-28,1.0797,0.15
2025-04-29,1.0843,0.43
2025-04-30,1.0941,0.9
2025-05-06,1.1061,1.1
2025-05-07,1.1035,-0.24
2025-05-08,1.104,0.05
2025-05-09,1.0989,-0.46
2025-05-12,1.1112,1.12
2025-05-13,1.1101,-0.1
2025-05-14,1.1193,0.83
2025-05-15,1.1059,-1.2
2025-05-16,1.1045,-0.13
2025-05-19,1.1002,-0.39
2025-05-20,1.106,0.53
2025-05-21,1.1104,0.4
2025-05-22,1.1069,-0.32
2025-05-23,1.099,-0.71
2025-05-26,1.0953,-0.34
2025-05-27,1.087,-0.76
2025-05-28,1.0881,0.1
2025-05-29,1.0969,0.81
2025-05-30,1.0928,-0.37
2025-06-03,1.0989,0.56
2025-06-04,1.1026,0.34
2025-06-05,1.1069,0.39
2025-06-06,1.1104,0.32
2025-06-09,1.1146,0.38
2025-06-10,1.1088,-0.52
2025-06-11,1.1206,1.06
2025-06-12,1.1263,0.51
2025-06-13,1.1194,-0.61
2025-06-16,1.118,-0.13
2025-06-17,1.1154,-0.23
2025-06-18,1.1149,-0.04
2025-06-19,1.1061,-0.79
2025-06-20,1.1005,-0.51
2025-06-23,1.1009,0.04
2025-06-24,1.1195,1.69
2025-06-25,1.132,1.12
2025-06-26,1.129,-0.27
2025-06-27,1.1272,-0.16
2025-06-30,1.138,0.96
2025-07-01,1.1419,0.34
2025-07-02,1.1357,-0.54
2025-07-03,1.142,0.55
2025-07-04,1.1431,0.1
2025-07-07,1.1358,-0.64
2025-07-08,1.1494,1.2
2025-07-09,1.147,-0.21
2025-07-10,1.1499,0.25
2025-07-11,1.1548,0.43
2025-07-14,1.156,0.1
2025-07-15,1.1684,1.07
2025-07-16,1.1666,-0.15
2025-07-17,1.182,1.32
2025-07-18,1.1921,0.85
2025-07-21,1.2034,0.95
2025-07-22,1.2163,1.07
2025-07-23,1.2162,-0.01
2025-07-24,1.2308,1.2
2025-07-25,1.2274,-0.28
2025-07-28,1.2381,0.87
2025-07-29,1.2518,1.11
2025-07-30,1.2586,0.54
2025-07-31,1.2448,-1.1
2025-08-01,1.2299,-1.2
2025-08-04,1.2386,0.71
2025-08-05,1.2527,1.14
2025-08-06,1.2612,0.68
2025-08-07,1.26,-0.1
2025-08-08,1.2632,0.25
2025-08-11,1.2675,0.34
2025-08-12,1.2843,1.33
2025-08-13,1.3265,3.29
2025-08-14,1.3166,-0.75
2025-08-15,1.3381,1.63
2025-08-18,1.3394,0.1
2025-08-19,1.3494,0.75
2025-08-20,1.3583,0.66
2025-08-21,1.366,0.57
2025-08-22,1.3908,1.82
2025-08-25,1.4359,3.24
2025-08-26,1.4292,-0.47
2025-08-27,1.4182,-0.77
2025-08-28,1.4519,2.38
2025-08-29,1.48,1.94
2025-09-01,1.5206,2.74
2025-09-02,1.5023,-1.2
2025-09-03,1.4994,-0.19
2025-09-04,1.4344,-4.34
2025-09-05,1.4863,3.62
2025-09-08,1.4918,0.37
2025-09-09,1.4823,-0.64
2025-09-10,1.4911,0.59
2025-09-11,1.5416,3.39
2025-09-12,1.5438,0.14
2025-09-15,1.5388,-0.32
2025-09-16,1.5488,0.65
2025-09-17,1.5612,0.8
2025-09-18,1.5545,-0.43
2025-09-19,1.5629,0.54
2025-09-22,1.5709,0.51
2025-09-23,1.5752,0.27
2025-09-24,1.5877,0.79
2025-09-25,1.6047,1.07
2025-09-26,1.5903,-0.9
2025-09-29,1.6403,3.14
2025-09-30,1.6635,1.41
2025-10-09,1.6975,2.04
2025-10-10,1.6589,-2.27
2025-10-13,1.6551,-0.23
2025-10-14,1.5965,-3.54
2025-10-15,1.6305,2.13
2025-10-16,1.6201,-0.64
2025-10-17,1.574,-2.85
2025-10-20,1.5892,0.97
2025-10-21,1.6336,2.79
2025-10-22,1.6272,-0.39
2025-10-23,1.6241,-0.19
2025-10-24,1.6625,2.36
2025-10-27,1.6902,1.67
2025-10-28,1.6836,-0.39
2025-10-29,1.7254,2.48
2025-10-30,1.701,-1.41
2025-10-31,1.6779,-1.36
2025-11-03,1.6757,-0.13
2025-11-04,1.6386,-2.21
2025-11-05,1.648,0.57
2025-11-06,1.6825,2.09
2025-11-07,1.6868,0.26
2025-11-10,1.6769,-0.59
2025-11-11,1.6637,-0.79
2025-11-12,1.6656,0.11
2025-11-13,1.7133,2.86
2025-11-14,1.6779,-2.07
2025-11-17,1.668,-0.59
